address	type	name
EXTERNAL:00000001	Function	GDI32.DLL::GetStockObject
EXTERNAL:00000002	Function	GDI32.DLL::GetTextExtentPoint32A
EXTERNAL:00000003	Function	KERNEL32.DLL::GetModuleHandleA
EXTERNAL:00000004	Function	KERNEL32.DLL::GetProcAddress
EXTERNAL:00000005	Function	KERNEL32.DLL::GetSystemDirectoryA
EXTERNAL:00000006	Function	KERNEL32.DLL::GetVersion
EXTERNAL:00000007	Function	KERNEL32.DLL::GetWindowsDirectoryA
EXTERNAL:00000008	Function	KERNEL32.DLL::GlobalAlloc
EXTERNAL:00000009	Function	KERNEL32.DLL::GlobalFree
EXTERNAL:0000000a	Function	KERNEL32.DLL::GlobalHandle
EXTERNAL:0000000b	Function	KERNEL32.DLL::GlobalLock
EXTERNAL:0000000c	Function	KERNEL32.DLL::GlobalUnlock
EXTERNAL:0000000d	Function	KERNEL32.DLL::LocalAlloc
EXTERNAL:0000000e	Function	KERNEL32.DLL::LocalFree
EXTERNAL:0000000f	Function	KERNEL32.DLL::VirtualProtect
EXTERNAL:00000010	Function	KERNEL32.DLL::WriteProfileStringA
EXTERNAL:00000011	Function	KERNEL32.DLL::lstrcatA
EXTERNAL:00000012	Function	KERNEL32.DLL::lstrcpyA
EXTERNAL:00000013	Function	USER32.DLL::BeginPaint
EXTERNAL:00000014	Function	USER32.DLL::CheckMenuItem
EXTERNAL:00000015	Function	USER32.DLL::CreateWindowExA
EXTERNAL:00000016	Function	USER32.DLL::DefWindowProcA
EXTERNAL:00000017	Function	USER32.DLL::DestroyWindow
EXTERNAL:00000018	Function	USER32.DLL::DialogBoxParamA
EXTERNAL:00000019	Function	USER32.DLL::DispatchMessageA
EXTERNAL:0000001a	Function	USER32.DLL::EndDialog
EXTERNAL:0000001b	Function	USER32.DLL::EndPaint
EXTERNAL:0000001c	Function	USER32.DLL::GetCursorPos
EXTERNAL:0000001d	Function	USER32.DLL::GetDC
EXTERNAL:0000001e	Function	USER32.DLL::GetDlgItem
EXTERNAL:0000001f	Function	USER32.DLL::GetMenu
EXTERNAL:00000020	Function	USER32.DLL::GetMessageA
EXTERNAL:00000021	Function	USER32.DLL::GetSystemMetrics
EXTERNAL:00000022	Function	USER32.DLL::KillTimer
EXTERNAL:00000023	Function	USER32.DLL::LoadCursorA
EXTERNAL:00000024	Function	USER32.DLL::LoadIconA
EXTERNAL:00000025	Function	USER32.DLL::MapVirtualKeyA
EXTERNAL:00000026	Function	USER32.DLL::MessageBoxA
EXTERNAL:00000027	Function	USER32.DLL::PeekMessageA
EXTERNAL:00000028	Function	USER32.DLL::PostMessageA
EXTERNAL:00000029	Function	USER32.DLL::PostQuitMessage
EXTERNAL:0000002a	Function	USER32.DLL::RegisterClassA
EXTERNAL:0000002b	Function	USER32.DLL::ReleaseDC
EXTERNAL:0000002c	Function	USER32.DLL::SendMessageA
EXTERNAL:0000002d	Function	USER32.DLL::SetCursor
EXTERNAL:0000002e	Function	USER32.DLL::SetFocus
EXTERNAL:0000002f	Function	USER32.DLL::SetTimer
EXTERNAL:00000030	Function	USER32.DLL::SetWindowTextA
EXTERNAL:00000031	Function	USER32.DLL::ShowCursor
EXTERNAL:00000032	Function	USER32.DLL::ShowWindow
EXTERNAL:00000033	Function	USER32.DLL::TranslateMessage
EXTERNAL:00000034	Function	USER32.DLL::UnregisterClassA
EXTERNAL:00000035	Function	USER32.DLL::UpdateWindow
EXTERNAL:00000036	Function	USER32.DLL::WaitMessage
EXTERNAL:00000037	Function	USER32.DLL::GetActiveWindow
EXTERNAL:00000038	Function	USER32.DLL::wsprintfA
EXTERNAL:00000039	Function	KERNEL32.DLL::CloseHandle
EXTERNAL:0000003a	Function	KERNEL32.DLL::CreateDirectoryA
EXTERNAL:0000003b	Function	KERNEL32.DLL::CreateEventA
EXTERNAL:0000003c	Function	KERNEL32.DLL::CreateFileA
EXTERNAL:0000003d	Function	KERNEL32.DLL::CreateMutexA
EXTERNAL:0000003e	Function	KERNEL32.DLL::CreateThread
EXTERNAL:0000003f	Function	KERNEL32.DLL::DeleteFileA
EXTERNAL:00000040	Function	KERNEL32.DLL::DosDateTimeToFileTime
EXTERNAL:00000041	Function	KERNEL32.DLL::ExitProcess
EXTERNAL:00000042	Function	KERNEL32.DLL::ExitThread
EXTERNAL:00000043	Function	KERNEL32.DLL::FileTimeToDosDateTime
EXTERNAL:00000044	Function	KERNEL32.DLL::FileTimeToLocalFileTime
EXTERNAL:00000045	Function	KERNEL32.DLL::FindClose
EXTERNAL:00000046	Function	KERNEL32.DLL::FindFirstFileA
EXTERNAL:00000047	Function	KERNEL32.DLL::FindNextFileA
EXTERNAL:00000048	Function	KERNEL32.DLL::GetCommandLineA
EXTERNAL:00000049	Function	KERNEL32.DLL::GetConsoleMode
EXTERNAL:0000004a	Function	KERNEL32.DLL::GetCurrentDirectoryA
EXTERNAL:0000004b	Function	KERNEL32.DLL::GetCurrentProcessId
EXTERNAL:0000004c	Function	KERNEL32.DLL::GetCurrentThreadId
EXTERNAL:0000004d	Function	KERNEL32.DLL::GetCurrentThread
EXTERNAL:0000004e	Function	KERNEL32.DLL::GetDiskFreeSpaceA
EXTERNAL:0000004f	Function	KERNEL32.DLL::GetEnvironmentStrings
EXTERNAL:00000050	Function	KERNEL32.DLL::GetFileType
EXTERNAL:00000051	Function	KERNEL32.DLL::GetFullPathNameA
EXTERNAL:00000052	Function	KERNEL32.DLL::GetLastError
EXTERNAL:00000053	Function	KERNEL32.DLL::GetLocalTime
EXTERNAL:00000054	Function	KERNEL32.DLL::GetModuleFileNameA
EXTERNAL:00000055	Function	KERNEL32.DLL::GetModuleHandleA
EXTERNAL:00000056	Function	KERNEL32.DLL::GetProcAddress
EXTERNAL:00000057	Function	KERNEL32.DLL::GetStdHandle
EXTERNAL:00000058	Function	KERNEL32.DLL::GetTickCount
EXTERNAL:00000059	Function	KERNEL32.DLL::GetTimeZoneInformation
EXTERNAL:0000005a	Function	KERNEL32.DLL::GetVersion
EXTERNAL:0000005b	Function	KERNEL32.DLL::LoadLibraryA
EXTERNAL:0000005c	Function	KERNEL32.DLL::LocalAlloc
EXTERNAL:0000005d	Function	KERNEL32.DLL::LocalFileTimeToFileTime
EXTERNAL:0000005e	Function	KERNEL32.DLL::LocalFree
EXTERNAL:0000005f	Function	KERNEL32.DLL::PeekConsoleInputA
EXTERNAL:00000060	Function	KERNEL32.DLL::ReadConsoleInputA
EXTERNAL:00000061	Function	KERNEL32.DLL::ReadFile
EXTERNAL:00000062	Function	KERNEL32.DLL::ReleaseMutex
EXTERNAL:00000063	Function	KERNEL32.DLL::RemoveDirectoryA
EXTERNAL:00000064	Function	KERNEL32.DLL::SetConsoleMode
EXTERNAL:00000065	Function	KERNEL32.DLL::SetCurrentDirectoryA
EXTERNAL:00000066	Function	KERNEL32.DLL::SetEvent
EXTERNAL:00000067	Function	KERNEL32.DLL::SetFilePointer
EXTERNAL:00000068	Function	KERNEL32.DLL::SetStdHandle
EXTERNAL:00000069	Function	KERNEL32.DLL::TlsAlloc
EXTERNAL:0000006a	Function	KERNEL32.DLL::TlsFree
EXTERNAL:0000006b	Function	KERNEL32.DLL::TlsGetValue
EXTERNAL:0000006c	Function	KERNEL32.DLL::TlsSetValue
EXTERNAL:0000006d	Function	KERNEL32.DLL::WaitForSingleObject
EXTERNAL:0000006e	Function	KERNEL32.DLL::WriteConsoleA
EXTERNAL:0000006f	Function	KERNEL32.DLL::WriteFile
EXTERNAL:00000070	Function	COMDLG32.DLL::GetOpenFileNameA
EXTERNAL:00000071	Function	DSOUND.DLL::DirectSoundCreate
EXTERNAL:00000072	Function	DSOUND.DLL::DirectSoundEnumerateA
EXTERNAL:00000073	Function	MSACM32.DLL::acmMetrics
EXTERNAL:00000074	Function	SIMD_W95.DLL::SIMD_InitDriver
EXTERNAL:00000075	Function	SIMD_W95.DLL::SIMD_PlayTune
EXTERNAL:00000076	Function	SIMD_W95.DLL::SIMD_RemoveDriver
EXTERNAL:00000077	Function	SIMD_W95.DLL::SIMD_StopTune
EXTERNAL:00000078	Function	DDRAW.DLL::DirectDrawCreate
EXTERNAL:00000079	Function	WINMM.DLL::midiOutGetDevCapsA
EXTERNAL:0000007a	Function	WINMM.DLL::midiOutGetNumDevs
EXTERNAL:0000007b	Function	WINMM.DLL::mmioAdvance
EXTERNAL:0000007c	Function	WINMM.DLL::mmioAscend
EXTERNAL:0000007d	Function	WINMM.DLL::mmioClose
EXTERNAL:0000007e	Function	WINMM.DLL::mmioCreateChunk
EXTERNAL:0000007f	Function	WINMM.DLL::mmioDescend
EXTERNAL:00000080	Function	WINMM.DLL::mmioGetInfo
EXTERNAL:00000081	Function	WINMM.DLL::mmioOpenA
EXTERNAL:00000082	Function	WINMM.DLL::mmioRead
EXTERNAL:00000083	Function	WINMM.DLL::mmioSeek
EXTERNAL:00000084	Function	WINMM.DLL::mmioSetInfo
EXTERNAL:00000085	Function	WINMM.DLL::mmioWrite
EXTERNAL:00000086	Function	WINMM.DLL::timeGetTime
00000186	Label	DAT_00000186
0000023b	Label	SUB_0000023b
00400000	Label	IMAGE_DOS_HEADER_00400000
00400258	Label	DAT_00400258
00410000	Label	LAB_00410000
00410078	Function	FUN_00410078
0041007c	Function	FUN_0041007c
004100c9	Label	LAB_004100c9
00410167	Label	LAB_00410167
00410170	Label	LAB_00410170
0041017a	Label	LAB_0041017a
0041019e	Label	LAB_0041019e
0041020d	Label	LAB_0041020d
00410246	Label	LAB_00410246
0041025f	Label	LAB_0041025f
00410277	Label	LAB_00410277
00410281	Label	LAB_00410281
0041028b	Label	LAB_0041028b
004102a4	Label	LAB_004102a4
0041031d	Label	LAB_0041031d
004103e6	Label	LAB_004103e6
004103ef	Label	LAB_004103ef
004103f9	Label	LAB_004103f9
00410462	Label	LAB_00410462
00410483	Label	LAB_00410483
0041049f	Label	LAB_0041049f
004104f4	Label	LAB_004104f4
00410509	Label	LAB_00410509
0041051c	Label	LAB_0041051c
00410521	Label	LAB_00410521
00410545	Label	LAB_00410545
004105a6	Label	LAB_004105a6
0041064e	Label	LAB_0041064e
00410657	Label	LAB_00410657
00410661	Label	LAB_00410661
00410698	Label	LAB_00410698
004106c0	Label	LAB_004106c0
004106cf	Label	LAB_004106cf
00410755	Label	LAB_00410755
00410774	Label	LAB_00410774
00410779	Label	LAB_00410779
0041079c	Label	LAB_0041079c
004107a6	Label	LAB_004107a6
004107be	Label	LAB_004107be
004107cc	Label	LAB_004107cc
00410803	Label	LAB_00410803
0041081a	Label	LAB_0041081a
0041083f	Label	LAB_0041083f
0041088f	Label	LAB_0041088f
004108d0	Label	LAB_004108d0
004108e1	Label	LAB_004108e1
004108eb	Label	LAB_004108eb
004108fa	Label	LAB_004108fa
00410934	Label	LAB_00410934
00410988	Label	LAB_00410988
004109bc	Label	LAB_004109bc
004109c1	Label	LAB_004109c1
00410a48	Function	FUN_00410a48
00410aa0	Label	LAB_00410aa0
00410ab6	Label	LAB_00410ab6
00410ac9	Label	LAB_00410ac9
00410af0	Label	LAB_00410af0
00410b18	Label	LAB_00410b18
00410b35	Label	LAB_00410b35
00410b4b	Label	LAB_00410b4b
00410b79	Label	LAB_00410b79
00410c8c	Label	LAB_00410c8c
00410ca2	Label	LAB_00410ca2
00410cd1	Label	LAB_00410cd1
00410cf3	Label	LAB_00410cf3
00410d09	Label	LAB_00410d09
00410fb2	Label	LAB_00410fb2
00410fc7	Label	LAB_00410fc7
00410fdf	Label	LAB_00410fdf
00411008	Label	LAB_00411008
00411020	Label	LAB_00411020
00411049	Label	LAB_00411049
00411061	Label	LAB_00411061
0041108a	Label	LAB_0041108a
004110a2	Label	LAB_004110a2
004110cb	Label	LAB_004110cb
004110e3	Label	LAB_004110e3
0041110c	Label	LAB_0041110c
00411124	Label	LAB_00411124
0041114d	Label	LAB_0041114d
00411165	Label	LAB_00411165
0041118e	Label	LAB_0041118e
004111a6	Label	LAB_004111a6
004111cf	Label	LAB_004111cf
004111e7	Label	LAB_004111e7
00411210	Label	LAB_00411210
00411228	Label	LAB_00411228
00411251	Label	LAB_00411251
00411269	Label	LAB_00411269
00411292	Label	LAB_00411292
004112aa	Label	LAB_004112aa
004112d3	Label	LAB_004112d3
004112eb	Label	LAB_004112eb
00411314	Label	LAB_00411314
0041132c	Label	LAB_0041132c
00411355	Label	LAB_00411355
0041136d	Label	LAB_0041136d
00411396	Label	LAB_00411396
004113ae	Label	LAB_004113ae
004113d7	Label	LAB_004113d7
004113ef	Label	LAB_004113ef
00411418	Label	LAB_00411418
00411430	Label	LAB_00411430
00411459	Label	LAB_00411459
00411471	Label	LAB_00411471
0041149a	Label	LAB_0041149a
004114b2	Label	LAB_004114b2
004114db	Label	LAB_004114db
004114f3	Label	LAB_004114f3
0041151c	Label	LAB_0041151c
00411534	Label	LAB_00411534
0041155d	Label	LAB_0041155d
00411575	Label	LAB_00411575
0041159e	Label	LAB_0041159e
004115b6	Label	LAB_004115b6
004115df	Label	LAB_004115df
004115f7	Label	LAB_004115f7
00411620	Label	LAB_00411620
00411638	Label	LAB_00411638
00411661	Label	LAB_00411661
00411679	Label	LAB_00411679
004116a2	Label	LAB_004116a2
004116ba	Label	LAB_004116ba
004116e3	Label	LAB_004116e3
004116fb	Label	LAB_004116fb
00411724	Label	LAB_00411724
0041173c	Label	LAB_0041173c
00411765	Label	LAB_00411765
0041177d	Label	LAB_0041177d
004117a6	Label	LAB_004117a6
004117be	Label	LAB_004117be
004117e7	Label	LAB_004117e7
004117ff	Label	LAB_004117ff
00411828	Label	LAB_00411828
00411840	Label	LAB_00411840
00411869	Label	LAB_00411869
00411881	Label	LAB_00411881
004118aa	Label	LAB_004118aa
004118c2	Label	LAB_004118c2
004118eb	Label	LAB_004118eb
00411903	Label	LAB_00411903
0041192c	Label	LAB_0041192c
00411944	Label	LAB_00411944
0041196d	Label	LAB_0041196d
00411985	Label	LAB_00411985
004119ae	Label	LAB_004119ae
004119c6	Label	LAB_004119c6
004119ef	Label	LAB_004119ef
00411a07	Label	LAB_00411a07
00411a30	Label	LAB_00411a30
00411a48	Label	LAB_00411a48
00411a71	Label	LAB_00411a71
00411a89	Label	LAB_00411a89
00411ab2	Label	LAB_00411ab2
00411aca	Label	LAB_00411aca
00411af3	Label	LAB_00411af3
00411b0b	Label	LAB_00411b0b
00411b34	Label	LAB_00411b34
00411b4c	Label	LAB_00411b4c
00411b75	Label	LAB_00411b75
00411b8d	Label	LAB_00411b8d
00411bb6	Label	LAB_00411bb6
00411bce	Label	LAB_00411bce
00411bf7	Label	LAB_00411bf7
00411c0f	Label	LAB_00411c0f
00411c38	Label	LAB_00411c38
00411c50	Label	LAB_00411c50
00411c79	Label	LAB_00411c79
00411c91	Label	LAB_00411c91
00411cba	Label	LAB_00411cba
00411cd2	Label	LAB_00411cd2
00411cfb	Label	LAB_00411cfb
00411d13	Label	LAB_00411d13
00411d3c	Label	LAB_00411d3c
00411d54	Label	LAB_00411d54
00411d7d	Label	LAB_00411d7d
00411d95	Label	LAB_00411d95
00411dbe	Label	LAB_00411dbe
00411dd6	Label	LAB_00411dd6
00411dff	Label	LAB_00411dff
00411e17	Label	LAB_00411e17
00411e40	Label	LAB_00411e40
00411e58	Label	LAB_00411e58
00411e81	Label	LAB_00411e81
00411e99	Label	LAB_00411e99
00411ec2	Label	LAB_00411ec2
00411eda	Label	LAB_00411eda
00411f03	Label	LAB_00411f03
00411f1b	Label	LAB_00411f1b
00411f44	Label	LAB_00411f44
00411f5c	Label	LAB_00411f5c
00411f85	Label	LAB_00411f85
00411f9d	Label	LAB_00411f9d
00411fc6	Label	LAB_00411fc6
00411fde	Label	LAB_00411fde
00412007	Label	LAB_00412007
0041201f	Label	LAB_0041201f
00412048	Label	LAB_00412048
00412060	Label	LAB_00412060
00412089	Label	LAB_00412089
004120a1	Label	LAB_004120a1
004120ca	Label	LAB_004120ca
004120e2	Label	LAB_004120e2
0041210b	Label	LAB_0041210b
00412123	Label	LAB_00412123
0041214c	Label	LAB_0041214c
00412164	Label	LAB_00412164
0041218d	Label	LAB_0041218d
004121a5	Label	LAB_004121a5
004121ce	Label	LAB_004121ce
004121e6	Label	LAB_004121e6
0041220f	Label	LAB_0041220f
00412227	Label	LAB_00412227
00412250	Label	LAB_00412250
00412268	Label	LAB_00412268
00412291	Label	LAB_00412291
004122a9	Label	LAB_004122a9
004122d2	Label	LAB_004122d2
004122ea	Label	LAB_004122ea
00412313	Label	LAB_00412313
0041232b	Label	LAB_0041232b
00412354	Label	LAB_00412354
0041236c	Label	LAB_0041236c
00412395	Label	LAB_00412395
004123ad	Label	LAB_004123ad
004123d6	Label	LAB_004123d6
004123ee	Label	LAB_004123ee
00412417	Label	LAB_00412417
0041242f	Label	LAB_0041242f
00412458	Label	LAB_00412458
00412470	Label	LAB_00412470
00412499	Label	LAB_00412499
004124b1	Label	LAB_004124b1
004124da	Label	LAB_004124da
004124f2	Label	LAB_004124f2
0041251b	Label	LAB_0041251b
00412533	Label	LAB_00412533
0041255c	Label	LAB_0041255c
00412574	Label	LAB_00412574
0041259d	Label	LAB_0041259d
004125b5	Label	LAB_004125b5
004125de	Label	LAB_004125de
004125f6	Label	LAB_004125f6
0041261f	Label	LAB_0041261f
00412637	Label	LAB_00412637
00412660	Label	LAB_00412660
00412678	Label	LAB_00412678
004126a1	Label	LAB_004126a1
004126b9	Label	LAB_004126b9
004126e2	Label	LAB_004126e2
004126fa	Label	LAB_004126fa
00412723	Label	LAB_00412723
0041273b	Label	LAB_0041273b
00412764	Label	LAB_00412764
0041277c	Label	LAB_0041277c
004127a5	Label	LAB_004127a5
004127bd	Label	LAB_004127bd
004127e6	Label	LAB_004127e6
004127fe	Label	LAB_004127fe
00412827	Label	LAB_00412827
0041283f	Label	LAB_0041283f
00412868	Label	LAB_00412868
00412880	Label	LAB_00412880
004128a9	Label	LAB_004128a9
004128c1	Label	LAB_004128c1
004128ea	Label	LAB_004128ea
00412902	Label	LAB_00412902
0041292b	Label	LAB_0041292b
00412943	Label	LAB_00412943
0041296c	Label	LAB_0041296c
00412984	Label	LAB_00412984
004129ad	Label	LAB_004129ad
004129c5	Label	LAB_004129c5
004129ee	Label	LAB_004129ee
00412a06	Label	LAB_00412a06
00412a2f	Label	LAB_00412a2f
00412a47	Label	LAB_00412a47
00412a70	Label	LAB_00412a70
00412a88	Label	LAB_00412a88
00412ab1	Label	LAB_00412ab1
00412ac9	Label	LAB_00412ac9
00412af2	Label	LAB_00412af2
00412b0a	Label	LAB_00412b0a
00412b33	Label	LAB_00412b33
00412b4b	Label	LAB_00412b4b
00412b74	Label	LAB_00412b74
00412b8c	Label	LAB_00412b8c
00412bb5	Label	LAB_00412bb5
00412bcd	Label	LAB_00412bcd
00412bf6	Label	LAB_00412bf6
00412c0e	Label	LAB_00412c0e
00412c37	Label	LAB_00412c37
00412c4f	Label	LAB_00412c4f
00412c78	Label	LAB_00412c78
00412c90	Label	LAB_00412c90
00412cb9	Label	LAB_00412cb9
00412cd1	Label	LAB_00412cd1
00412cfa	Label	LAB_00412cfa
00412d12	Label	LAB_00412d12
00412d3b	Label	LAB_00412d3b
00412d53	Label	LAB_00412d53
00412d7c	Label	LAB_00412d7c
00412d94	Label	LAB_00412d94
00412dbd	Label	LAB_00412dbd
00412dd5	Label	LAB_00412dd5
00412dfe	Label	LAB_00412dfe
00412e16	Label	LAB_00412e16
00412e3f	Label	LAB_00412e3f
00412e57	Label	LAB_00412e57
00412e80	Label	LAB_00412e80
00412e98	Label	LAB_00412e98
00412ec1	Label	LAB_00412ec1
00412ed9	Label	LAB_00412ed9
00412f02	Label	LAB_00412f02
00412f1a	Label	LAB_00412f1a
00412f43	Label	LAB_00412f43
00412f5b	Label	LAB_00412f5b
00412f84	Label	LAB_00412f84
00412f9c	Label	LAB_00412f9c
00412fc5	Label	LAB_00412fc5
00412fdd	Label	LAB_00412fdd
00413006	Label	LAB_00413006
0041301e	Label	LAB_0041301e
0041304f	Label	LAB_0041304f
00413067	Label	LAB_00413067
0041308d	Label	LAB_0041308d
004130a5	Label	LAB_004130a5
004130cb	Label	LAB_004130cb
004130e3	Label	LAB_004130e3
00413109	Label	LAB_00413109
00413121	Label	LAB_00413121
0041314b	Label	LAB_0041314b
00413163	Label	LAB_00413163
00413189	Label	LAB_00413189
004131a1	Label	LAB_004131a1
004131c7	Label	LAB_004131c7
004131df	Label	LAB_004131df
00413205	Label	LAB_00413205
0041321d	Label	LAB_0041321d
00413247	Label	LAB_00413247
0041325f	Label	LAB_0041325f
00413285	Label	LAB_00413285
0041329d	Label	LAB_0041329d
004132c3	Label	LAB_004132c3
004132db	Label	LAB_004132db
0041330d	Label	LAB_0041330d
0041341a	Label	LAB_0041341a
00413567	Label	LAB_00413567
00413591	Label	LAB_00413591
004135bb	Label	LAB_004135bb
00413837	Label	LAB_00413837
00413a92	Label	LAB_00413a92
00413c86	Label	LAB_00413c86
00413cb0	Label	LAB_00413cb0
00413d12	Label	LAB_00413d12
00413d58	Label	LAB_00413d58
00413d8c	Label	switchD_00413e03::switchdataD_00413d8c
00413d94	Label	PTR_caseD_2_00413d94
00413da4	Function	FUN_00413da4
00413e03	Label	switchD_00413e03::switchD
00413e0b	Label	switchD_00413e03::caseD_5
00413e15	Label	switchD_00413e03::caseD_4
00413e28	Label	switchD_00413e03::caseD_3
00413e32	Label	switchD_00413e03::caseD_2
00413e67	Label	switchD_00413e03::caseD_0
00413e67	Label	switchD_00413e03::caseD_1
00413e88	Function	FUN_00413e88
00413ea4	Function	FUN_00413ea4
00413ec7	Label	LAB_00413ec7
00413edf	Label	LAB_00413edf
004142b5	Label	LAB_004142b5
004142b8	Function	FUN_004142b8
004142d0	Label	LAB_004142d0
004142e4	Function	FUN_004142e4
0041430f	Label	LAB_0041430f
00414327	Label	LAB_00414327
0041433d	Label	LAB_0041433d
00414355	Label	LAB_00414355
00414388	Label	LAB_00414388
004143a0	Label	LAB_004143a0
004143be	Label	LAB_004143be
004143d6	Label	LAB_004143d6
004143dc	Label	LAB_004143dc
004143f3	Label	LAB_004143f3
0041440b	Label	LAB_0041440b
00414411	Label	LAB_00414411
00414428	Label	LAB_00414428
00414440	Label	LAB_00414440
00414446	Label	LAB_00414446
0041445d	Label	LAB_0041445d
00414475	Label	LAB_00414475
00414478	Label	LAB_00414478
0041448f	Label	LAB_0041448f
004144a7	Label	LAB_004144a7
004144aa	Label	LAB_004144aa
004144b6	Label	LAB_004144b6
004144bb	Label	LAB_004144bb
004144c0	Label	LAB_004144c0
004144ec	Label	LAB_004144ec
0041454a	Label	LAB_0041454a
00414580	Label	LAB_00414580
00414599	Label	LAB_00414599
00414617	Label	LAB_00414617
0041462a	Label	LAB_0041462a
00414636	Label	LAB_00414636
00414656	Label	LAB_00414656
00414662	Label	LAB_00414662
00414673	Label	LAB_00414673
0041467c	Label	LAB_0041467c
00414681	Label	LAB_00414681
00414690	Function	FUN_00414690
0041469b	Label	LAB_0041469b
004146af	Label	LAB_004146af
004146b3	Label	LAB_004146b3
004146b8	Label	LAB_004146b8
004146c0	Function	FUN_004146c0
004146e1	Label	LAB_004146e1
004146f8	Label	LAB_004146f8
00414739	Label	LAB_00414739
00414761	Label	LAB_00414761
004147a2	Label	LAB_004147a2
004147c8	Label	LAB_004147c8
004147cd	Label	LAB_004147cd
004147cf	Label	LAB_004147cf
004147d4	Label	LAB_004147d4
004147dc	Function	FUN_004147dc
00414811	Label	LAB_00414811
00414833	Label	LAB_00414833
00414863	Label	LAB_00414863
00414885	Label	LAB_00414885
004148a7	Label	LAB_004148a7
004148ac	Function	FUN_004148ac
004148d8	Label	LAB_004148d8
004148fa	Label	LAB_004148fa
00414918	Label	LAB_00414918
00414998	Function	FUN_00414998
004149ad	Label	LAB_004149ad
004149f8	Label	LAB_004149f8
00414a8e	Label	LAB_00414a8e
00414a94	Function	FUN_00414a94
00414ab2	Label	LAB_00414ab2
00414abd	Label	LAB_00414abd
00414afa	Label	LAB_00414afa
00414b18	Label	LAB_00414b18
00414b24	Function	FUN_00414b24
00414b3b	Label	LAB_00414b3b
00414b53	Label	LAB_00414b53
00414b5d	Label	LAB_00414b5d
00414bac	Label	LAB_00414bac
00414c4d	Label	LAB_00414c4d
00414c62	Label	LAB_00414c62
00414c69	Label	LAB_00414c69
00414c70	Label	LAB_00414c70
00414c77	Label	LAB_00414c77
00414c7e	Label	LAB_00414c7e
00414c83	Label	LAB_00414c83
00414cca	Label	LAB_00414cca
00414d27	Label	LAB_00414d27
00414d49	Label	LAB_00414d49
00414d50	Label	LAB_00414d50
00414d52	Label	LAB_00414d52
00414d84	Label	LAB_00414d84
00414dc3	Label	LAB_00414dc3
00414dda	Label	LAB_00414dda
00414ddf	Label	LAB_00414ddf
00414e15	Label	LAB_00414e15
00414e43	Label	LAB_00414e43
00414e5c	Function	FUN_00414e5c
00414e68	Function	FUN_00414e68
00414e7a	Label	LAB_00414e7a
00414e88	Label	LAB_00414e88
00414e9b	Label	LAB_00414e9b
00414ea9	Label	LAB_00414ea9
00414eba	Label	LAB_00414eba
00414ecb	Label	LAB_00414ecb
00414ee2	Label	LAB_00414ee2
00414f00	Label	PTR_LAB_00414f00
00414f04	Label	PTR_LAB_00414f04
00414f40	Function	FUN_00414f40
00415046	Label	LAB_00415046
0041504a	Label	LAB_0041504a
00415173	Label	LAB_00415173
00415189	Label	LAB_00415189
00415196	Label	LAB_00415196
004151a5	Label	LAB_004151a5
004151b5	Label	LAB_004151b5
004151c4	Label	LAB_004151c4
004151d7	Label	LAB_004151d7
004151e7	Label	LAB_004151e7
004151fa	Label	LAB_004151fa
0041520a	Label	LAB_0041520a
00415216	Label	LAB_00415216
00415223	Label	LAB_00415223
00415232	Label	LAB_00415232
0041523f	Label	LAB_0041523f
0041524f	Label	LAB_0041524f
0041525c	Label	LAB_0041525c
0041526c	Label	LAB_0041526c
00415273	Label	LAB_00415273
00415277	Label	LAB_00415277
0041528b	Label	LAB_0041528b
0041528d	Label	LAB_0041528d
004152b5	Label	LAB_004152b5
004152d2	Label	LAB_004152d2
004152de	Label	LAB_004152de
004152f4	Label	LAB_004152f4
004152ff	Label	LAB_004152ff
00415327	Label	LAB_00415327
00415363	Label	LAB_00415363
00415365	Label	LAB_00415365
00415391	Label	LAB_00415391
0041539e	Label	LAB_0041539e
004153a0	Label	LAB_004153a0
004153d4	Label	LAB_004153d4
004153f3	Label	LAB_004153f3
004153fe	Label	LAB_004153fe
0041541f	Label	LAB_0041541f
0041545d	Label	LAB_0041545d
004154ab	Label	LAB_004154ab
0041551a	Label	LAB_0041551a
00415b78	Function	FUN_00415b78
00415b9d	Label	LAB_00415b9d
00415ba4	Label	LAB_00415ba4
00415bab	Label	LAB_00415bab
00415bc5	Label	LAB_00415bc5
00415bce	Label	LAB_00415bce
00415bdf	Label	LAB_00415bdf
00415c04	Function	FUN_00415c04
00415c37	Label	LAB_00415c37
00415c4c	Label	LAB_00415c4c
00415c54	Label	LAB_00415c54
00415c61	Label	LAB_00415c61
00415c68	Function	FUN_00415c68
00415c90	Label	LAB_00415c90
00415c9c	Label	LAB_00415c9c
00415ca8	Label	LAB_00415ca8
00415cc2	Label	LAB_00415cc2
00415ccb	Label	LAB_00415ccb
00415ce0	Label	LAB_00415ce0
00415d16	Label	LAB_00415d16
00415d24	Label	switchD_004162c8::switchdataD_00415d24
00415d38	Label	PTR_caseD_5_00415d38
00415d40	Function	FUN_00415d40
00415dbf	Label	LAB_00415dbf
00415de6	Label	LAB_00415de6
00415e5d	Label	LAB_00415e5d
00415e67	Label	LAB_00415e67
00415ea5	Label	LAB_00415ea5
00415eaa	Label	LAB_00415eaa
00415ecd	Label	LAB_00415ecd
00415ef1	Label	LAB_00415ef1
00415f16	Label	LAB_00415f16
00415f3b	Label	LAB_00415f3b
00415f60	Label	LAB_00415f60
00415f85	Label	LAB_00415f85
00415faa	Label	LAB_00415faa
00415fcf	Label	LAB_00415fcf
00415ff4	Label	LAB_00415ff4
00416019	Label	LAB_00416019
00416022	Label	LAB_00416022
00416035	Label	LAB_00416035
00416050	Label	LAB_00416050
0041606b	Label	LAB_0041606b
00416086	Label	LAB_00416086
004160a1	Label	LAB_004160a1
004160b9	Label	LAB_004160b9
004160cd	Label	LAB_004160cd
004160e1	Label	LAB_004160e1
004160f5	Label	LAB_004160f5
00416107	Label	LAB_00416107
00416112	Label	LAB_00416112
0041612f	Label	LAB_0041612f
00416140	Label	LAB_00416140
00416165	Label	LAB_00416165
00416190	Label	LAB_00416190
004161bd	Label	LAB_004161bd
004161c5	Label	LAB_004161c5
004161f0	Label	LAB_004161f0
00416210	Label	LAB_00416210
00416221	Label	LAB_00416221
00416250	Label	LAB_00416250
00416255	Label	LAB_00416255
0041626b	Label	LAB_0041626b
004162b0	Label	LAB_004162b0
004162b5	Label	LAB_004162b5
004162c8	Label	switchD_004162c8::switchD
004162d0	Label	switchD_004162c8::caseD_0
004162e4	Label	switchD_004162c8::caseD_1
004162fc	Label	switchD_004162c8::caseD_3
00416308	Label	LAB_00416308
00416329	Label	LAB_00416329
0041632e	Label	LAB_0041632e
00416333	Label	LAB_00416333
0041633d	Label	switchD_004162c8::caseD_4
00416349	Label	LAB_00416349
0041636a	Label	LAB_0041636a
0041636f	Label	LAB_0041636f
00416374	Label	LAB_00416374
0041637e	Label	switchD_004162c8::caseD_6
0041638a	Label	switchD_004162c8::caseD_2
0041639f	Label	switchD_004162c8::caseD_5
004163bc	Label	LAB_004163bc
004163cd	Label	LAB_004163cd
004163fe	Label	LAB_004163fe
00416411	Label	LAB_00416411
00416421	Label	LAB_00416421
00416432	Label	LAB_00416432
0041643c	Function	FUN_0041643c
0041646d	Label	LAB_0041646d
00416484	Label	LAB_00416484
0041648b	Label	LAB_0041648b
004164a7	Label	LAB_004164a7
004164be	Label	LAB_004164be
00416ba8	Function	FUN_00416ba8
00416cb4	Function	FUN_00416cb4
004171b8	Function	FUN_004171b8
004171d9	Label	LAB_004171d9
004171e2	Label	LAB_004171e2
004171f7	Label	LAB_004171f7
00417217	Label	LAB_00417217
00417220	Label	LAB_00417220
00417234	Label	LAB_00417234
00417248	Function	FUN_00417248
00417261	Label	LAB_00417261
00417275	Label	LAB_00417275
0041729a	Label	LAB_0041729a
004172af	Label	LAB_004172af
004172c0	Label	LAB_004172c0
004172d1	Label	LAB_004172d1
004172eb	Label	LAB_004172eb
00417308	Function	FUN_00417308
00417321	Label	LAB_00417321
0041732f	Label	LAB_0041732f
00417348	Label	LAB_00417348
0041735d	Label	LAB_0041735d
0041736e	Label	LAB_0041736e
00417385	Label	LAB_00417385
004173ad	Label	LAB_004173ad
004173c8	Function	FUN_004173c8
004173e9	Label	LAB_004173e9
004173f2	Label	LAB_004173f2
00417407	Label	LAB_00417407
00417429	Label	LAB_00417429
00417432	Label	LAB_00417432
00417446	Label	LAB_00417446
0041760c	Function	FUN_0041760c
0041766e	Label	LAB_0041766e
00417684	Label	LAB_00417684
00417689	Label	LAB_00417689
004176a6	Label	LAB_004176a6
004176c7	Label	LAB_004176c7
004176cd	Label	LAB_004176cd
004177b9	Label	LAB_004177b9
004177e1	Label	LAB_004177e1
004177eb	Label	LAB_004177eb
00417846	Label	LAB_00417846
00417852	Label	LAB_00417852
00417862	Label	LAB_00417862
00417885	Label	LAB_00417885
00417891	Label	LAB_00417891
004178b7	Label	LAB_004178b7
004178bb	Label	LAB_004178bb
004178e5	Label	LAB_004178e5
00417933	Label	LAB_00417933
0041793f	Label	LAB_0041793f
0041794d	Label	LAB_0041794d
0041795e	Label	LAB_0041795e
00417962	Label	LAB_00417962
00417994	Label	LAB_00417994
004179ec	Label	LAB_004179ec
004179f8	Label	LAB_004179f8
00417a07	Label	LAB_00417a07
00417a32	Label	LAB_00417a32
00417a3e	Label	LAB_00417a3e
00417a61	Label	LAB_00417a61
00417a97	Label	LAB_00417a97
00417aa7	Label	LAB_00417aa7
00417ab6	Label	LAB_00417ab6
00417ac9	Label	LAB_00417ac9
00417adf	Label	LAB_00417adf
00417ae4	Label	LAB_00417ae4
00417b03	Label	LAB_00417b03
00417b0f	Label	LAB_00417b0f
00417b20	Function	FUN_00417b20
00417b59	Label	LAB_00417b59
00417b5e	Label	LAB_00417b5e
00417b7b	Label	LAB_00417b7b
00417b9c	Label	LAB_00417b9c
00417ba2	Label	LAB_00417ba2
00417bcd	Label	LAB_00417bcd
00417bd2	Label	LAB_00417bd2
00417c15	Label	LAB_00417c15
00417c38	Label	LAB_00417c38
00417c66	Label	LAB_00417c66
00417c72	Label	LAB_00417c72
00417ca8	Label	LAB_00417ca8
00417cae	Label	LAB_00417cae
00417cba	Label	LAB_00417cba
00417ccb	Label	LAB_00417ccb
00417ced	Label	LAB_00417ced
00417d03	Label	LAB_00417d03
00417d08	Label	LAB_00417d08
00417d25	Label	LAB_00417d25
00417d31	Label	LAB_00417d31
00418134	Function	FUN_00418134
00418172	Label	LAB_00418172
00418187	Label	LAB_00418187
004181b2	Label	LAB_004181b2
004181b8	Label	LAB_004181b8
0041821f	Label	LAB_0041821f
00418225	Label	LAB_00418225
00418253	Label	LAB_00418253
00418259	Label	LAB_00418259
00418267	Label	LAB_00418267
0041827d	Label	LAB_0041827d
004182a0	Label	LAB_004182a0
004182a4	Label	LAB_004182a4
004182d8	Label	LAB_004182d8
004182ed	Label	LAB_004182ed
00418310	Label	LAB_00418310
0041831c	Function	FUN_0041831c
00418351	Label	LAB_00418351
0041837c	Label	LAB_0041837c
00418382	Label	LAB_00418382
004183c4	Label	LAB_004183c4
004183ca	Label	LAB_004183ca
004183e2	Label	LAB_004183e2
004183e8	Label	LAB_004183e8
004183f6	Label	LAB_004183f6
0041840b	Label	LAB_0041840b
00418436	Label	LAB_00418436
00418458	Label	LAB_00418458
0041847b	Label	LAB_0041847b
00418484	Function	FUN_00418484
004184a3	Label	LAB_004184a3
004184ea	Label	LAB_004184ea
00418503	Label	LAB_00418503
00418508	Label	LAB_00418508
00418514	Function	FUN_00418514
00418555	Label	LAB_00418555
00418575	Label	LAB_00418575
0041868c	Function	FUN_0041868c
004186d3	Label	LAB_004186d3
004186ef	Label	LAB_004186ef
00418770	Function	FUN_00418770
004187af	Label	LAB_004187af
004187c3	Label	LAB_004187c3
004187ed	Label	LAB_004187ed
004187f3	Label	LAB_004187f3
00418814	Label	LAB_00418814
00418823	Label	LAB_00418823
004188aa	Label	LAB_004188aa
004188ac	Label	LAB_004188ac
004188cf	Label	LAB_004188cf
004188d5	Label	LAB_004188d5
004188fb	Label	LAB_004188fb
00418901	Label	LAB_00418901
00418927	Label	LAB_00418927
0041892e	Label	LAB_0041892e
00418930	Label	LAB_00418930
00418951	Label	LAB_00418951
00418977	Label	LAB_00418977
0041897d	Label	LAB_0041897d
0041899d	Label	LAB_0041899d
004189c5	Label	LAB_004189c5
004189d9	Label	LAB_004189d9
004189fc	Label	LAB_004189fc
00418a04	Function	FUN_00418a04
00418a7c	Label	LAB_00418a7c
00418a82	Label	LAB_00418a82
00418ad0	Label	LAB_00418ad0
00418ad4	Label	LAB_00418ad4
00418ade	Label	LAB_00418ade
00418aee	Label	LAB_00418aee
00418b00	Function	FUN_00418b00
00418b4d	Label	LAB_00418b4d
00418b53	Label	LAB_00418b53
00418b86	Label	LAB_00418b86
00418b8a	Label	LAB_00418b8a
00418b94	Label	LAB_00418b94
00418b98	Function	FUN_00418b98
00418bde	Label	LAB_00418bde
00418c08	Label	LAB_00418c08
00418c0e	Label	LAB_00418c0e
00418c3f	Label	LAB_00418c3f
00418c44	Label	LAB_00418c44
00418ca1	Label	LAB_00418ca1
00418ca3	Label	LAB_00418ca3
00418ccc	Label	LAB_00418ccc
00418cd2	Label	LAB_00418cd2
00418cf6	Label	LAB_00418cf6
00418cfd	Label	LAB_00418cfd
00418cff	Label	LAB_00418cff
00418d26	Label	LAB_00418d26
00418d48	Label	LAB_00418d48
00418d70	Label	LAB_00418d70
00418d90	Label	LAB_00418d90
00418db3	Label	LAB_00418db3
0041929c	Function	FUN_0041929c
004192aa	Label	LAB_004192aa
004192b7	Label	LAB_004192b7
004192c4	Label	LAB_004192c4
004192d1	Label	LAB_004192d1
004192de	Label	LAB_004192de
004192eb	Label	LAB_004192eb
004192f8	Label	LAB_004192f8
00419305	Label	LAB_00419305
00419313	Label	LAB_00419313
00419319	Label	LAB_00419319
00419326	Label	LAB_00419326
00419334	Label	LAB_00419334
0041933a	Label	LAB_0041933a
00419348	Label	LAB_00419348
0041934e	Label	LAB_0041934e
0041935c	Label	LAB_0041935c
00419362	Label	LAB_00419362
0041936f	Label	LAB_0041936f
0041937d	Label	LAB_0041937d
00419383	Label	LAB_00419383
00419390	Label	LAB_00419390
0041939d	Label	LAB_0041939d
004193aa	Label	LAB_004193aa
004193b7	Label	LAB_004193b7
004193c4	Label	LAB_004193c4
004193d1	Label	LAB_004193d1
004193de	Label	LAB_004193de
004193eb	Label	LAB_004193eb
004193f8	Label	LAB_004193f8
00419405	Label	LAB_00419405
00419412	Label	LAB_00419412
0041941f	Label	LAB_0041941f
0041942c	Label	LAB_0041942c
00419439	Label	LAB_00419439
00419446	Label	LAB_00419446
00419453	Label	LAB_00419453
00419460	Label	LAB_00419460
0041946d	Label	LAB_0041946d
0041947a	Label	LAB_0041947a
00419487	Label	LAB_00419487
00419494	Label	LAB_00419494
004194a1	Label	LAB_004194a1
004194a8	Function	FUN_004194a8
004194d5	Label	LAB_004194d5
00419514	Label	LAB_00419514
004195a7	Label	LAB_004195a7
004195ad	Label	LAB_004195ad
004195cc	Label	LAB_004195cc
00419608	Label	LAB_00419608
0041960e	Label	LAB_0041960e
00419637	Label	LAB_00419637
0041963e	Label	LAB_0041963e
00419657	Label	LAB_00419657
0041967c	Label	LAB_0041967c
00419680	Label	LAB_00419680
004196c8	Label	LAB_004196c8
004196ce	Label	LAB_004196ce
00419715	Label	LAB_00419715
00419749	Label	LAB_00419749
0041975e	Label	LAB_0041975e
0041977b	Label	LAB_0041977b
004197a1	Label	LAB_004197a1
004197a8	Label	LAB_004197a8
004197b6	Label	LAB_004197b6
004197e0	Label	LAB_004197e0
00419815	Label	LAB_00419815
0041981b	Label	LAB_0041981b
0041984d	Label	LAB_0041984d
00419872	Label	LAB_00419872
0041987c	Function	FUN_0041987c
004198bc	Label	LAB_004198bc
004198e7	Label	LAB_004198e7
004198ed	Label	LAB_004198ed
00419923	Label	LAB_00419923
00419933	Label	LAB_00419933
004199aa	Label	LAB_004199aa
004199db	Label	LAB_004199db
00419a0a	Label	LAB_00419a0a
00419a0c	Label	LAB_00419a0c
00419a3c	Label	LAB_00419a3c
00419a40	Label	LAB_00419a40
00419a8c	Label	LAB_00419a8c
00419aad	Label	LAB_00419aad
00419ad1	Label	LAB_00419ad1
00419af4	Function	FUN_00419af4
00419b6a	Label	LAB_00419b6a
00419b82	Label	LAB_00419b82
00419bb0	Label	LAB_00419bb0
00419bb9	Label	LAB_00419bb9
00419bf6	Label	LAB_00419bf6
0041a1fe	Label	LAB_0041a1fe
0041a242	Label	LAB_0041a242
0041a27e	Label	LAB_0041a27e
0041a2da	Label	LAB_0041a2da
0041a2ec	Label	LAB_0041a2ec
0041a2fe	Label	LAB_0041a2fe
0041a310	Label	LAB_0041a310
0041a322	Label	LAB_0041a322
0041a334	Label	LAB_0041a334
0041a346	Label	LAB_0041a346
0041a358	Label	LAB_0041a358
0041a36a	Label	LAB_0041a36a
0041a386	Label	LAB_0041a386
0041a398	Label	LAB_0041a398
0041a3aa	Label	LAB_0041a3aa
0041a3bc	Label	LAB_0041a3bc
0041a3ce	Label	LAB_0041a3ce
0041a3e0	Label	LAB_0041a3e0
0041a3f2	Label	LAB_0041a3f2
0041a404	Label	LAB_0041a404
0041a417	Label	LAB_0041a417
0041a42a	Label	LAB_0041a42a
0041a43d	Label	LAB_0041a43d
0041a450	Label	LAB_0041a450
0041a45f	Label	LAB_0041a45f
0041a46f	Label	LAB_0041a46f
0041a47f	Label	LAB_0041a47f
0041a48d	Label	LAB_0041a48d
0041a496	Label	LAB_0041a496
0041a4a6	Label	LAB_0041a4a6
0041a4b4	Label	LAB_0041a4b4
0041a4bd	Label	LAB_0041a4bd
0041a4cb	Label	LAB_0041a4cb
0041a4d4	Label	LAB_0041a4d4
0041a4e2	Label	LAB_0041a4e2
0041a4eb	Label	LAB_0041a4eb
0041a4fb	Label	LAB_0041a4fb
0041a509	Label	LAB_0041a509
0041a512	Label	LAB_0041a512
0041a522	Label	LAB_0041a522
0041a532	Label	LAB_0041a532
0041a542	Label	LAB_0041a542
0041a552	Label	LAB_0041a552
0041a562	Label	LAB_0041a562
0041a572	Label	LAB_0041a572
0041a582	Label	LAB_0041a582
0041a592	Label	LAB_0041a592
0041a5a2	Label	LAB_0041a5a2
0041a5b2	Label	LAB_0041a5b2
0041a5c2	Label	LAB_0041a5c2
0041a5d2	Label	LAB_0041a5d2
0041a5e2	Label	LAB_0041a5e2
0041a5f2	Label	LAB_0041a5f2
0041a602	Label	LAB_0041a602
0041a612	Label	LAB_0041a612
0041a622	Label	LAB_0041a622
0041a632	Label	LAB_0041a632
0041a642	Label	LAB_0041a642
0041a652	Label	LAB_0041a652
0041a662	Label	LAB_0041a662
0041a672	Label	LAB_0041a672
0041a6a5	Label	LAB_0041a6a5
0041a6d8	Label	LAB_0041a6d8
0041a70b	Label	LAB_0041a70b
0041a75a	Label	LAB_0041a75a
0041a781	Label	LAB_0041a781
0041a7be	Label	LAB_0041a7be
0041a805	Label	LAB_0041a805
0041a82c	Label	LAB_0041a82c
0041a833	Label	LAB_0041a833
0041a83a	Label	LAB_0041a83a
0041a85a	Label	LAB_0041a85a
0041a85c	Label	LAB_0041a85c
0041a89d	Label	LAB_0041a89d
0041a8a2	Label	LAB_0041a8a2
0041a8e7	Label	LAB_0041a8e7
0041a8eb	Label	LAB_0041a8eb
0041a900	Label	LAB_0041a900
0041a90d	Label	LAB_0041a90d
0041a922	Label	LAB_0041a922
0041a92f	Label	LAB_0041a92f
0041a930	Label	LAB_0041a930
0041a93c	Label	LAB_0041a93c
0041a98e	Label	LAB_0041a98e
0041a99e	Label	LAB_0041a99e
0041a9a0	Label	LAB_0041a9a0
0041a9d3	Label	LAB_0041a9d3
0041a9d8	Label	LAB_0041a9d8
0041aa29	Label	LAB_0041aa29
0041aa32	Label	LAB_0041aa32
0041aa47	Label	LAB_0041aa47
0041aa54	Label	LAB_0041aa54
0041aa69	Label	LAB_0041aa69
0041aa76	Label	LAB_0041aa76
0041aa77	Label	LAB_0041aa77
0041aa83	Label	LAB_0041aa83
0041aac3	Label	LAB_0041aac3
0041aaca	Label	LAB_0041aaca
0041aada	Label	LAB_0041aada
0041ab0f	Label	LAB_0041ab0f
0041ab39	Label	LAB_0041ab39
0041ab40	Label	LAB_0041ab40
0041ab4c	Function	FUN_0041ab4c
0041ab78	Label	LAB_0041ab78
0041ab84	Label	LAB_0041ab84
0041aba6	Label	LAB_0041aba6
0041abba	Label	LAB_0041abba
0041abe4	Label	LAB_0041abe4
0041abea	Label	LAB_0041abea
0041ac60	Label	LAB_0041ac60
0041ac66	Label	LAB_0041ac66
0041ac6d	Label	LAB_0041ac6d
0041ac8f	Label	LAB_0041ac8f
0041acb3	Label	LAB_0041acb3
0041ace6	Label	LAB_0041ace6
0041acec	Label	LAB_0041acec
0041acf1	Label	LAB_0041acf1
0041ad07	Label	LAB_0041ad07
0041ad12	Label	LAB_0041ad12
0041ad26	Label	LAB_0041ad26
0041ad49	Label	LAB_0041ad49
0041ad54	Function	FUN_0041ad54
0041ad7c	Label	LAB_0041ad7c
0041ada7	Label	LAB_0041ada7
0041adad	Label	LAB_0041adad
0041addf	Label	LAB_0041addf
0041ade3	Label	LAB_0041ade3
0041adec	Label	LAB_0041adec
0041adfb	Label	LAB_0041adfb
0041ae28	Label	LAB_0041ae28
0041ae4c	Label	LAB_0041ae4c
0041af88	Function	FUN_0041af88
0041af8f	Label	LAB_0041af8f
0041b01f	Label	LAB_0041b01f
0041b02d	Label	LAB_0041b02d
0041b071	Label	LAB_0041b071
0041b078	Function	FUN_0041b078
0041b34c	Function	FUN_0041b34c
0041b38a	Label	LAB_0041b38a
0041b3a0	Label	LAB_0041b3a0
0041b3ce	Label	LAB_0041b3ce
0041b3d4	Label	LAB_0041b3d4
0041b3fa	Label	LAB_0041b3fa
0041b40a	Label	LAB_0041b40a
0041b41c	Label	LAB_0041b41c
0041b420	Label	LAB_0041b420
0041b475	Label	LAB_0041b475
0041b4ba	Label	LAB_0041b4ba
0041b4bf	Label	LAB_0041b4bf
0041b4dc	Label	LAB_0041b4dc
0041b4fa	Label	LAB_0041b4fa
0041b510	Label	LAB_0041b510
0041b538	Label	LAB_0041b538
0041b540	Function	FUN_0041b540
0041b571	Label	LAB_0041b571
0041b59f	Label	LAB_0041b59f
0041b5a5	Label	LAB_0041b5a5
0041b5d9	Label	LAB_0041b5d9
0041b5e9	Label	LAB_0041b5e9
0041b5fb	Label	LAB_0041b5fb
0041b5ff	Label	LAB_0041b5ff
0041b654	Label	LAB_0041b654
0041b6a9	Label	LAB_0041b6a9
0041b6b5	Label	LAB_0041b6b5
0041b6ca	Label	LAB_0041b6ca
0041b6e9	Label	LAB_0041b6e9
0041b70f	Label	LAB_0041b70f
0041b737	Label	LAB_0041b737
0041b920	Function	FUN_0041b920
0041b95c	Label	LAB_0041b95c
0041b96d	Label	LAB_0041b96d
0041b98b	Label	LAB_0041b98b
0041b994	Function	FUN_0041b994
0041b9c3	Label	LAB_0041b9c3
0041b9cd	Label	LAB_0041b9cd
0041b9d8	Function	FUN_0041b9d8
0041ba04	Label	LAB_0041ba04
0041ba26	Label	LAB_0041ba26
0041ba60	Label	LAB_0041ba60
0041ba68	Function	FUN_0041ba68
0041ba78	Function	FUN_0041ba78
0041ba7c	Function	FUN_0041ba7c
0041baf5	Label	LAB_0041baf5
0041bb42	Label	LAB_0041bb42
0041bb4c	Label	LAB_0041bb4c
0041bb70	Label	LAB_0041bb70
0041bb72	Label	LAB_0041bb72
0041bbc6	Label	LAB_0041bbc6
0041bbd2	Label	LAB_0041bbd2
0041bbeb	Label	LAB_0041bbeb
0041bc17	Label	LAB_0041bc17
0041bc34	Label	LAB_0041bc34
0041bc3e	Label	LAB_0041bc3e
0041bc5d	Label	LAB_0041bc5d
0041bc67	Label	LAB_0041bc67
0041bc87	Label	LAB_0041bc87
0041bc91	Label	LAB_0041bc91
0041bca9	Label	LAB_0041bca9
0041bcb3	Label	LAB_0041bcb3
0041bcc8	Function	FUN_0041bcc8
0041bcf6	Label	LAB_0041bcf6
0041bcfc	Function	FUN_0041bcfc
0041bd18	Label	LAB_0041bd18
0041bd1c	Function	FUN_0041bd1c
0041bd3e	Label	LAB_0041bd3e
0041bdd6	Label	LAB_0041bdd6
0041bde0	Label	LAB_0041bde0
0041be16	Label	LAB_0041be16
0041be20	Label	LAB_0041be20
0041be28	Label	LAB_0041be28
0041be54	Label	LAB_0041be54
0041be60	Label	LAB_0041be60
0041be81	Label	LAB_0041be81
0041be94	Function	FUN_0041be94
0041bedb	Label	LAB_0041bedb
0041bf52	Label	LAB_0041bf52
0041bf5e	Label	LAB_0041bf5e
0041bf94	Label	LAB_0041bf94
0041bf9e	Label	LAB_0041bf9e
0041bfa6	Label	LAB_0041bfa6
0041bfeb	Label	LAB_0041bfeb
0041bffc	Function	FUN_0041bffc
0041c04a	Label	LAB_0041c04a
0041c0d1	Label	LAB_0041c0d1
0041c0dd	Label	LAB_0041c0dd
0041c113	Label	LAB_0041c113
0041c11d	Label	LAB_0041c11d
0041c125	Label	LAB_0041c125
0041c173	Label	LAB_0041c173
0041c184	Function	FUN_0041c184
0041c1f4	Label	LAB_0041c1f4
0041c1fc	Label	LAB_0041c1fc
0041c22f	Label	LAB_0041c22f
0041c26e	Label	LAB_0041c26e
0041c280	Function	FUN_0041c280
0041c303	Label	LAB_0041c303
0041c30b	Label	LAB_0041c30b
0041c344	Label	LAB_0041c344
0041c393	Label	LAB_0041c393
0041c518	Function	FUN_0041c518
0041c53a	Label	LAB_0041c53a
0041c5ec	Label	LAB_0041c5ec
0041c5f6	Label	LAB_0041c5f6
0041c62c	Label	LAB_0041c62c
0041c636	Label	LAB_0041c636
0041c63e	Label	LAB_0041c63e
0041c66a	Label	LAB_0041c66a
0041c676	Label	LAB_0041c676
0041c697	Label	LAB_0041c697
0041c884	Function	FUN_0041c884
0041c8a6	Label	LAB_0041c8a6
0041c926	Label	LAB_0041c926
0041c92e	Label	LAB_0041c92e
0041c961	Label	LAB_0041c961
0041c98a	Label	LAB_0041c98a
0041c996	Label	LAB_0041c996
0041c9af	Label	LAB_0041c9af
0041ca90	Function	FUN_0041ca90
0041cab2	Label	LAB_0041cab2
0041cb3b	Label	LAB_0041cb3b
0041cb43	Label	LAB_0041cb43
0041cb7c	Label	LAB_0041cb7c
0041cba5	Label	LAB_0041cba5
0041cbb1	Label	LAB_0041cbb1
0041cbe3	Label	LAB_0041cbe3
0041ccf0	Function	FUN_0041ccf0
0041ce88	Function	FUN_0041ce88
0041ceb5	Label	LAB_0041ceb5
0041ceb7	Label	LAB_0041ceb7
0041ced0	Label	LAB_0041ced0
0041ced9	Label	LAB_0041ced9
0041ceee	Label	LAB_0041ceee
0041cf39	Label	LAB_0041cf39
0041cf44	Function	FUN_0041cf44
0041cf5c	Function	FUN_0041cf5c
0041cfc0	Function	FUN_0041cfc0
0041cfc3	Label	LAB_0041cfc3
0041d2ac	Label	PTR_LAB_0041d2ac
0041d32a	Label	LAB_0041d32a
0041d34d	Label	LAB_0041d34d
0041d355	Label	LAB_0041d355
0041d359	Label	LAB_0041d359
0041d365	Label	LAB_0041d365
0041d36d	Label	LAB_0041d36d
0041d371	Label	LAB_0041d371
0041d380	Label	LAB_0041d380
0041d385	Label	LAB_0041d385
0041d3c7	Label	LAB_0041d3c7
0041d3d4	Label	LAB_0041d3d4
0041d3f2	Label	LAB_0041d3f2
0041d3f8	Label	LAB_0041d3f8
0041d40d	Label	LAB_0041d40d
0041d41a	Label	LAB_0041d41a
0041d425	Label	LAB_0041d425
0041d46a	Label	LAB_0041d46a
0041d477	Label	LAB_0041d477
0041d495	Label	LAB_0041d495
0041d49b	Label	LAB_0041d49b
0041d4b0	Label	LAB_0041d4b0
0041d4bd	Label	LAB_0041d4bd
0041d4c8	Label	LAB_0041d4c8
0041d4de	Label	LAB_0041d4de
0041d4e0	Label	LAB_0041d4e0
0041d4ea	Label	LAB_0041d4ea
0041d4f3	Label	LAB_0041d4f3
0041d50e	Label	LAB_0041d50e
0041d542	Label	LAB_0041d542
0041d574	Label	LAB_0041d574
0041d58d	Label	LAB_0041d58d
0041d5a9	Label	LAB_0041d5a9
0041d5ba	Label	LAB_0041d5ba
0041d5ca	Label	LAB_0041d5ca
0041d5d9	Label	LAB_0041d5d9
0041d5f6	Label	LAB_0041d5f6
0041d60a	Label	LAB_0041d60a
0041d627	Label	LAB_0041d627
0041db48	Function	FUN_0041db48
0041db98	Function	FUN_0041db98
0041dbd0	Label	LAB_0041dbd0
0041dbf0	Label	LAB_0041dbf0
0041dc20	Function	FUN_0041dc20
0041dc44	Label	LAB_0041dc44
0041dc57	Label	LAB_0041dc57
0041dc59	Label	LAB_0041dc59
0041dc69	Label	LAB_0041dc69
0041dc8c	Function	FUN_0041dc8c
0041dc9b	Label	LAB_0041dc9b
0041dcb5	Label	LAB_0041dcb5
0041dccf	Label	LAB_0041dccf
0041dce9	Label	LAB_0041dce9
0041dd03	Label	LAB_0041dd03
0041dd1d	Label	LAB_0041dd1d
0041dd37	Label	LAB_0041dd37
0041dd51	Label	LAB_0041dd51
0041dd6b	Label	LAB_0041dd6b
0041dd85	Label	LAB_0041dd85
0041dd9f	Label	LAB_0041dd9f
0041ddb9	Label	LAB_0041ddb9
0041ddd3	Label	LAB_0041ddd3
0041dded	Label	LAB_0041dded
0041de07	Label	LAB_0041de07
0041de21	Label	LAB_0041de21
0041de3b	Label	LAB_0041de3b
0041de55	Label	LAB_0041de55
0041de6f	Label	LAB_0041de6f
0041de89	Label	LAB_0041de89
0041dea3	Label	LAB_0041dea3
0041debd	Label	LAB_0041debd
0041ded7	Label	LAB_0041ded7
0041def1	Label	LAB_0041def1
0041df0b	Label	LAB_0041df0b
0041df25	Label	LAB_0041df25
0041df3f	Label	LAB_0041df3f
0041df59	Label	LAB_0041df59
0041df73	Label	LAB_0041df73
0041df8d	Label	LAB_0041df8d
0041dfa7	Label	LAB_0041dfa7
0041dfc2	Label	LAB_0041dfc2
0041dfd9	Label	LAB_0041dfd9
0041dff3	Label	LAB_0041dff3
0041e00d	Label	LAB_0041e00d
0041e028	Label	LAB_0041e028
0041e045	Label	LAB_0041e045
0041e063	Label	LAB_0041e063
0041e07d	Label	LAB_0041e07d
0041e097	Label	LAB_0041e097
0041e0b1	Label	LAB_0041e0b1
0041e0d1	Label	LAB_0041e0d1
0041e0ef	Label	LAB_0041e0ef
0041e109	Label	LAB_0041e109
0041e123	Label	LAB_0041e123
0041e13d	Label	LAB_0041e13d
0041e157	Label	LAB_0041e157
0041e171	Label	LAB_0041e171
0041e18b	Label	LAB_0041e18b
0041e1c4	Label	LAB_0041e1c4
0041e1de	Label	LAB_0041e1de
0041e1f8	Label	LAB_0041e1f8
0041e231	Label	LAB_0041e231
0041e24c	Label	LAB_0041e24c
0041e26f	Label	LAB_0041e26f
0041e289	Label	LAB_0041e289
0041e2a3	Label	LAB_0041e2a3
0041e2bd	Label	LAB_0041e2bd
0041e2d7	Label	LAB_0041e2d7
0041e2f1	Label	LAB_0041e2f1
0041e30b	Label	LAB_0041e30b
0041e325	Label	LAB_0041e325
0041e33c	Label	LAB_0041e33c
0041e357	Label	LAB_0041e357
0041e386	Label	LAB_0041e386
0041e3a0	Label	LAB_0041e3a0
0041e85c	Function	FUN_0041e85c
0041e882	Label	LAB_0041e882
0041e8ca	Label	LAB_0041e8ca
0041e8d5	Label	LAB_0041e8d5
0041e8ea	Label	LAB_0041e8ea
0041e8f5	Label	LAB_0041e8f5
0041e8fc	Label	LAB_0041e8fc
0041e913	Label	LAB_0041e913
0041e92e	Label	LAB_0041e92e
0041e939	Label	LAB_0041e939
0041e94d	Label	LAB_0041e94d
0041e954	Label	LAB_0041e954
0041e959	Label	LAB_0041e959
0041e968	Label	LAB_0041e968
0041e9fa	Label	LAB_0041e9fa
0041ea12	Label	LAB_0041ea12
0041ea33	Label	LAB_0041ea33
0041ea74	Label	LAB_0041ea74
0041ea90	Label	LAB_0041ea90
0041ea99	Label	LAB_0041ea99
0041eaaf	Label	LAB_0041eaaf
0041eab4	Label	LAB_0041eab4
0041eac9	Label	LAB_0041eac9
0041eae3	Label	LAB_0041eae3
0041eaec	Label	LAB_0041eaec
0041eb05	Label	LAB_0041eb05
0041eb19	Label	LAB_0041eb19
0041eb30	Function	FUN_0041eb30
0041eb5d	Label	LAB_0041eb5d
0041eb62	Label	LAB_0041eb62
0041eb92	Label	LAB_0041eb92
0041ebd6	Label	LAB_0041ebd6
0041ec23	Label	LAB_0041ec23
0041ec30	Label	LAB_0041ec30
0041ec60	Label	LAB_0041ec60
0041ecb6	Label	LAB_0041ecb6
0041ecce	Label	LAB_0041ecce
0041ecdf	Label	LAB_0041ecdf
0041ecf7	Label	LAB_0041ecf7
0041ed1f	Label	LAB_0041ed1f
0041ed34	Label	LAB_0041ed34
0041ed6d	Label	LAB_0041ed6d
0041eda6	Label	LAB_0041eda6
0041edbe	Label	LAB_0041edbe
0041edd6	Label	LAB_0041edd6
0041edee	Label	LAB_0041edee
0041ee00	Label	LAB_0041ee00
0041ee18	Label	LAB_0041ee18
0041ee27	Label	LAB_0041ee27
0041ee3f	Label	LAB_0041ee3f
0041ee47	Label	LAB_0041ee47
0041ee60	Label	LAB_0041ee60
0041ee7e	Label	LAB_0041ee7e
0041ee9c	Label	LAB_0041ee9c
0041eec2	Label	LAB_0041eec2
0041eec7	Label	LAB_0041eec7
0041eef7	Label	LAB_0041eef7
0041ef3b	Label	LAB_0041ef3b
0041ef8b	Label	LAB_0041ef8b
0041ef98	Label	LAB_0041ef98
0041efc8	Label	LAB_0041efc8
0041f01e	Label	LAB_0041f01e
0041f036	Label	LAB_0041f036
0041f047	Label	LAB_0041f047
0041f05f	Label	LAB_0041f05f
0041f090	Label	LAB_0041f090
0041f0a5	Label	LAB_0041f0a5
0041f0de	Label	LAB_0041f0de
0041f117	Label	LAB_0041f117
0041f12f	Label	LAB_0041f12f
0041f147	Label	LAB_0041f147
0041f15f	Label	LAB_0041f15f
0041f171	Label	LAB_0041f171
0041f189	Label	LAB_0041f189
0041f198	Label	LAB_0041f198
0041f1b0	Label	LAB_0041f1b0
0041f1b8	Label	LAB_0041f1b8
0041f1d1	Label	LAB_0041f1d1
0041f1ef	Label	LAB_0041f1ef
0041f20d	Label	LAB_0041f20d
0041f232	Label	LAB_0041f232
0041f237	Label	LAB_0041f237
0041f267	Label	LAB_0041f267
0041f2ab	Label	LAB_0041f2ab
0041f2fb	Label	LAB_0041f2fb
0041f308	Label	LAB_0041f308
0041f338	Label	LAB_0041f338
0041f38e	Label	LAB_0041f38e
0041f3a6	Label	LAB_0041f3a6
0041f3b7	Label	LAB_0041f3b7
0041f3cf	Label	LAB_0041f3cf
0041f400	Label	LAB_0041f400
0041f415	Label	LAB_0041f415
0041f44e	Label	LAB_0041f44e
0041f487	Label	LAB_0041f487
0041f49f	Label	LAB_0041f49f
0041f4b0	Label	LAB_0041f4b0
0041f4c8	Label	LAB_0041f4c8
0041f4d7	Label	LAB_0041f4d7
0041f4ef	Label	LAB_0041f4ef
0041f4fd	Label	LAB_0041f4fd
0041f515	Label	LAB_0041f515
0041f528	Label	LAB_0041f528
0041f541	Label	LAB_0041f541
0041f55f	Label	LAB_0041f55f
0041f57d	Label	LAB_0041f57d
0041f5a3	Label	LAB_0041f5a3
0041f5a8	Label	LAB_0041f5a8
0041f5d8	Label	LAB_0041f5d8
0041f61c	Label	LAB_0041f61c
0041f669	Label	LAB_0041f669
0041f676	Label	LAB_0041f676
0041f6a6	Label	LAB_0041f6a6
0041f703	Label	LAB_0041f703
0041f71b	Label	LAB_0041f71b
0041f72d	Label	LAB_0041f72d
0041f745	Label	LAB_0041f745
0041f76e	Label	LAB_0041f76e
0041f783	Label	LAB_0041f783
0041f7bc	Label	LAB_0041f7bc
0041f7f5	Label	LAB_0041f7f5
0041f80d	Label	LAB_0041f80d
0041f81e	Label	LAB_0041f81e
0041f836	Label	LAB_0041f836
0041f845	Label	LAB_0041f845
0041f85d	Label	LAB_0041f85d
0041f86b	Label	LAB_0041f86b
0041f883	Label	LAB_0041f883
0041f896	Label	LAB_0041f896
0041f8af	Label	LAB_0041f8af
0041f8cd	Label	LAB_0041f8cd
0041f8eb	Label	LAB_0041f8eb
0041f927	Label	LAB_0041f927
0041f95c	Label	LAB_0041f95c
0041f97f	Label	LAB_0041f97f
0041f997	Label	LAB_0041f997
0041f9ac	Label	LAB_0041f9ac
0041f9c1	Label	LAB_0041f9c1
0041f9cd	Label	LAB_0041f9cd
0041f9ef	Label	LAB_0041f9ef
0041fa36	Label	LAB_0041fa36
0041fa5e	Label	LAB_0041fa5e
0041fa76	Label	LAB_0041fa76
0041fa8b	Label	LAB_0041fa8b
0041faa0	Label	LAB_0041faa0
0041faac	Label	LAB_0041faac
0041fada	Label	LAB_0041fada
00420578	Function	FUN_00420578
004205a8	Label	LAB_004205a8
004205ad	Label	LAB_004205ad
004205e3	Label	LAB_004205e3
004205ff	Label	LAB_004205ff
00420653	Label	LAB_00420653
00420687	Label	LAB_00420687
0042069c	Label	LAB_0042069c
004206b1	Label	LAB_004206b1
004206c3	Label	LAB_004206c3
00420740	Label	LAB_00420740
0042076e	Label	LAB_0042076e
0042078a	Label	LAB_0042078a
004207a4	Label	LAB_004207a4
004207be	Label	LAB_004207be
004207d8	Label	LAB_004207d8
004207f2	Label	LAB_004207f2
0042080c	Label	LAB_0042080c
00420826	Label	LAB_00420826
00420840	Label	LAB_00420840
0042085a	Label	LAB_0042085a
00420874	Label	LAB_00420874
0042088e	Label	LAB_0042088e
004208a8	Label	LAB_004208a8
004208c2	Label	LAB_004208c2
004208dc	Label	LAB_004208dc
004208f6	Label	LAB_004208f6
0042090b	Label	LAB_0042090b
00420977	Label	LAB_00420977
004209f6	Label	LAB_004209f6
004209fd	Label	LAB_004209fd
00420a10	Function	FUN_00420a10
00420a78	Label	LAB_00420a78
00420a8d	Label	LAB_00420a8d
00420aa2	Label	LAB_00420aa2
00420ab7	Label	LAB_00420ab7
00420acc	Label	LAB_00420acc
00420ae1	Label	LAB_00420ae1
00420af6	Label	LAB_00420af6
00420b0b	Label	LAB_00420b0b
00420b20	Label	LAB_00420b20
00420b38	Label	LAB_00420b38
00420b8c	Function	FUN_00420b8c
00420bd2	Label	LAB_00420bd2
00420c10	Function	FUN_00420c10
00420c31	Label	LAB_00420c31
00420c34	Function	FUN_00420c34
00420c92	Label	LAB_00420c92
00420ca6	Label	LAB_00420ca6
00420cba	Label	LAB_00420cba
00420cce	Label	LAB_00420cce
00420ce2	Label	LAB_00420ce2
00420cf6	Label	LAB_00420cf6
00420d0a	Label	LAB_00420d0a
00420d26	Label	LAB_00420d26
00420d4f	Label	LAB_00420d4f
00420dcc	Function	FUN_00420dcc
00420e71	Label	LAB_00420e71
00420e82	Label	LAB_00420e82
00420ebe	Label	LAB_00420ebe
00420ec4	Function	FUN_00420ec4
00420ed8	Label	LAB_00420ed8
00420f2d	Label	LAB_00420f2d
00420f4c	Label	LAB_00420f4c
00420f6b	Label	LAB_00420f6b
00420f7d	Label	LAB_00420f7d
00420f97	Label	LAB_00420f97
00420fb6	Label	LAB_00420fb6
00420fd5	Label	LAB_00420fd5
00420fe5	Label	LAB_00420fe5
00421045	Label	LAB_00421045
0042105c	Label	LAB_0042105c
00421064	Label	LAB_00421064
0042106b	Label	LAB_0042106b
00421074	Function	FUN_00421074
004210a2	Label	LAB_004210a2
004210b8	Label	LAB_004210b8
004210d8	Label	LAB_004210d8
004210ef	Label	LAB_004210ef
00421106	Label	LAB_00421106
0042111a	Label	LAB_0042111a
00421138	Label	LAB_00421138
00421143	Label	LAB_00421143
00421162	Label	LAB_00421162
00421192	Label	LAB_00421192
004211a6	Label	LAB_004211a6
004211b3	Label	LAB_004211b3
004211c8	Function	FUN_004211c8
0042122f	Label	LAB_0042122f
0042123d	Label	LAB_0042123d
00421242	Label	LAB_00421242
0042124c	Label	LAB_0042124c
0042125e	Label	LAB_0042125e
00421283	Label	LAB_00421283
004212a6	Label	LAB_004212a6
004212af	Label	LAB_004212af
004212bd	Label	LAB_004212bd
004212c7	Label	LAB_004212c7
004212d7	Label	LAB_004212d7
004212de	Label	LAB_004212de
004212fe	Label	LAB_004212fe
00421323	Label	LAB_00421323
00421327	Label	LAB_00421327
0042135e	Label	LAB_0042135e
004213b4	Label	LAB_004213b4
004213bb	Label	LAB_004213bb
004213d8	Label	LAB_004213d8
004213fb	Label	LAB_004213fb
0042140e	Label	LAB_0042140e
0042141c	Label	LAB_0042141c
0042143a	Label	LAB_0042143a
00421484	Label	LAB_00421484
0042148b	Label	LAB_0042148b
0042148d	Label	LAB_0042148d
004214af	Label	LAB_004214af
004214fc	Label	LAB_004214fc
00421505	Label	LAB_00421505
004215b2	Label	LAB_004215b2
004215c8	Label	LAB_004215c8
004215d3	Label	LAB_004215d3
004215e1	Label	LAB_004215e1
00421650	Label	LAB_00421650
0042165e	Label	LAB_0042165e
0042166c	Label	LAB_0042166c
00421684	Function	FUN_00421684
004216d0	Label	LAB_004216d0
004216fa	Label	LAB_004216fa
004217af	Label	LAB_004217af
004217b9	Label	LAB_004217b9
0042183e	Label	LAB_0042183e
00421848	Label	LAB_00421848
00421850	Function	FUN_00421850
004218a1	Label	LAB_004218a1
004218d3	Label	LAB_004218d3
004218fe	Label	LAB_004218fe
00421977	Label	LAB_00421977
00421981	Label	LAB_00421981
00421a01	Label	LAB_00421a01
00421a0b	Label	LAB_00421a0b
00421a14	Function	FUN_00421a14
00421a46	Label	LAB_00421a46
00421a7a	Label	LAB_00421a7a
00421afc	Label	LAB_00421afc
00421b1d	Label	LAB_00421b1d
00421b3e	Label	LAB_00421b3e
00421b60	Label	LAB_00421b60
00421bc9	Label	LAB_00421bc9
00421bfa	Label	LAB_00421bfa
00421c28	Label	LAB_00421c28
00421ca2	Label	LAB_00421ca2
00421cac	Label	LAB_00421cac
00421cb7	Label	LAB_00421cb7
00421ccf	Label	LAB_00421ccf
00421ce8	Label	LAB_00421ce8
00421d06	Label	LAB_00421d06
00421d08	Label	LAB_00421d08
00421d52	Label	LAB_00421d52
00421d6e	Label	LAB_00421d6e
00421eaa	Label	LAB_00421eaa
00421eb4	Label	LAB_00421eb4
00421eeb	Label	LAB_00421eeb
00421f03	Label	LAB_00421f03
00421f54	Function	FUN_00421f54
00421f7c	Label	LAB_00421f7c
00421f98	Label	LAB_00421f98
00421f9c	Label	LAB_00421f9c
00421fa3	Label	LAB_00421fa3
00421fb1	Label	LAB_00421fb1
00421fda	Label	LAB_00421fda
00422057	Label	LAB_00422057
00422061	Label	LAB_00422061
0042206b	Label	LAB_0042206b
00422072	Label	LAB_00422072
0042207d	Label	LAB_0042207d
00422094	Label	LAB_00422094
004220b1	Label	LAB_004220b1
004220bf	Label	LAB_004220bf
004220cb	Label	LAB_004220cb
004220d5	Label	LAB_004220d5
004220f2	Label	LAB_004220f2
004220f9	Label	LAB_004220f9
00422100	Label	LAB_00422100
0042210a	Label	LAB_0042210a
00422127	Label	LAB_00422127
00422135	Label	LAB_00422135
0042213c	Label	LAB_0042213c
00422146	Label	LAB_00422146
00422163	Label	LAB_00422163
0042216a	Label	LAB_0042216a
00422171	Label	LAB_00422171
0042217f	Label	LAB_0042217f
004221bd	Label	LAB_004221bd
004221de	Label	LAB_004221de
004221ff	Label	LAB_004221ff
00422221	Label	LAB_00422221
0042222c	Label	LAB_0042222c
00422238	Function	FUN_00422238
00422251	Label	LAB_00422251
00422274	Label	LAB_00422274
00422297	Label	LAB_00422297
004222a1	Label	LAB_004222a1
004222aa	Label	LAB_004222aa
004222c3	Label	LAB_004222c3
004222d9	Label	LAB_004222d9
004222ef	Label	LAB_004222ef
00422309	Label	LAB_00422309
00422319	Label	LAB_00422319
0042231e	Label	LAB_0042231e
00422330	Function	FUN_00422330
00422368	Function	FUN_00422368
00422460	Function	FUN_00422460
00422538	Function	FUN_00422538
00422628	Function	FUN_00422628
00422674	Function	FUN_00422674
0042269b	Label	LAB_0042269b
004226bc	Function	FUN_004226bc
004226e3	Label	LAB_004226e3
00422704	Function	FUN_00422704
0042272b	Label	LAB_0042272b
0042274c	Function	FUN_0042274c
00422790	Function	FUN_00422790
004228b8	Function	FUN_004228b8
00422946	Label	LAB_00422946
004229c3	Label	LAB_004229c3
00422a40	Label	LAB_00422a40
00422a48	Function	FUN_00422a48
00422aa0	Function	FUN_00422aa0
00422abc	Function	FUN_00422abc
00422ae9	Label	LAB_00422ae9
00422b0b	Label	LAB_00422b0b
00422b23	Label	LAB_00422b23
00422b3b	Label	LAB_00422b3b
00422c2c	Label	LAB_00422c2c
00422c6e	Label	LAB_00422c6e
00422c86	Label	LAB_00422c86
00422c9e	Label	LAB_00422c9e
00422ca0	Label	LAB_00422ca0
00422cd5	Label	LAB_00422cd5
00422d1a	Label	LAB_00422d1a
00422d54	Label	LAB_00422d54
00422d73	Label	LAB_00422d73
00422df1	Label	LAB_00422df1
00422e3a	Label	LAB_00422e3a
00422e52	Label	LAB_00422e52
00422e6a	Label	LAB_00422e6a
00422e6c	Label	LAB_00422e6c
00422ea1	Label	LAB_00422ea1
00422ee6	Label	LAB_00422ee6
00422f1c	Label	LAB_00422f1c
00422f3b	Label	LAB_00422f3b
00422f44	Function	FUN_00422f44
00422f62	Label	LAB_00422f62
00422f74	Label	LAB_00422f74
00422f87	Label	LAB_00422f87
00422fd8	Function	FUN_00422fd8
00423008	Label	LAB_00423008
00423026	Label	LAB_00423026
00423028	Label	LAB_00423028
00423050	Label	LAB_00423050
00423060	Label	LAB_00423060
00423067	Label	LAB_00423067
00423070	Function	FUN_00423070
004230bd	Label	LAB_004230bd
004230ce	Label	LAB_004230ce
004230d2	Label	LAB_004230d2
004230e2	Label	LAB_004230e2
004230f8	Label	LAB_004230f8
004230fc	Label	LAB_004230fc
00423116	Label	LAB_00423116
0042311a	Label	LAB_0042311a
00423674	Function	FUN_00423674
00423724	Label	LAB_00423724
004237ad	Label	LAB_004237ad
004237d0	Label	LAB_004237d0
004237e4	Label	LAB_004237e4
004237f8	Label	LAB_004237f8
0042380c	Label	LAB_0042380c
0042384b	Label	LAB_0042384b
00423858	Function	FUN_00423858
004238a3	Label	LAB_004238a3
004238fe	Label	LAB_004238fe
0042391b	Label	LAB_0042391b
00423922	Label	LAB_00423922
00423953	Label	LAB_00423953
004239b8	Label	LAB_004239b8
004239d2	Label	LAB_004239d2
00423a51	Label	LAB_00423a51
00423a57	Label	LAB_00423a57
00423a8b	Label	LAB_00423a8b
00423af1	Label	LAB_00423af1
00423b1d	Label	LAB_00423b1d
00423b94	Label	LAB_00423b94
00423ba8	Label	LAB_00423ba8
00423bcd	Label	LAB_00423bcd
00423c16	Label	LAB_00423c16
00423c34	Label	LAB_00423c34
00423c48	Label	LAB_00423c48
00423c5c	Label	LAB_00423c5c
00423c70	Label	LAB_00423c70
00423cb9	Label	LAB_00423cb9
00423cce	Label	LAB_00423cce
00423ce7	Label	LAB_00423ce7
00423cf2	Label	LAB_00423cf2
00423d50	Label	LAB_00423d50
00423d7a	Label	LAB_00423d7a
00423de0	Label	LAB_00423de0
00423e1d	Label	LAB_00423e1d
00423e60	Label	LAB_00423e60
00423e6a	Label	LAB_00423e6a
00423e79	Label	LAB_00423e79
00423f1d	Label	LAB_00423f1d
00423fe3	Label	LAB_00423fe3
00424016	Label	LAB_00424016
00424026	Label	LAB_00424026
004240a5	Label	LAB_004240a5
004240bc	Label	LAB_004240bc
004240d9	Label	LAB_004240d9
00424142	Label	LAB_00424142
00424144	Label	LAB_00424144
00424149	Label	LAB_00424149
00424164	Function	FUN_00424164
00424186	Label	LAB_00424186
0042418c	Label	LAB_0042418c
004241ad	Label	LAB_004241ad
004241c1	Label	LAB_004241c1
004241d5	Label	LAB_004241d5
0042422e	Label	LAB_0042422e
00424247	Label	LAB_00424247
0042430e	Label	LAB_0042430e
00424318	Function	FUN_00424318
00424338	Label	LAB_00424338
00424358	Label	LAB_00424358
0042436f	Label	LAB_0042436f
00424386	Label	LAB_00424386
00424388	Label	LAB_00424388
004243ae	Label	LAB_004243ae
00424411	Label	LAB_00424411
0042442b	Label	LAB_0042442b
004244b1	Label	LAB_004244b1
004244b7	Label	LAB_004244b7
004244e2	Label	LAB_004244e2
004244f6	Label	LAB_004244f6
0042450a	Label	LAB_0042450a
0042454e	Label	LAB_0042454e
00424563	Label	LAB_00424563
0042457c	Label	LAB_0042457c
00424587	Label	LAB_00424587
004245e5	Label	LAB_004245e5
00424612	Label	LAB_00424612
0042464c	Label	LAB_0042464c
00424656	Label	LAB_00424656
0042465f	Label	LAB_0042465f
004246db	Label	LAB_004246db
0042470d	Label	LAB_0042470d
00424724	Label	LAB_00424724
004247a3	Label	LAB_004247a3
004247ba	Label	LAB_004247ba
004247d1	Label	LAB_004247d1
00424836	Label	LAB_00424836
0042484c	Label	LAB_0042484c
00424858	Function	FUN_00424858
00424880	Label	LAB_00424880
00424897	Label	LAB_00424897
004248ae	Label	LAB_004248ae
004248bb	Label	LAB_004248bb
004248ce	Label	LAB_004248ce
004248d4	Label	LAB_004248d4
004248f5	Label	LAB_004248f5
00424909	Label	LAB_00424909
0042491d	Label	LAB_0042491d
00424926	Label	LAB_00424926
004249f4	Function	FUN_004249f4
00424a11	Label	LAB_00424a11
00424a26	Label	LAB_00424a26
00424a8c	Label	LAB_00424a8c
00424b1b	Label	LAB_00424b1b
00424b26	Label	LAB_00424b26
00424b3b	Label	LAB_00424b3b
00424b48	Function	FUN_00424b48
00424b53	Label	LAB_00424b53
00424bb3	Label	LAB_00424bb3
00424bb7	Label	LAB_00424bb7
00424bd8	Function	FUN_00424bd8
00424be7	Label	LAB_00424be7
00424c68	Label	LAB_00424c68
00424c9a	Label	LAB_00424c9a
00424c9e	Label	LAB_00424c9e
00424cbc	Function	FUN_00424cbc
00424cc5	Label	LAB_00424cc5
00424ce4	Label	LAB_00424ce4
00424cf3	Label	LAB_00424cf3
00424cfa	Label	LAB_00424cfa
00424d0e	Label	LAB_00424d0e
00424d14	Function	FUN_00424d14
00424d1d	Label	LAB_00424d1d
00424d39	Label	LAB_00424d39
00424d40	Label	LAB_00424d40
00424d54	Label	LAB_00424d54
00424d58	Function	FUN_00424d58
00424d61	Label	LAB_00424d61
00424d7e	Label	LAB_00424d7e
00424d92	Label	LAB_00424d92
00424d98	Function	FUN_00424d98
00424da1	Label	LAB_00424da1
00424dbe	Label	LAB_00424dbe
00424dd2	Label	LAB_00424dd2
00424dd8	Function	FUN_00424dd8
00424de8	Label	LAB_00424de8
00424dfa	Label	LAB_00424dfa
00424e13	Label	LAB_00424e13
00424e1f	Label	LAB_00424e1f
00424e25	Label	LAB_00424e25
00424e2c	Label	LAB_00424e2c
00424e40	Label	LAB_00424e40
00424e44	Function	FUN_00424e44
00424e6b	Label	LAB_00424e6b
00424e88	Label	LAB_00424e88
00424e8d	Label	LAB_00424e8d
00424ed0	Function	FUN_00424ed0
00424f07	Label	LAB_00424f07
00424f2f	Label	LAB_00424f2f
00424f31	Label	LAB_00424f31
00424f61	Label	LAB_00424f61
00424f75	Label	LAB_00424f75
00425018	Function	FUN_00425018
00425199	Label	LAB_00425199
00425255	Label	LAB_00425255
0042530b	Label	LAB_0042530b
00425383	Label	LAB_00425383
00425387	Label	LAB_00425387
00425411	Label	LAB_00425411
00425434	Label	LAB_00425434
0042544d	Label	LAB_0042544d
00425455	Label	LAB_00425455
00425462	Label	LAB_00425462
0042547c	Label	LAB_0042547c
004254a6	Label	LAB_004254a6
004254c0	Label	LAB_004254c0
004254da	Label	LAB_004254da
00425500	Label	LAB_00425500
00425517	Label	LAB_00425517
0042551c	Label	LAB_0042551c
00425538	Function	FUN_00425538
0042555a	Label	LAB_0042555a
00425580	Label	LAB_00425580
004255e3	Label	LAB_004255e3
0042563a	Label	LAB_0042563a
0042568c	Label	LAB_0042568c
004256fb	Label	LAB_004256fb
00425748	Label	LAB_00425748
00425785	Label	LAB_00425785
00425799	Label	LAB_00425799
004257b3	Label	LAB_004257b3
004257c7	Label	LAB_004257c7
004257cc	Label	LAB_004257cc
004257d3	Label	LAB_004257d3
00426010	Function	FUN_00426010
00426030	Label	LAB_00426030
00426035	Label	LAB_00426035
004260cf	Label	LAB_004260cf
004260d4	Label	LAB_004260d4
004260ea	Label	LAB_004260ea
004260f5	Label	LAB_004260f5
004260ff	Label	LAB_004260ff
0042611e	Label	LAB_0042611e
00426124	Function	FUN_00426124
00426144	Label	LAB_00426144
00426149	Label	LAB_00426149
004261ca	Label	LAB_004261ca
004261cf	Label	LAB_004261cf
004261e5	Label	LAB_004261e5
004261f0	Label	LAB_004261f0
004261fa	Label	LAB_004261fa
00426219	Label	LAB_00426219
00426220	Function	FUN_00426220
00426240	Label	LAB_00426240
00426245	Label	LAB_00426245
004262ca	Label	LAB_004262ca
004262cf	Label	LAB_004262cf
004262e5	Label	LAB_004262e5
004262f0	Label	LAB_004262f0
004262fa	Label	LAB_004262fa
00426319	Label	LAB_00426319
00426320	Function	FUN_00426320
00426381	Label	LAB_00426381
00426394	Label	LAB_00426394
004263ac	Function	FUN_004263ac
004263ca	Label	LAB_004263ca
004263d3	Label	LAB_004263d3
004263dc	Label	LAB_004263dc
004263df	Label	LAB_004263df
00426410	Function	FUN_00426410
0042645a	Label	LAB_0042645a
00426463	Label	LAB_00426463
0042646c	Label	LAB_0042646c
0042646f	Label	LAB_0042646f
00426478	Function	FUN_00426478
004265ac	Function	FUN_004265ac
004265e1	Label	LAB_004265e1
004265f5	Label	LAB_004265f5
00426607	Label	LAB_00426607
0042663b	Label	LAB_0042663b
0042664a	Label	LAB_0042664a
00426652	Label	LAB_00426652
00426655	Label	LAB_00426655
0042667b	Label	LAB_0042667b
0042668a	Label	LAB_0042668a
004266a7	Label	LAB_004266a7
004266c0	Label	LAB_004266c0
004266d9	Label	LAB_004266d9
004266f5	Label	LAB_004266f5
0042670e	Label	LAB_0042670e
00426727	Label	LAB_00426727
00426740	Label	LAB_00426740
00426798	Function	FUN_00426798
004267ba	Label	LAB_004267ba
004267c3	Label	LAB_004267c3
004267c8	Label	LAB_004267c8
004267ce	Label	LAB_004267ce
00426858	Function	FUN_00426858
00426878	Label	LAB_00426878
00426881	Label	LAB_00426881
00426886	Label	LAB_00426886
0042688c	Label	LAB_0042688c
004268a4	Function	FUN_004268a4
004268c4	Label	LAB_004268c4
004268e4	Function	FUN_004268e4
00426909	Label	LAB_00426909
0042692c	Function	FUN_0042692c
00426951	Label	LAB_00426951
00426974	Function	FUN_00426974
004269d4	Function	FUN_004269d4
00426a04	Function	FUN_00426a04
00426a30	Function	FUN_00426a30
00426a52	Label	LAB_00426a52
00426a80	Function	FUN_00426a80
00426ab9	Label	LAB_00426ab9
00426abf	Label	LAB_00426abf
00426ac4	Function	FUN_00426ac4
00426adc	Label	LAB_00426adc
00426b0d	Label	LAB_00426b0d
00426b3c	Label	LAB_00426b3c
00426b40	Label	LAB_00426b40
00426b4d	Label	LAB_00426b4d
00426b54	Function	FUN_00426b54
00426b73	Label	LAB_00426b73
00426b82	Label	LAB_00426b82
00426b8b	Label	LAB_00426b8b
00426b9b	Label	LAB_00426b9b
00426ba4	Label	LAB_00426ba4
00426bb1	Label	LAB_00426bb1
00426bd2	Label	LAB_00426bd2
00426bdc	Function	FUN_00426bdc
00426c3c	Function	FUN_00426c3c
00426c48	Label	LAB_00426c48
00426c53	Label	LAB_00426c53
00426ca0	Label	LAB_00426ca0
00426ca4	Function	FUN_00426ca4
00426cd2	Label	LAB_00426cd2
00426cdb	Label	LAB_00426cdb
00426cef	Label	LAB_00426cef
00426cf8	Label	LAB_00426cf8
00426d94	Label	LAB_00426d94
00426d9b	Label	LAB_00426d9b
00426dc7	Label	LAB_00426dc7
00426dce	Label	LAB_00426dce
00426dd5	Label	LAB_00426dd5
00426df0	Label	LAB_00426df0
00426df8	Function	FUN_00426df8
00426e07	Label	LAB_00426e07
00426e8b	Label	LAB_00426e8b
00426ea3	Label	LAB_00426ea3
00426eac	Label	LAB_00426eac
00426f70	Function	FUN_00426f70
00426f84	Function	FUN_00426f84
0042700c	Function	FUN_0042700c
00427064	Label	LAB_00427064
0042706a	Label	LAB_0042706a
004270ba	Label	LAB_004270ba
004270ee	Label	LAB_004270ee
00427140	Label	DAT_00427140
00427144	Label	DAT_00427144
00427160	Function	FUN_00427160
00427182	Label	LAB_00427182
0042718c	Label	LAB_0042718c
00427191	Label	LAB_00427191
0042719b	Label	LAB_0042719b
004271a0	Label	LAB_004271a0
004271c6	Label	LAB_004271c6
004271e8	Label	LAB_004271e8
004271ea	Label	LAB_004271ea
004271f4	Label	LAB_004271f4
004271f9	Label	LAB_004271f9
00427206	Label	LAB_00427206
00427214	Function	FUN_00427214
00427236	Label	LAB_00427236
00427240	Label	LAB_00427240
00427245	Label	LAB_00427245
0042724f	Label	LAB_0042724f
00427254	Label	LAB_00427254
0042727b	Label	LAB_0042727b
0042729e	Label	LAB_0042729e
004272a8	Function	FUN_004272a8
004272bd	Label	LAB_004272bd
004272c1	Label	LAB_004272c1
004272d9	Label	LAB_004272d9
004272e1	Label	LAB_004272e1
004272e5	Label	LAB_004272e5
004272fd	Label	LAB_004272fd
0042731c	Label	LAB_0042731c
00427324	Label	LAB_00427324
00427328	Label	LAB_00427328
00427330	Label	LAB_00427330
00427334	Label	LAB_00427334
00427359	Label	LAB_00427359
0042735d	Label	LAB_0042735d
00427384	Label	LAB_00427384
00427386	Label	LAB_00427386
0042738e	Label	LAB_0042738e
004273a2	Label	LAB_004273a2
004273b5	Label	LAB_004273b5
004273ba	Label	LAB_004273ba
004273cc	Function	FUN_004273cc
004273f1	Label	LAB_004273f1
004273ff	Label	LAB_004273ff
00427423	Label	LAB_00427423
0042743a	Label	LAB_0042743a
00427471	Label	LAB_00427471
004274b7	Label	LAB_004274b7
004274c4	Label	switchD_0042763f::switchdataD_004274c4
00427504	Label	switchD_0042844f::switchdataD_00427504
00427544	Label	switchD_00428878::switchdataD_00427544
00427584	Function	FUN_00427584
0042763f	Label	switchD_0042763f::switchD
00427647	Label	switchD_0042763f::caseD_0
00427654	Label	switchD_0042763f::caseD_1
00427661	Label	switchD_0042763f::caseD_2
0042766e	Label	switchD_0042763f::caseD_3
0042767b	Label	switchD_0042763f::caseD_4
00427688	Label	switchD_0042763f::caseD_5
00427692	Label	switchD_0042763f::caseD_6
0042769c	Label	switchD_0042763f::caseD_7
004276a6	Label	switchD_0042763f::caseD_8
004276b0	Label	switchD_0042763f::caseD_9
004276ba	Label	switchD_0042763f::caseD_a
004276c4	Label	switchD_0042763f::caseD_b
004276ce	Label	switchD_0042763f::caseD_c
004276d8	Label	switchD_0042763f::caseD_d
004276e2	Label	switchD_0042763f::caseD_e
004276ec	Label	switchD_0042763f::caseD_f
004276f4	Label	LAB_004276f4
004276f8	Label	switchD_0042763f::default
00427713	Label	LAB_00427713
0042772b	Label	LAB_0042772b
0042772e	Label	LAB_0042772e
0042773a	Label	LAB_0042773a
00427755	Label	LAB_00427755
0042776d	Label	LAB_0042776d
00427770	Label	LAB_00427770
0042777c	Label	LAB_0042777c
004277dc	Label	LAB_004277dc
004277e1	Label	LAB_004277e1
004277fe	Label	LAB_004277fe
00427803	Label	LAB_00427803
0042786c	Label	LAB_0042786c
004278a5	Label	LAB_004278a5
00427928	Label	LAB_00427928
00427952	Label	LAB_00427952
0042796c	Label	LAB_0042796c
00427991	Label	LAB_00427991
004279a5	Label	LAB_004279a5
004279b2	Label	LAB_004279b2
004279d2	Label	LAB_004279d2
00427a06	Label	LAB_00427a06
00427a26	Label	LAB_00427a26
00427a28	Label	LAB_00427a28
00427a49	Label	LAB_00427a49
00427ab0	Label	LAB_00427ab0
00427b09	Label	LAB_00427b09
00427b1e	Label	LAB_00427b1e
00427b2d	Label	LAB_00427b2d
00427b39	Label	LAB_00427b39
00427b50	Label	LAB_00427b50
00427b63	Label	LAB_00427b63
00427b9d	Label	LAB_00427b9d
00427ba9	Label	LAB_00427ba9
00427bf4	Label	LAB_00427bf4
00427bfe	Label	LAB_00427bfe
00427c2d	Label	LAB_00427c2d
00427c37	Label	LAB_00427c37
00427c4a	Label	LAB_00427c4a
00427c60	Label	LAB_00427c60
00427c7d	Label	LAB_00427c7d
00427ccc	Label	LAB_00427ccc
00427cd9	Label	LAB_00427cd9
00427d03	Label	LAB_00427d03
00427d0f	Label	LAB_00427d0f
00427d14	Label	LAB_00427d14
00427d35	Label	LAB_00427d35
00427d55	Label	LAB_00427d55
00427d6e	Label	LAB_00427d6e
00427de1	Label	LAB_00427de1
00427deb	Label	LAB_00427deb
00427df0	Label	LAB_00427df0
00427e03	Label	LAB_00427e03
00427e0d	Label	LAB_00427e0d
00427e17	Label	LAB_00427e17
00427e1c	Label	LAB_00427e1c
00427e37	Label	LAB_00427e37
00427e3f	Label	LAB_00427e3f
00427e49	Label	LAB_00427e49
00427e51	Label	LAB_00427e51
00427e68	Label	LAB_00427e68
00427e72	Label	LAB_00427e72
00427e7c	Label	LAB_00427e7c
00427e81	Label	LAB_00427e81
00427ea0	Label	LAB_00427ea0
00427ea5	Label	LAB_00427ea5
00427eb6	Label	LAB_00427eb6
00427ebb	Label	LAB_00427ebb
00427ed2	Label	LAB_00427ed2
00427edc	Label	LAB_00427edc
00427ee4	Label	LAB_00427ee4
00427f10	Label	LAB_00427f10
00427f19	Label	LAB_00427f19
00427f1e	Label	LAB_00427f1e
00427f30	Label	LAB_00427f30
00427f3e	Label	LAB_00427f3e
00427f4c	Label	LAB_00427f4c
00427f5a	Label	LAB_00427f5a
00427f61	Label	LAB_00427f61
00427fac	Label	LAB_00427fac
00427fc3	Label	LAB_00427fc3
00427fd1	Label	LAB_00427fd1
00427fe6	Label	LAB_00427fe6
00427fed	Label	LAB_00427fed
00428013	Label	LAB_00428013
0042801b	Label	LAB_0042801b
00428025	Label	LAB_00428025
0042802a	Label	LAB_0042802a
00428036	Label	LAB_00428036
0042803b	Label	LAB_0042803b
00428043	Label	LAB_00428043
00428045	Label	LAB_00428045
00428051	Label	LAB_00428051
00428053	Label	LAB_00428053
00428069	Label	LAB_00428069
00428080	Label	LAB_00428080
00428097	Label	LAB_00428097
004280bd	Label	LAB_004280bd
004280c2	Label	LAB_004280c2
0042813e	Label	LAB_0042813e
00428143	Label	LAB_00428143
0042814d	Label	LAB_0042814d
00428155	Label	LAB_00428155
00428167	Label	LAB_00428167
0042816e	Label	LAB_0042816e
00428178	Label	LAB_00428178
0042817d	Label	LAB_0042817d
00428193	Label	LAB_00428193
00428198	Label	LAB_00428198
004281a2	Label	LAB_004281a2
004281aa	Label	LAB_004281aa
004281bc	Label	LAB_004281bc
004281c3	Label	LAB_004281c3
004281cd	Label	LAB_004281cd
004281d2	Label	LAB_004281d2
004281e3	Label	LAB_004281e3
004281e8	Label	LAB_004281e8
004281f9	Label	LAB_004281f9
004281fe	Label	LAB_004281fe
00428217	Label	LAB_00428217
00428226	Label	LAB_00428226
0042824e	Label	LAB_0042824e
0042827c	Label	LAB_0042827c
00428292	Label	LAB_00428292
004282a1	Label	LAB_004282a1
004282db	Label	LAB_004282db
004282e6	Label	LAB_004282e6
00428300	Label	LAB_00428300
00428316	Label	LAB_00428316
00428330	Label	LAB_00428330
00428346	Label	LAB_00428346
00428360	Label	LAB_00428360
00428376	Label	LAB_00428376
00428390	Label	LAB_00428390
004283a6	Label	LAB_004283a6
004283dd	Label	LAB_004283dd
004283ea	Label	LAB_004283ea
004283f1	Label	LAB_004283f1
004283f3	Label	LAB_004283f3
00428403	Label	LAB_00428403
0042844f	Label	switchD_0042844f::switchD
00428457	Label	switchD_0042844f::caseD_0
00428457	Label	switchD_0042844f::caseD_c
00428457	Label	switchD_0042844f::caseD_d
00428494	Label	LAB_00428494
004284a9	Label	LAB_004284a9
004284c8	Label	LAB_004284c8
004284db	Label	LAB_004284db
0042851b	Label	LAB_0042851b
00428562	Label	switchD_0042844f::caseD_3
00428599	Label	LAB_00428599
004285ae	Label	LAB_004285ae
004285c7	Label	LAB_004285c7
004285e6	Label	LAB_004285e6
00428624	Label	LAB_00428624
0042864f	Label	switchD_0042844f::caseD_1
0042864f	Label	switchD_0042844f::caseD_7
00428681	Label	LAB_00428681
0042869a	Label	LAB_0042869a
004286da	Label	switchD_0042844f::caseD_a
0042870c	Label	LAB_0042870c
00428725	Label	switchD_0042844f::caseD_2
0042875c	Label	LAB_0042875c
00428771	Label	LAB_00428771
0042878e	Label	switchD_0042844f::caseD_4
004287a6	Label	LAB_004287a6
004287a9	Label	LAB_004287a9
004287b7	Label	switchD_0042844f::caseD_5
004287ce	Label	switchD_0042844f::caseD_6
004287e6	Label	switchD_0042844f::caseD_8
004287f4	Label	switchD_0042844f::caseD_9
00428803	Label	LAB_00428803
0042881a	Label	switchD_0042844f::caseD_b
00428855	Label	switchD_0042844f::caseD_e
0042885f	Label	switchD_0042844f::caseD_f
00428878	Label	switchD_00428878::switchD
00428880	Label	switchD_00428878::caseD_1
00428880	Label	switchD_00428878::caseD_a
00428899	Label	LAB_00428899
004288a3	Label	LAB_004288a3
004288a8	Label	LAB_004288a8
004288b9	Label	LAB_004288b9
004288cc	Label	switchD_00428878::caseD_2
004288d6	Label	LAB_004288d6
004288db	Label	LAB_004288db
004288ec	Label	LAB_004288ec
004288ff	Label	switchD_00428878::caseD_3
0042890e	Label	switchD_00428878::caseD_f
00428957	Label	LAB_00428957
0042895a	Label	LAB_0042895a
00428985	Label	LAB_00428985
00428997	Label	LAB_00428997
00428a43	Label	LAB_00428a43
00428a4d	Label	LAB_00428a4d
00428a52	Label	LAB_00428a52
00428a61	Label	LAB_00428a61
00428a6d	Label	LAB_00428a6d
00428a72	Label	LAB_00428a72
00428a83	Label	LAB_00428a83
00428aa2	Label	LAB_00428aa2
00428aac	Label	LAB_00428aac
00428ab1	Label	LAB_00428ab1
00428ac8	Label	LAB_00428ac8
00428acd	Label	LAB_00428acd
00428aec	Label	LAB_00428aec
00428afc	Label	LAB_00428afc
00428b08	Label	LAB_00428b08
00428b0d	Label	LAB_00428b0d
00428b1e	Label	LAB_00428b1e
00428b35	Label	LAB_00428b35
00428b3a	Label	LAB_00428b3a
00428b42	Label	switchD_00428878::caseD_0
00428b4c	Label	LAB_00428b4c
00428b5f	Label	LAB_00428b5f
00428b7b	Label	LAB_00428b7b
00428b99	Label	LAB_00428b99
00428bbc	Label	LAB_00428bbc
00428bc6	Label	LAB_00428bc6
00428bcb	Label	LAB_00428bcb
00428be2	Label	LAB_00428be2
00428be7	Label	LAB_00428be7
00428c0d	Label	LAB_00428c0d
00428c20	Label	LAB_00428c20
00428c33	Label	LAB_00428c33
00428c35	Label	LAB_00428c35
00428c41	Label	switchD_00428878::caseD_7
00428c50	Label	LAB_00428c50
00428c5f	Label	LAB_00428c5f
00428c64	Label	LAB_00428c64
00428c9e	Label	LAB_00428c9e
00428cd3	Label	LAB_00428cd3
00428d10	Label	LAB_00428d10
00428d24	Label	LAB_00428d24
00428d34	Label	LAB_00428d34
00428d3e	Label	LAB_00428d3e
00428d5e	Label	LAB_00428d5e
00428d7f	Label	LAB_00428d7f
00428d8c	Label	LAB_00428d8c
00428d91	Label	LAB_00428d91
00428dc0	Label	LAB_00428dc0
00428ddc	Label	LAB_00428ddc
00428de9	Label	LAB_00428de9
00428dee	Label	LAB_00428dee
00428e1f	Label	LAB_00428e1f
00428e3c	Label	LAB_00428e3c
00428e56	Label	LAB_00428e56
00428e97	Label	LAB_00428e97
00428ec5	Label	LAB_00428ec5
00428ecf	Label	LAB_00428ecf
00428ee0	Label	LAB_00428ee0
00428ef8	Label	LAB_00428ef8
00428f14	Label	LAB_00428f14
00428f24	Label	LAB_00428f24
00428f38	Label	LAB_00428f38
00428f5b	Label	LAB_00428f5b
00428f68	Label	LAB_00428f68
00428f78	Label	LAB_00428f78
00428f82	Label	LAB_00428f82
00428f8c	Label	LAB_00428f8c
00428f96	Label	LAB_00428f96
00428f9b	Label	LAB_00428f9b
00428fe3	Label	LAB_00428fe3
00428ff6	Label	switchD_00428878::caseD_4
00429028	Label	LAB_00429028
00429049	Label	LAB_00429049
00429068	Label	LAB_00429068
00429092	Label	LAB_00429092
0042909e	Label	LAB_0042909e
004290c4	Label	LAB_004290c4
004290d6	Label	LAB_004290d6
004290e8	Label	LAB_004290e8
004290fa	Label	LAB_004290fa
0042911a	Label	LAB_0042911a
0042913a	Label	LAB_0042913a
00429144	Label	LAB_00429144
00429156	Label	LAB_00429156
00429168	Label	LAB_00429168
00429177	Label	LAB_00429177
004291af	Label	LAB_004291af
004291b1	Label	LAB_004291b1
004291d5	Label	LAB_004291d5
004291df	Label	LAB_004291df
004291fb	Label	LAB_004291fb
00429205	Label	LAB_00429205
00429221	Label	LAB_00429221
0042922b	Label	LAB_0042922b
0042924d	Label	LAB_0042924d
00429257	Label	LAB_00429257
0042927a	Label	LAB_0042927a
00429296	Label	LAB_00429296
004292a0	Label	LAB_004292a0
004292bc	Label	LAB_004292bc
004292c6	Label	LAB_004292c6
004292e8	Label	LAB_004292e8
004292f2	Label	LAB_004292f2
00429325	Label	LAB_00429325
00429327	Label	LAB_00429327
0042934b	Label	LAB_0042934b
00429359	Label	LAB_00429359
00429363	Label	LAB_00429363
0042937f	Label	LAB_0042937f
0042938d	Label	LAB_0042938d
00429397	Label	LAB_00429397
004293c5	Label	LAB_004293c5
004293e7	Label	LAB_004293e7
004293f5	Label	LAB_004293f5
004293ff	Label	LAB_004293ff
00429421	Label	LAB_00429421
0042942f	Label	LAB_0042942f
00429439	Label	LAB_00429439
00429455	Label	LAB_00429455
00429463	Label	LAB_00429463
0042946d	Label	LAB_0042946d
00429489	Label	LAB_00429489
00429497	Label	LAB_00429497
004294a1	Label	LAB_004294a1
004294d5	Label	LAB_004294d5
004294f1	Label	LAB_004294f1
004294ff	Label	LAB_004294ff
00429509	Label	LAB_00429509
00429525	Label	LAB_00429525
00429533	Label	LAB_00429533
0042953d	Label	LAB_0042953d
00429559	Label	LAB_00429559
00429567	Label	LAB_00429567
00429571	Label	LAB_00429571
00429593	Label	LAB_00429593
0042959a	Label	LAB_0042959a
004295a1	Label	LAB_004295a1
004295ab	Label	LAB_004295ab
004295b6	Label	LAB_004295b6
004295c4	Label	LAB_004295c4
004295d2	Label	LAB_004295d2
004295e6	Label	LAB_004295e6
004295fd	Label	LAB_004295fd
0042960b	Label	LAB_0042960b
00429619	Label	LAB_00429619
0042962d	Label	LAB_0042962d
00429640	Label	LAB_00429640
00429645	Label	LAB_00429645
00429663	Label	LAB_00429663
00429676	Label	LAB_00429676
0042967b	Label	LAB_0042967b
00429697	Label	LAB_00429697
004296a9	Label	LAB_004296a9
004296b7	Label	LAB_004296b7
004296c5	Label	LAB_004296c5
004296d9	Label	LAB_004296d9
004296e7	Label	LAB_004296e7
004296eb	Label	switchD_00428878::caseD_c
004296f5	Label	LAB_004296f5
004296f9	Label	switchD_00428878::caseD_d
00429703	Label	LAB_00429703
00429717	Label	switchD_00428878::caseD_8
00429739	Label	LAB_00429739
00429751	Label	LAB_00429751
00429765	Label	LAB_00429765
0042978b	Label	LAB_0042978b
0042979c	Label	LAB_0042979c
004297a1	Label	LAB_004297a1
004297d1	Label	LAB_004297d1
004297d8	Label	LAB_004297d8
004297dd	Label	LAB_004297dd
004297fc	Label	LAB_004297fc
0042980e	Label	LAB_0042980e
0042985f	Label	LAB_0042985f
0042986b	Label	LAB_0042986b
0042989d	Label	LAB_0042989d
004298ad	Label	LAB_004298ad
004298b3	Label	LAB_004298b3
004298b7	Label	LAB_004298b7
004298c2	Label	LAB_004298c2
004298cd	Label	LAB_004298cd
004298d0	Label	LAB_004298d0
004298eb	Label	LAB_004298eb
004298ff	Label	LAB_004298ff
0042990c	Label	LAB_0042990c
00429911	Label	LAB_00429911
00429914	Label	LAB_00429914
0042992a	Label	switchD_00428878::caseD_5
0042992a	Label	switchD_00428878::caseD_9
00429936	Label	switchD_00428878::caseD_b
0042993d	Label	switchD_00428878::caseD_e
00429949	Label	LAB_00429949
00429950	Label	switchD_00428878::caseD_6
0042998a	Label	LAB_0042998a
0042999c	Label	LAB_0042999c
004299ae	Label	LAB_004299ae
004299c0	Label	LAB_004299c0
004299ca	Label	LAB_004299ca
004299e5	Label	LAB_004299e5
004299f7	Label	LAB_004299f7
00429a09	Label	LAB_00429a09
00429a1b	Label	LAB_00429a1b
00429a25	Label	LAB_00429a25
00429a40	Label	LAB_00429a40
00429a4a	Label	LAB_00429a4a
00429a5c	Label	LAB_00429a5c
00429a6e	Label	LAB_00429a6e
00429a89	Label	LAB_00429a89
00429aa8	Label	LAB_00429aa8
00429ab2	Label	LAB_00429ab2
00429ac4	Label	LAB_00429ac4
00429ad2	Label	LAB_00429ad2
00429ae0	Label	LAB_00429ae0
00429aee	Label	LAB_00429aee
00429af5	Label	LAB_00429af5
00429b03	Label	LAB_00429b03
00429b11	Label	LAB_00429b11
00429b1f	Label	LAB_00429b1f
00429b24	Label	LAB_00429b24
00429b2f	Label	LAB_00429b2f
00429b50	Label	LAB_00429b50
00429b55	Label	LAB_00429b55
00429b88	Label	LAB_00429b88
00429b8f	Label	LAB_00429b8f
00429b91	Label	LAB_00429b91
00429bae	Label	LAB_00429bae
00429bb5	Label	LAB_00429bb5
00429bb7	Label	LAB_00429bb7
00429bbf	Label	LAB_00429bbf
00429bf2	Label	LAB_00429bf2
00429c2b	Label	LAB_00429c2b
00429c37	Label	LAB_00429c37
00429c43	Label	LAB_00429c43
00429c4f	Label	LAB_00429c4f
00429c5b	Label	LAB_00429c5b
00429c60	Label	LAB_00429c60
00429c7a	Label	LAB_00429c7a
00429ca3	Label	LAB_00429ca3
00429d03	Label	LAB_00429d03
00429d3b	Label	LAB_00429d3b
00429d49	Label	LAB_00429d49
00429d52	Label	LAB_00429d52
00429d81	Label	LAB_00429d81
00429dbc	Label	LAB_00429dbc
00429dc3	Label	LAB_00429dc3
00429dc5	Label	LAB_00429dc5
00429dcd	Label	LAB_00429dcd
00429df9	Label	LAB_00429df9
00429e59	Label	LAB_00429e59
00429e90	Label	LAB_00429e90
00429e9c	Label	LAB_00429e9c
00429ea2	Label	LAB_00429ea2
00429ebb	Label	LAB_00429ebb
00429ec9	Label	LAB_00429ec9
00429ed2	Label	LAB_00429ed2
00429f02	Label	LAB_00429f02
00429f09	Label	LAB_00429f09
00429f13	Label	LAB_00429f13
00429f68	Label	LAB_00429f68
00429fc2	Label	LAB_00429fc2
00429fde	Label	LAB_00429fde
00429fe6	Label	LAB_00429fe6
0042a002	Label	LAB_0042a002
0042a03c	Label	LAB_0042a03c
0042a049	Label	LAB_0042a049
0042a058	Label	switchD_0042a304::switchdataD_0042a058
0042a078	Label	switchD_0042a342::switchdataD_0042a078
0042a098	Function	FUN_0042a098
0042a16b	Label	LAB_0042a16b
0042a21e	Label	LAB_0042a21e
0042a258	Label	LAB_0042a258
0042a267	Label	LAB_0042a267
0042a271	Label	LAB_0042a271
0042a298	Label	LAB_0042a298
0042a2a7	Label	LAB_0042a2a7
0042a2b1	Label	LAB_0042a2b1
0042a2d4	Label	LAB_0042a2d4
0042a2e1	Label	LAB_0042a2e1
0042a2eb	Label	LAB_0042a2eb
0042a304	Label	switchD_0042a304::switchD
0042a30c	Label	switchD_0042a304::caseD_0
0042a31f	Label	switchD_0042a304::caseD_1
0042a31f	Label	switchD_0042a304::caseD_2
0042a31f	Label	switchD_0042a304::caseD_3
0042a31f	Label	switchD_0042a304::caseD_4
0042a31f	Label	switchD_0042a304::caseD_5
0042a31f	Label	switchD_0042a304::caseD_6
0042a31f	Label	switchD_0042a304::caseD_7
0042a330	Label	LAB_0042a330
0042a337	Label	LAB_0042a337
0042a342	Label	switchD_0042a342::switchD
0042a34a	Label	switchD_0042a342::caseD_0
0042a34a	Label	switchD_0042a342::caseD_6
0042a35b	Label	switchD_0042a342::caseD_1
0042a35b	Label	switchD_0042a342::caseD_7
0042a37a	Label	switchD_0042a342::caseD_2
0042a37a	Label	switchD_0042a342::caseD_3
0042a394	Label	switchD_0042a342::caseD_4
0042a394	Label	switchD_0042a342::caseD_5
0042a3a2	Label	switchD_0042a304::default
0042a3a2	Label	switchD_0042a342::default
0042a3b0	Label	switchD_0042a65c::switchdataD_0042a3b0
0042a3d0	Label	switchD_0042a69a::switchdataD_0042a3d0
0042a3f0	Function	FUN_0042a3f0
0042a4c3	Label	LAB_0042a4c3
0042a576	Label	LAB_0042a576
0042a5b0	Label	LAB_0042a5b0
0042a5bf	Label	LAB_0042a5bf
0042a5c9	Label	LAB_0042a5c9
0042a5f0	Label	LAB_0042a5f0
0042a5ff	Label	LAB_0042a5ff
0042a609	Label	LAB_0042a609
0042a62c	Label	LAB_0042a62c
0042a639	Label	LAB_0042a639
0042a643	Label	LAB_0042a643
0042a65c	Label	switchD_0042a65c::switchD
0042a664	Label	switchD_0042a65c::caseD_0
0042a677	Label	switchD_0042a65c::caseD_1
0042a677	Label	switchD_0042a65c::caseD_2
0042a677	Label	switchD_0042a65c::caseD_3
0042a677	Label	switchD_0042a65c::caseD_4
0042a677	Label	switchD_0042a65c::caseD_5
0042a677	Label	switchD_0042a65c::caseD_6
0042a677	Label	switchD_0042a65c::caseD_7
0042a688	Label	LAB_0042a688
0042a68f	Label	LAB_0042a68f
0042a69a	Label	switchD_0042a69a::switchD
0042a6a2	Label	switchD_0042a69a::caseD_0
0042a6a2	Label	switchD_0042a69a::caseD_6
0042a6b3	Label	switchD_0042a69a::caseD_1
0042a6b3	Label	switchD_0042a69a::caseD_7
0042a6d2	Label	switchD_0042a69a::caseD_2
0042a6d2	Label	switchD_0042a69a::caseD_3
0042a6ec	Label	switchD_0042a69a::caseD_4
0042a6ec	Label	switchD_0042a69a::caseD_5
0042a6fa	Label	switchD_0042a65c::default
0042a6fa	Label	switchD_0042a69a::default
0042a70c	Function	FUN_0042a70c
0042a742	Label	LAB_0042a742
0042a750	Label	LAB_0042a750
0042a77a	Label	LAB_0042a77a
0042a78f	Label	LAB_0042a78f
0042a7c5	Label	LAB_0042a7c5
0042a886	Label	LAB_0042a886
0042a8ec	Label	LAB_0042a8ec
0042a8ff	Label	LAB_0042a8ff
0042a919	Label	LAB_0042a919
0042a93d	Label	LAB_0042a93d
0042a94f	Label	LAB_0042a94f
0042a96a	Label	LAB_0042a96a
0042a98b	Label	LAB_0042a98b
0042a9ad	Label	LAB_0042a9ad
0042a9e1	Label	LAB_0042a9e1
0042a9e8	Label	LAB_0042a9e8
0042aa1d	Label	LAB_0042aa1d
0042aa9e	Label	LAB_0042aa9e
0042aaa3	Label	LAB_0042aaa3
0042aab3	Label	LAB_0042aab3
0042aab8	Label	LAB_0042aab8
0042aaf0	Label	LAB_0042aaf0
0042ab0f	Label	LAB_0042ab0f
0042ab27	Label	LAB_0042ab27
0042ab3e	Label	LAB_0042ab3e
0042ab59	Label	LAB_0042ab59
0042ab84	Label	LAB_0042ab84
0042ab8b	Label	LAB_0042ab8b
0042abb5	Label	LAB_0042abb5
0042abc4	Label	LAB_0042abc4
0042abd0	Label	LAB_0042abd0
0042abfb	Label	LAB_0042abfb
0042ac01	Label	LAB_0042ac01
0042ac0f	Label	LAB_0042ac0f
0042ac2c	Label	LAB_0042ac2c
0042ac52	Label	LAB_0042ac52
0042ac5e	Label	LAB_0042ac5e
0042ac7b	Label	LAB_0042ac7b
0042ac85	Label	LAB_0042ac85
0042ad60	Function	FUN_0042ad60
0042ada3	Label	LAB_0042ada3
0042adab	Label	LAB_0042adab
0042add8	Label	LAB_0042add8
0042adfa	Label	LAB_0042adfa
0042ae1e	Label	LAB_0042ae1e
0042ae3c	Label	LAB_0042ae3c
0042ae4b	Label	LAB_0042ae4b
0042ae53	Label	LAB_0042ae53
0042ae67	Label	LAB_0042ae67
0042ae6f	Label	LAB_0042ae6f
0042ae78	Label	LAB_0042ae78
0042ae7c	Label	LAB_0042ae7c
0042ae80	Function	FUN_0042ae80
0042aecb	Label	LAB_0042aecb
0042aecd	Label	LAB_0042aecd
0042aedd	Label	LAB_0042aedd
0042af54	Label	LAB_0042af54
0042af84	Label	LAB_0042af84
0042af8e	Label	LAB_0042af8e
0042afae	Label	LAB_0042afae
0042afd4	Label	LAB_0042afd4
0042afdb	Label	LAB_0042afdb
0042afee	Label	LAB_0042afee
0042affb	Label	LAB_0042affb
0042b004	Function	FUN_0042b004
0042b01a	Label	LAB_0042b01a
0042b024	Label	LAB_0042b024
0042b03c	Label	LAB_0042b03c
0042b049	Label	LAB_0042b049
0042b068	Label	LAB_0042b068
0042b074	Function	FUN_0042b074
0042b0ba	Label	LAB_0042b0ba
0042b0d4	Label	LAB_0042b0d4
0042b0ee	Label	LAB_0042b0ee
0042b0f4	Function	FUN_0042b0f4
0042b10f	Label	LAB_0042b10f
0042b11c	Label	LAB_0042b11c
0042b143	Label	LAB_0042b143
0042b163	Label	LAB_0042b163
0042b17a	Label	LAB_0042b17a
0042b191	Label	LAB_0042b191
0042b1f8	Label	LAB_0042b1f8
0042b209	Label	LAB_0042b209
0042b22e	Label	LAB_0042b22e
0042b23b	Label	LAB_0042b23b
0042b26b	Label	LAB_0042b26b
0042b28b	Label	LAB_0042b28b
0042b2a2	Label	LAB_0042b2a2
0042b2b9	Label	LAB_0042b2b9
0042b320	Label	LAB_0042b320
0042b331	Label	LAB_0042b331
0042b338	Function	FUN_0042b338
0042b358	Label	LAB_0042b358
0042b367	Label	LAB_0042b367
0042b394	Label	LAB_0042b394
0042b3b6	Label	LAB_0042b3b6
0042b3c1	Label	LAB_0042b3c1
0042b3db	Label	LAB_0042b3db
0042b3f4	Label	LAB_0042b3f4
0042b412	Label	LAB_0042b412
0042b44e	Label	LAB_0042b44e
0042b464	Label	LAB_0042b464
0042b477	Label	LAB_0042b477
0042b490	Function	FUN_0042b490
0042b4a0	Label	LAB_0042b4a0
0042b4da	Label	LAB_0042b4da
0042b504	Label	LAB_0042b504
0042b511	Label	LAB_0042b511
0042b53a	Label	LAB_0042b53a
0042b547	Label	LAB_0042b547
0042b572	Label	LAB_0042b572
0042b57f	Label	LAB_0042b57f
0042b5aa	Label	LAB_0042b5aa
0042b5b7	Label	LAB_0042b5b7
0042b5e9	Label	LAB_0042b5e9
0042b5f4	Label	LAB_0042b5f4
0042b5fc	Function	FUN_0042b5fc
0042b60b	Label	LAB_0042b60b
0042b644	Label	LAB_0042b644
0042b659	Label	LAB_0042b659
0042b665	Label	LAB_0042b665
0042b677	Label	LAB_0042b677
0042b683	Label	LAB_0042b683
0042b69c	Label	LAB_0042b69c
0042b6a8	Label	LAB_0042b6a8
0042b6c1	Label	LAB_0042b6c1
0042b6cd	Label	LAB_0042b6cd
0042b6ed	Label	LAB_0042b6ed
0042b702	Label	LAB_0042b702
0042b70b	Label	LAB_0042b70b
0042b716	Label	LAB_0042b716
0042b71c	Label	switchD_0042b9f4::switchdataD_0042b71c
0042b858	Label	switchD_0042c3f5::switchdataD_0042b858
0042b880	Function	FUN_0042b880
0042b8b1	Label	LAB_0042b8b1
0042b8e2	Label	LAB_0042b8e2
0042b902	Label	LAB_0042b902
0042b909	Label	LAB_0042b909
0042b919	Label	LAB_0042b919
0042b954	Label	LAB_0042b954
0042b95b	Label	LAB_0042b95b
0042b97b	Label	LAB_0042b97b
0042b982	Label	LAB_0042b982
0042b98f	Label	LAB_0042b98f
0042b9b5	Label	LAB_0042b9b5
0042b9d9	Label	LAB_0042b9d9
0042b9db	Label	LAB_0042b9db
0042b9e1	Label	LAB_0042b9e1
0042b9f4	Label	switchD_0042b9f4::switchD
0042b9fc	Label	switchD_0042b9f4::caseD_a
0042ba20	Label	switchD_0042b9f4::caseD_8
0042ba56	Label	switchD_0042b9f4::caseD_12
0042ba6e	Label	LAB_0042ba6e
0042ba85	Label	LAB_0042ba85
0042ba8a	Label	LAB_0042ba8a
0042babc	Label	switchD_0042b9f4::caseD_13
0042bad4	Label	LAB_0042bad4
0042baeb	Label	LAB_0042baeb
0042baef	Label	LAB_0042baef
0042bb4b	Label	switchD_0042b9f4::caseD_16
0042bb5f	Label	LAB_0042bb5f
0042bb66	Label	LAB_0042bb66
0042bb7b	Label	LAB_0042bb7b
0042bb8c	Label	switchD_0042b9f4::caseD_17
0042bb9f	Label	LAB_0042bb9f
0042bbc5	Label	switchD_0042b9f4::caseD_18
0042bbe2	Label	switchD_0042b9f4::caseD_14
0042bbf5	Label	LAB_0042bbf5
0042bc10	Label	switchD_0042b9f4::caseD_31
0042bc23	Label	LAB_0042bc23
0042bc3e	Label	switchD_0042b9f4::caseD_32
0042bc51	Label	LAB_0042bc51
0042bc6c	Label	switchD_0042b9f4::caseD_40
0042bc73	Label	LAB_0042bc73
0042bc8e	Label	switchD_0042b9f4::caseD_41
0042bc95	Label	LAB_0042bc95
0042bcb0	Label	switchD_0042b9f4::caseD_15
0042bcde	Label	LAB_0042bcde
0042bcf6	Label	LAB_0042bcf6
0042bd0a	Label	LAB_0042bd0a
0042bd16	Label	LAB_0042bd16
0042bd2a	Label	LAB_0042bd2a
0042bd36	Label	LAB_0042bd36
0042bd57	Label	LAB_0042bd57
0042bd62	Label	LAB_0042bd62
0042bd66	Label	LAB_0042bd66
0042bd82	Label	LAB_0042bd82
0042bd90	Label	switchD_0042b9f4::caseD_42
0042bdbe	Label	switchD_0042b9f4::caseD_4e
0042bde0	Label	switchD_0042b9f4::caseD_24
0042bdf1	Label	switchD_0042b9f4::caseD_33
0042be15	Label	LAB_0042be15
0042be2d	Label	switchD_0042b9f4::caseD_1
0042be2d	Label	switchD_0042b9f4::caseD_44
0042be34	Label	LAB_0042be34
0042be68	Label	switchD_0042b9f4::caseD_2
0042be7b	Label	LAB_0042be7b
0042bea5	Label	switchD_0042b9f4::caseD_1f
0042bea5	Label	switchD_0042b9f4::caseD_45
0042beaa	Label	LAB_0042beaa
0042bec6	Label	LAB_0042bec6
0042bef0	Label	switchD_0042b9f4::caseD_d
0042bf03	Label	LAB_0042bf03
0042bf1b	Label	switchD_0042b9f4::caseD_4
0042bf2e	Label	LAB_0042bf2e
0042bf5f	Label	switchD_0042b9f4::caseD_5
0042bf72	Label	LAB_0042bf72
0042bf9c	Label	switchD_0042b9f4::caseD_3
0042bfc0	Label	switchD_0042b9f4::caseD_48
0042bfd5	Label	switchD_0042b9f4::caseD_9
0042bfe7	Label	switchD_0042b9f4::caseD_e
0042c007	Label	switchD_0042b9f4::caseD_7
0042c041	Label	switchD_0042b9f4::caseD_3f
0042c052	Label	switchD_0042b9f4::caseD_1c
0042c065	Label	switchD_0042b9f4::caseD_1d
0042c076	Label	switchD_0042b9f4::caseD_1e
0042c087	Label	switchD_0042b9f4::caseD_20
0042c098	Label	switchD_0042b9f4::caseD_23
0042c0a9	Label	switchD_0042b9f4::caseD_46
0042c0be	Label	switchD_0042b9f4::caseD_47
0042c0d3	Label	switchD_0042b9f4::caseD_27
0042c0e6	Label	LAB_0042c0e6
0042c113	Label	LAB_0042c113
0042c121	Label	switchD_0042b9f4::caseD_28
0042c134	Label	LAB_0042c134
0042c15e	Label	switchD_0042b9f4::caseD_29
0042c188	Label	switchD_0042b9f4::caseD_2a
0042c1a2	Label	LAB_0042c1a2
0042c1ba	Label	switchD_0042b9f4::caseD_2b
0042c1ef	Label	LAB_0042c1ef
0042c26b	Label	switchD_0042b9f4::caseD_49
0042c2bb	Label	switchD_0042b9f4::caseD_4a
0042c2d4	Label	switchD_0042b9f4::caseD_4b
0042c2fd	Label	switchD_0042b9f4::caseD_4c
0042c326	Label	switchD_0042b9f4::caseD_4d
0042c347	Label	switchD_0042b9f4::caseD_2c
0042c36a	Label	LAB_0042c36a
0042c395	Label	switchD_0042b9f4::caseD_2d
0042c3c9	Label	switchD_0042b9f4::caseD_43
0042c3e2	Label	switchD_0042b9f4::caseD_2e
0042c3f5	Label	switchD_0042c3f5::switchD
0042c3fd	Label	switchD_0042c3f5::caseD_0
0042c414	Label	switchD_0042c3f5::caseD_1
0042c42b	Label	switchD_0042c3f5::caseD_2
0042c449	Label	switchD_0042c3f5::caseD_3
0042c477	Label	LAB_0042c477
0042c486	Label	LAB_0042c486
0042c4b2	Label	LAB_0042c4b2
0042c4c6	Label	LAB_0042c4c6
0042c4d2	Label	LAB_0042c4d2
0042c4fe	Label	switchD_0042c3f5::caseD_4
0042c53c	Label	LAB_0042c53c
0042c549	Label	LAB_0042c549
0042c551	Label	LAB_0042c551
0042c5aa	Label	switchD_0042c3f5::caseD_5
0042c5f1	Label	switchD_0042c3f5::caseD_6
0042c602	Label	switchD_0042c3f5::caseD_7
0042c613	Label	switchD_0042c3f5::caseD_8
0042c634	Label	switchD_0042c3f5::caseD_9
0042c658	Label	switchD_0042b9f4::caseD_30
0042c681	Label	LAB_0042c681
0042c695	Label	switchD_0042b9f4::caseD_37
0042c6c0	Label	switchD_0042b9f4::caseD_38
0042c6c7	Label	LAB_0042c6c7
0042c6e2	Label	switchD_0042b9f4::caseD_39
0042c6e9	Label	LAB_0042c6e9
0042c704	Label	switchD_0042b9f4::caseD_3a
0042c70b	Label	LAB_0042c70b
0042c722	Label	switchD_0042b9f4::caseD_3b
0042c729	Label	LAB_0042c729
0042c740	Label	switchD_0042b9f4::caseD_3c
0042c755	Label	switchD_0042b9f4::caseD_3d
0042c76a	Label	switchD_0042b9f4::caseD_3e
0042c771	Label	LAB_0042c771
0042c786	Label	switchD_0042b9f4::caseD_0
0042c786	Label	switchD_0042b9f4::caseD_6
0042c786	Label	switchD_0042b9f4::caseD_b
0042c786	Label	switchD_0042b9f4::caseD_c
0042c786	Label	switchD_0042b9f4::caseD_f
0042c786	Label	switchD_0042b9f4::caseD_10
0042c786	Label	switchD_0042b9f4::caseD_11
0042c786	Label	switchD_0042b9f4::caseD_19
0042c786	Label	switchD_0042b9f4::caseD_1a
0042c786	Label	switchD_0042b9f4::caseD_1b
0042c786	Label	switchD_0042b9f4::caseD_21
0042c786	Label	switchD_0042b9f4::caseD_22
0042c786	Label	switchD_0042b9f4::caseD_25
0042c786	Label	switchD_0042b9f4::caseD_26
0042c786	Label	switchD_0042b9f4::caseD_2f
0042c786	Label	switchD_0042b9f4::caseD_34
0042c786	Label	switchD_0042b9f4::caseD_35
0042c786	Label	switchD_0042b9f4::caseD_36
0042c786	Label	switchD_0042c3f5::default
0042c790	Function	FUN_0042c790
0042c7b7	Label	LAB_0042c7b7
0042c7e6	Label	LAB_0042c7e6
0042c7fd	Label	LAB_0042c7fd
0042c804	Label	LAB_0042c804
0042c814	Label	LAB_0042c814
0042c84f	Label	LAB_0042c84f
0042c856	Label	LAB_0042c856
0042c86f	Label	LAB_0042c86f
0042c876	Label	LAB_0042c876
0042c883	Label	LAB_0042c883
0042c8a8	Label	LAB_0042c8a8
0042c8d1	Label	LAB_0042c8d1
0042c8d3	Label	LAB_0042c8d3
0042c8d9	Label	LAB_0042c8d9
0042c8ff	Label	LAB_0042c8ff
0042c916	Label	LAB_0042c916
0042c91d	Label	LAB_0042c91d
0042c972	Label	LAB_0042c972
0042c994	Label	LAB_0042c994
0042c9ab	Label	LAB_0042c9ab
0042c9ad	Label	LAB_0042c9ad
0042ca20	Label	LAB_0042ca20
0042ca3e	Label	LAB_0042ca3e
0042ca40	Label	LAB_0042ca40
0042ca76	Label	LAB_0042ca76
0042ca7e	Label	LAB_0042ca7e
0042cac0	Label	LAB_0042cac0
0042caef	Label	LAB_0042caef
0042cb04	Label	LAB_0042cb04
0042cb27	Label	LAB_0042cb27
0042cb42	Label	LAB_0042cb42
0042cb75	Label	LAB_0042cb75
0042cb86	Label	LAB_0042cb86
0042cb9f	Label	LAB_0042cb9f
0042cbac	Label	LAB_0042cbac
0042cbae	Label	LAB_0042cbae
0042cbef	Label	LAB_0042cbef
0042cbf1	Label	LAB_0042cbf1
0042cc38	Label	LAB_0042cc38
0042cc45	Label	LAB_0042cc45
0042cc47	Label	LAB_0042cc47
0042cc8d	Label	LAB_0042cc8d
0042cc8f	Label	LAB_0042cc8f
0042ccc7	Label	LAB_0042ccc7
0042ccc9	Label	LAB_0042ccc9
0042cd17	Label	LAB_0042cd17
0042cd19	Label	LAB_0042cd19
0042cd60	Label	LAB_0042cd60
0042cd82	Label	LAB_0042cd82
0042cd9b	Label	LAB_0042cd9b
0042cda2	Label	LAB_0042cda2
0042cda4	Label	LAB_0042cda4
0042cde2	Label	LAB_0042cde2
0042cdfb	Label	LAB_0042cdfb
0042ce02	Label	LAB_0042ce02
0042ce04	Label	LAB_0042ce04
0042ce39	Label	LAB_0042ce39
0042ce3b	Label	LAB_0042ce3b
0042ce68	Label	LAB_0042ce68
0042ce70	Function	FUN_0042ce70
0042ce7f	Label	LAB_0042ce7f
0042cea9	Label	LAB_0042cea9
0042ceb0	Label	LAB_0042ceb0
0042ceb7	Label	LAB_0042ceb7
0042cebf	Label	LAB_0042cebf
0042ceeb	Label	LAB_0042ceeb
0042cef2	Label	LAB_0042cef2
0042cefc	Label	LAB_0042cefc
0042cf04	Function	FUN_0042cf04
0042cf10	Label	LAB_0042cf10
0042cf19	Label	LAB_0042cf19
0042cf3d	Label	LAB_0042cf3d
0042cf46	Label	LAB_0042cf46
0042cf4d	Label	LAB_0042cf4d
0042cf54	Function	FUN_0042cf54
0042cfc3	Label	LAB_0042cfc3
0042cfdc	Label	LAB_0042cfdc
0042cfe5	Label	LAB_0042cfe5
0042cfee	Label	LAB_0042cfee
0042cffc	Label	LAB_0042cffc
0042d048	Function	FUN_0042d048
0042d054	Label	LAB_0042d054
0042d079	Label	LAB_0042d079
0042d087	Label	LAB_0042d087
0042d0ad	Label	LAB_0042d0ad
0042d0d4	Function	FUN_0042d0d4
0042d0fc	Label	LAB_0042d0fc
0042d10b	Label	LAB_0042d10b
0042d11b	Label	LAB_0042d11b
0042d150	Label	LAB_0042d150
0042d160	Label	LAB_0042d160
0042d16f	Label	LAB_0042d16f
0042d17f	Label	LAB_0042d17f
0042d199	Label	LAB_0042d199
0042d19f	Label	LAB_0042d19f
0042d1a4	Function	FUN_0042d1a4
0042d1bc	Label	LAB_0042d1bc
0042d1cb	Label	LAB_0042d1cb
0042d205	Label	LAB_0042d205
0042d20c	Function	FUN_0042d20c
0042d244	Label	LAB_0042d244
0042d250	Function	FUN_0042d250
0042d272	Label	LAB_0042d272
0042d287	Label	LAB_0042d287
0042d29c	Label	LAB_0042d29c
0042d2b1	Label	LAB_0042d2b1
0042d2cd	Label	LAB_0042d2cd
0042d2d6	Label	LAB_0042d2d6
0042d2ee	Label	LAB_0042d2ee
0042d30d	Label	LAB_0042d30d
0042d325	Label	LAB_0042d325
0042d33d	Label	LAB_0042d33d
0042d36c	Function	FUN_0042d36c
0042d3af	Label	LAB_0042d3af
0042d3d7	Label	LAB_0042d3d7
0042d407	Label	LAB_0042d407
0042d420	Label	LAB_0042d420
0042d435	Label	LAB_0042d435
0042d452	Label	LAB_0042d452
0042d46c	Function	FUN_0042d46c
0042d4ae	Label	LAB_0042d4ae
0042d4d7	Label	LAB_0042d4d7
0042d503	Label	LAB_0042d503
0042d514	Label	LAB_0042d514
0042d526	Label	LAB_0042d526
0042d54b	Label	LAB_0042d54b
0042d554	Function	FUN_0042d554
0042d57a	Label	LAB_0042d57a
0042d595	Label	LAB_0042d595
0042d59c	Label	LAB_0042d59c
0042d5d3	Label	LAB_0042d5d3
0042d60f	Label	LAB_0042d60f
0042d61c	Function	FUN_0042d61c
0042d64b	Label	LAB_0042d64b
0042d66a	Label	LAB_0042d66a
0042d673	Label	LAB_0042d673
0042d682	Label	LAB_0042d682
0042d71f	Label	LAB_0042d71f
0042d72c	Function	FUN_0042d72c
0042d75f	Label	LAB_0042d75f
0042d776	Label	LAB_0042d776
0042d78d	Label	LAB_0042d78d
0042d7a0	Label	LAB_0042d7a0
0042d7bb	Label	LAB_0042d7bb
0042d7c0	Function	FUN_0042d7c0
0042d7e1	Label	LAB_0042d7e1
0042d81b	Label	LAB_0042d81b
0042d853	Label	LAB_0042d853
0042d860	Function	FUN_0042d860
0042d898	Label	LAB_0042d898
0042d8af	Label	LAB_0042d8af
0042d8c6	Label	LAB_0042d8c6
0042d8cf	Label	LAB_0042d8cf
0042d906	Label	LAB_0042d906
0042d93a	Label	LAB_0042d93a
0042d948	Function	FUN_0042d948
0042d96b	Label	LAB_0042d96b
0042d986	Label	LAB_0042d986
0042d991	Label	LAB_0042d991
0042d9a0	Label	LAB_0042d9a0
0042d9c5	Label	LAB_0042d9c5
0042d9cf	Label	LAB_0042d9cf
0042d9e2	Label	LAB_0042d9e2
0042da3d	Label	LAB_0042da3d
0042da67	Label	LAB_0042da67
0042da78	Label	LAB_0042da78
0042da89	Label	LAB_0042da89
0042dafb	Label	LAB_0042dafb
0042db5f	Label	LAB_0042db5f
0042db74	Function	FUN_0042db74
0042db93	Label	LAB_0042db93
0042dba2	Label	LAB_0042dba2
0042dbe7	Label	LAB_0042dbe7
0042dbf5	Label	LAB_0042dbf5
0042dc11	Label	LAB_0042dc11
0042dc28	Label	LAB_0042dc28
0042dc72	Label	LAB_0042dc72
0042dc83	Label	LAB_0042dc83
0042dc92	Label	LAB_0042dc92
0042dc97	Label	LAB_0042dc97
0042dc9c	Function	FUN_0042dc9c
0042dd24	Label	LAB_0042dd24
0042dd64	Label	LAB_0042dd64
0042dd69	Label	LAB_0042dd69
0042dd9d	Label	LAB_0042dd9d
0042dda2	Label	LAB_0042dda2
0042de15	Label	LAB_0042de15
0042de20	Label	LAB_0042de20
0042de38	Label	LAB_0042de38
0042de55	Label	LAB_0042de55
0042de6c	Label	LAB_0042de6c
0042de7b	Label	LAB_0042de7b
0042de8f	Label	LAB_0042de8f
0042dea6	Label	LAB_0042dea6
0042deab	Label	LAB_0042deab
0042deb8	Function	FUN_0042deb8
0042decd	Label	LAB_0042decd
0042dedc	Label	LAB_0042dedc
0042df44	Label	LAB_0042df44
0042df49	Label	LAB_0042df49
0042df5b	Label	LAB_0042df5b
0042df63	Label	LAB_0042df63
0042df66	Label	LAB_0042df66
0042dfaa	Label	LAB_0042dfaa
0042dfb8	Label	LAB_0042dfb8
0042dfd4	Label	LAB_0042dfd4
0042dffb	Label	LAB_0042dffb
0042e030	Label	LAB_0042e030
0042e077	Label	LAB_0042e077
0042e0a6	Label	LAB_0042e0a6
0042e0b7	Label	LAB_0042e0b7
0042e0c6	Label	LAB_0042e0c6
0042e0cb	Label	LAB_0042e0cb
0042e684	Function	FUN_0042e684
0042e6a7	Label	LAB_0042e6a7
0042e6e6	Label	LAB_0042e6e6
0042e70d	Label	LAB_0042e70d
0042e731	Label	LAB_0042e731
0042e739	Label	LAB_0042e739
0042e73d	Label	LAB_0042e73d
0042e745	Label	LAB_0042e745
0042e749	Label	LAB_0042e749
0042e770	Label	LAB_0042e770
0042e793	Label	LAB_0042e793
0042e795	Label	LAB_0042e795
0042e79b	Label	LAB_0042e79b
0042e7b7	Label	LAB_0042e7b7
0042e7ba	Label	LAB_0042e7ba
0042e7c3	Label	LAB_0042e7c3
0042e7ce	Label	LAB_0042e7ce
0042e7dc	Function	FUN_0042e7dc
0042e803	Label	LAB_0042e803
0042e851	Label	LAB_0042e851
0042e86d	Label	LAB_0042e86d
0042e871	Label	LAB_0042e871
0042e898	Label	LAB_0042e898
0042e89c	Label	LAB_0042e89c
0042e8c0	Label	LAB_0042e8c0
0042e8c8	Label	LAB_0042e8c8
0042e8cc	Label	LAB_0042e8cc
0042e8d4	Label	LAB_0042e8d4
0042e8d8	Label	LAB_0042e8d8
0042e8ff	Label	LAB_0042e8ff
0042e922	Label	LAB_0042e922
0042e924	Label	LAB_0042e924
0042e92a	Label	LAB_0042e92a
0042e948	Label	LAB_0042e948
0042e966	Label	LAB_0042e966
0042e96b	Label	LAB_0042e96b
0042e977	Label	LAB_0042e977
0042e97f	Label	LAB_0042e97f
0042e982	Label	LAB_0042e982
0042e996	Label	LAB_0042e996
0042e9a1	Label	LAB_0042e9a1
0042e9b7	Label	LAB_0042e9b7
0042e9e4	Label	LAB_0042e9e4
0042e9f1	Label	LAB_0042e9f1
0042ea00	Function	FUN_0042ea00
0042ea61	Label	LAB_0042ea61
0042eaa3	Label	LAB_0042eaa3
0042eac7	Label	LAB_0042eac7
0042eaec	Label	LAB_0042eaec
0042eaf0	Label	LAB_0042eaf0
0042eb12	Label	LAB_0042eb12
0042eb1a	Label	LAB_0042eb1a
0042eb1e	Label	LAB_0042eb1e
0042eb26	Label	LAB_0042eb26
0042eb2a	Label	LAB_0042eb2a
0042eb57	Label	LAB_0042eb57
0042eb80	Label	LAB_0042eb80
0042eb82	Label	LAB_0042eb82
0042eb88	Label	LAB_0042eb88
0042eba6	Label	LAB_0042eba6
0042ebfb	Label	LAB_0042ebfb
0042ec1d	Label	LAB_0042ec1d
0042ec48	Label	LAB_0042ec48
0042ec5d	Label	LAB_0042ec5d
0042ec61	Label	LAB_0042ec61
0042ec9f	Label	LAB_0042ec9f
0042ecca	Label	LAB_0042ecca
0042ecf3	Label	LAB_0042ecf3
0042ecfa	Label	LAB_0042ecfa
0042ed2e	Label	LAB_0042ed2e
0042ed49	Label	LAB_0042ed49
0042ed56	Label	LAB_0042ed56
0042ed61	Label	LAB_0042ed61
0042ed6c	Function	FUN_0042ed6c
0042ed97	Label	LAB_0042ed97
0042edec	Label	LAB_0042edec
0042ee08	Label	LAB_0042ee08
0042ee2c	Label	LAB_0042ee2c
0042ee4d	Label	LAB_0042ee4d
0042ee55	Label	LAB_0042ee55
0042ee59	Label	LAB_0042ee59
0042ee61	Label	LAB_0042ee61
0042ee65	Label	LAB_0042ee65
0042ee8c	Label	LAB_0042ee8c
0042eeaf	Label	LAB_0042eeaf
0042eeb1	Label	LAB_0042eeb1
0042eeb7	Label	LAB_0042eeb7
0042eed3	Label	LAB_0042eed3
0042eeea	Label	LAB_0042eeea
0042eeff	Label	LAB_0042eeff
0042ef04	Label	LAB_0042ef04
0042ef14	Label	LAB_0042ef14
0042ef1e	Label	LAB_0042ef1e
0042ef23	Label	LAB_0042ef23
0042ef45	Label	LAB_0042ef45
0042ef50	Label	LAB_0042ef50
0042ef98	Label	LAB_0042ef98
0042ef9d	Label	LAB_0042ef9d
0042efa5	Label	LAB_0042efa5
0042efab	Label	LAB_0042efab
0042efcd	Label	LAB_0042efcd
0042efd4	Label	LAB_0042efd4
0042efdc	Function	FUN_0042efdc
0042effe	Label	LAB_0042effe
0042f00c	Label	LAB_0042f00c
0042f024	Label	LAB_0042f024
0042f03b	Label	LAB_0042f03b
0042f03d	Label	LAB_0042f03d
0042f051	Label	LAB_0042f051
0042f123	Label	LAB_0042f123
0042f128	Label	LAB_0042f128
0042f15f	Label	LAB_0042f15f
0042f1c6	Label	LAB_0042f1c6
0042f1cd	Label	LAB_0042f1cd
0042f1d8	Label	LAB_0042f1d8
0042f1e3	Label	LAB_0042f1e3
0042f1e6	Label	LAB_0042f1e6
0042f21d	Label	LAB_0042f21d
0042f23e	Label	LAB_0042f23e
0042f280	Label	LAB_0042f280
0042f298	Label	LAB_0042f298
0042f2fc	Label	LAB_0042f2fc
0042f31e	Label	LAB_0042f31e
0042f389	Label	LAB_0042f389
0042f394	Label	LAB_0042f394
0042f396	Label	LAB_0042f396
0042f3d0	Label	LAB_0042f3d0
0042f3f9	Label	LAB_0042f3f9
0042f422	Label	LAB_0042f422
0042f429	Label	LAB_0042f429
0042f45d	Label	LAB_0042f45d
0042f478	Label	LAB_0042f478
0042f485	Label	LAB_0042f485
0042f490	Label	LAB_0042f490
0042f49c	Function	FUN_0042f49c
0042f4c3	Label	LAB_0042f4c3
0042f4d2	Label	LAB_0042f4d2
0042f4ff	Label	LAB_0042f4ff
0042f50a	Label	LAB_0042f50a
0042f519	Label	LAB_0042f519
0042f5d1	Label	LAB_0042f5d1
0042f5ed	Label	LAB_0042f5ed
0042f611	Label	LAB_0042f611
0042f632	Label	LAB_0042f632
0042f64a	Label	LAB_0042f64a
0042f675	Label	LAB_0042f675
0042f67c	Label	LAB_0042f67c
0042f67e	Label	LAB_0042f67e
0042f68b	Label	LAB_0042f68b
0042f68d	Label	LAB_0042f68d
0042f69c	Label	LAB_0042f69c
0042f72c	Label	LAB_0042f72c
0042f73d	Label	LAB_0042f73d
0042f747	Label	LAB_0042f747
0042f751	Label	LAB_0042f751
0042f75b	Label	LAB_0042f75b
0042f766	Label	LAB_0042f766
0042f795	Label	LAB_0042f795
0042f7ae	Label	LAB_0042f7ae
0042f7d0	Label	LAB_0042f7d0
0042f848	Label	LAB_0042f848
0042f852	Label	LAB_0042f852
0042f85c	Function	FUN_0042f85c
0042f87d	Label	LAB_0042f87d
0042f88c	Label	LAB_0042f88c
0042f8a4	Label	LAB_0042f8a4
0042f8af	Label	LAB_0042f8af
0042f8be	Label	LAB_0042f8be
0042f9b5	Label	LAB_0042f9b5
0042f9c0	Function	FUN_0042f9c0
0042f9e0	Label	LAB_0042f9e0
0042f9ef	Label	LAB_0042f9ef
0042fa07	Label	LAB_0042fa07
0042fa12	Label	LAB_0042fa12
0042fa21	Label	LAB_0042fa21
0042fa77	Label	LAB_0042fa77
0042fa81	Label	LAB_0042fa81
0042fa90	Label	LAB_0042fa90
0042fab9	Label	LAB_0042fab9
0042fac7	Label	LAB_0042fac7
0042fae7	Label	LAB_0042fae7
0042faed	Label	LAB_0042faed
0042faf2	Label	LAB_0042faf2
0042faf8	Function	FUN_0042faf8
0042fb12	Label	LAB_0042fb12
0042fb21	Label	LAB_0042fb21
0042fb2d	Label	LAB_0042fb2d
0042fb4a	Label	LAB_0042fb4a
0042fb59	Label	LAB_0042fb59
0042fb83	Label	LAB_0042fb83
0042fb8e	Label	LAB_0042fb8e
0042fb9d	Label	LAB_0042fb9d
0042fba6	Label	LAB_0042fba6
0042fbb1	Label	LAB_0042fbb1
0042fbc0	Label	LAB_0042fbc0
0042fbc7	Label	LAB_0042fbc7
0042fbd4	Label	LAB_0042fbd4
0042fbf3	Label	LAB_0042fbf3
0042fc04	Label	LAB_0042fc04
0042fc0c	Label	switchD_0042fc92::switchdataD_0042fc0c
0042fc84	Function	FUN_0042fc84
0042fc92	Label	switchD_0042fc92::switchD
0042fc9a	Label	switchD_0042fc92::caseD_0
0042fc9a	Label	switchD_0042fc92::caseD_5
0042fc9a	Label	switchD_0042fc92::caseD_8
0042fca1	Label	switchD_0042fc92::caseD_3
0042fca1	Label	switchD_0042fc92::caseD_17
0042fca8	Label	switchD_0042fc92::caseD_4
0042fca8	Label	switchD_0042fc92::caseD_11
0042fcaf	Label	switchD_0042fc92::caseD_7
0042fcb6	Label	switchD_0042fc92::caseD_d
0042fcbd	Label	switchD_0042fc92::caseD_10
0042fcc4	Label	switchD_0042fc92::caseD_12
0042fcc4	Label	switchD_0042fc92::caseD_13
0042fcc4	Label	switchD_0042fc92::caseD_15
0042fccb	Label	switchD_0042fc92::caseD_18
0042fccb	Label	switchD_0042fc92::caseD_19
0042fccb	Label	switchD_0042fc92::caseD_1b
0042fccb	Label	switchD_0042fc92::caseD_1d
0042fcd2	Label	switchD_0042fc92::caseD_1c
0042fcd9	Label	switchD_0042fc92::caseD_1a
0042fcde	Label	switchD_0042fc92::caseD_1
0042fcde	Label	switchD_0042fc92::caseD_2
0042fcde	Label	switchD_0042fc92::caseD_6
0042fcde	Label	switchD_0042fc92::caseD_9
0042fcde	Label	switchD_0042fc92::caseD_a
0042fcde	Label	switchD_0042fc92::caseD_b
0042fcde	Label	switchD_0042fc92::caseD_c
0042fcde	Label	switchD_0042fc92::caseD_e
0042fcde	Label	switchD_0042fc92::caseD_f
0042fcde	Label	switchD_0042fc92::caseD_14
0042fcde	Label	switchD_0042fc92::caseD_16
0042fce0	Function	FUN_0042fce0
0042fd18	Label	LAB_0042fd18
0042fd97	Label	LAB_0042fd97
0042fdb4	Label	LAB_0042fdb4
0042fdc3	Label	LAB_0042fdc3
0042fde0	Label	LAB_0042fde0
0042fde6	Label	LAB_0042fde6
0042fe0c	Label	LAB_0042fe0c
0042fe33	Label	LAB_0042fe33
0042fe4a	Label	LAB_0042fe4a
0042fe55	Label	LAB_0042fe55
00430568	Function	FUN_00430568
00430582	Label	LAB_00430582
0043058b	Label	LAB_0043058b
00430594	Label	LAB_00430594
0043059c	Function	FUN_0043059c
004305b6	Label	LAB_004305b6
004305b8	Function	FUN_004305b8
004305c3	Label	LAB_004305c3
0043060f	Label	LAB_0043060f
00430682	Label	LAB_00430682
0043068c	Label	LAB_0043068c
00430695	Label	LAB_00430695
0043069f	Label	LAB_0043069f
004307d0	Function	FUN_004307d0
004307fe	Label	LAB_004307fe
00430815	Label	LAB_00430815
004308c0	Label	LAB_004308c0
004308cd	Label	LAB_004308cd
0043097f	Label	LAB_0043097f
00430a11	Label	LAB_00430a11
00430a2b	Label	LAB_00430a2b
00430a49	Label	LAB_00430a49
00430a67	Label	LAB_00430a67
00430ab9	Label	LAB_00430ab9
00430ac3	Label	LAB_00430ac3
00430acd	Label	LAB_00430acd
00430ad7	Label	LAB_00430ad7
00430b1e	Label	LAB_00430b1e
00430b39	Label	LAB_00430b39
00430b5c	Label	LAB_00430b5c
00430b70	Label	LAB_00430b70
00430bd8	Label	LAB_00430bd8
00430c16	Label	LAB_00430c16
00430c47	Label	LAB_00430c47
00430c8f	Label	LAB_00430c8f
00430cae	Label	LAB_00430cae
00430cc2	Label	LAB_00430cc2
00430d87	Label	LAB_00430d87
00430dab	Label	LAB_00430dab
00430dc1	Label	LAB_00430dc1
00430dce	Label	LAB_00430dce
00430e0e	Label	LAB_00430e0e
00430e89	Label	LAB_00430e89
00430e97	Label	LAB_00430e97
00430ede	Label	LAB_00430ede
00430ee9	Label	LAB_00430ee9
00430f24	Label	LAB_00430f24
00430f28	Label	LAB_00430f28
00430f2d	Label	LAB_00430f2d
00430f61	Label	LAB_00430f61
00430f82	Label	LAB_00430f82
00430fcb	Label	LAB_00430fcb
00430fd8	Function	FUN_00430fd8
0043119a	Label	LAB_0043119a
004312a5	Label	LAB_004312a5
004312af	Label	LAB_004312af
004312b9	Label	LAB_004312b9
004312c3	Label	LAB_004312c3
0043130a	Label	LAB_0043130a
0043130f	Label	LAB_0043130f
00431326	Label	LAB_00431326
00431350	Label	LAB_00431350
00431355	Label	LAB_00431355
00431397	Label	LAB_00431397
004313b2	Label	LAB_004313b2
004313b7	Label	LAB_004313b7
004313e9	Label	LAB_004313e9
004313fc	Label	LAB_004313fc
00431401	Label	LAB_00431401
00431427	Label	LAB_00431427
0043146f	Label	LAB_0043146f
0043148e	Label	LAB_0043148e
004314a2	Label	LAB_004314a2
00431553	Label	LAB_00431553
00431577	Label	LAB_00431577
00431593	Label	LAB_00431593
004315a0	Label	LAB_004315a0
004315e9	Label	LAB_004315e9
0043163a	Label	LAB_0043163a
00431680	Label	LAB_00431680
004316be	Label	LAB_004316be
004316f2	Label	LAB_004316f2
00431713	Label	LAB_00431713
0043175a	Label	LAB_0043175a
00431767	Label	LAB_00431767
00431a7c	Function	FUN_00431a7c
00431b49	Label	LAB_00431b49
00431b4b	Label	LAB_00431b4b
00431b5e	Label	LAB_00431b5e
00431b62	Label	LAB_00431b62
00431b64	Label	LAB_00431b64
00431b7b	Label	LAB_00431b7b
00431b7d	Label	LAB_00431b7d
00431b90	Label	LAB_00431b90
00431b94	Label	LAB_00431b94
00431b96	Label	LAB_00431b96
00431bad	Label	LAB_00431bad
00431baf	Label	LAB_00431baf
00431bc2	Label	LAB_00431bc2
00431bc6	Label	LAB_00431bc6
00431bc8	Label	LAB_00431bc8
00431bdf	Label	LAB_00431bdf
00431be1	Label	LAB_00431be1
00431bf4	Label	LAB_00431bf4
00431bf8	Label	LAB_00431bf8
00431bfa	Label	LAB_00431bfa
00431c72	Label	LAB_00431c72
00431c9d	Label	LAB_00431c9d
00431cc9	Label	LAB_00431cc9
00431cf5	Label	LAB_00431cf5
00431da5	Label	LAB_00431da5
00431dbb	Label	LAB_00431dbb
00431ec3	Label	LAB_00431ec3
00431ec7	Label	LAB_00431ec7
00431ed7	Label	LAB_00431ed7
00431ee7	Label	LAB_00431ee7
00431eeb	Label	LAB_00431eeb
00431efb	Label	LAB_00431efb
00431f0b	Label	LAB_00431f0b
00431f0f	Label	LAB_00431f0f
00431f1e	Label	LAB_00431f1e
00431f2d	Label	LAB_00431f2d
00431f65	Label	LAB_00431f65
00431fa2	Label	LAB_00431fa2
00431fca	Label	LAB_00431fca
00431fd4	Label	LAB_00431fd4
00431ff4	Label	LAB_00431ff4
00432000	Label	LAB_00432000
00432007	Label	LAB_00432007
0043202c	Label	LAB_0043202c
00432038	Label	LAB_00432038
00432042	Label	LAB_00432042
0043204c	Label	LAB_0043204c
0043207d	Label	LAB_0043207d
00432086	Label	LAB_00432086
004320a4	Label	LAB_004320a4
004320b3	Label	LAB_004320b3
004320be	Label	LAB_004320be
004320d4	Label	LAB_004320d4
004320e0	Label	LAB_004320e0
004320e6	Label	LAB_004320e6
004320e9	Label	LAB_004320e9
004321d5	Label	LAB_004321d5
004321eb	Label	LAB_004321eb
004321f6	Label	LAB_004321f6
0043222d	Label	LAB_0043222d
00432269	Label	LAB_00432269
004322b1	Label	LAB_004322b1
004322b5	Label	LAB_004322b5
004322d8	Label	LAB_004322d8
004323ac	Label	LAB_004323ac
00432455	Label	LAB_00432455
00432476	Label	LAB_00432476
004324a0	Label	LAB_004324a0
004324b3	Label	LAB_004324b3
004324e4	Label	LAB_004324e4
004324f6	Label	LAB_004324f6
00432550	Label	LAB_00432550
004325c2	Label	LAB_004325c2
0043268c	Label	LAB_0043268c
004326d6	Label	LAB_004326d6
004326e9	Label	LAB_004326e9
00432718	Label	LAB_00432718
00432728	Label	LAB_00432728
00432784	Label	LAB_00432784
004327d8	Label	LAB_004327d8
0043287f	Label	LAB_0043287f
0043289f	Label	LAB_0043289f
004328c3	Label	LAB_004328c3
004328d6	Label	LAB_004328d6
00432904	Label	LAB_00432904
00432913	Label	LAB_00432913
00432967	Label	LAB_00432967
004329f4	Label	LAB_004329f4
00432ac1	Label	LAB_00432ac1
00432b0b	Label	LAB_00432b0b
00432b1e	Label	LAB_00432b1e
00432b4f	Label	LAB_00432b4f
00432b5f	Label	LAB_00432b5f
00432bb6	Label	LAB_00432bb6
00432bcc	Label	LAB_00432bcc
00432c64	Function	FUN_00432c64
00432c9e	Label	LAB_00432c9e
00432cb5	Label	LAB_00432cb5
00432cc3	Label	LAB_00432cc3
00432cca	Label	LAB_00432cca
00432cfd	Label	LAB_00432cfd
00432d1c	Label	LAB_00432d1c
00432d2a	Label	LAB_00432d2a
00432d5a	Label	LAB_00432d5a
00432d73	Label	LAB_00432d73
00432d81	Label	LAB_00432d81
00432db2	Label	LAB_00432db2
00432dcf	Label	LAB_00432dcf
00432ddd	Label	LAB_00432ddd
00432de4	Function	FUN_00432de4
00432df0	Label	LAB_00432df0
00432dfe	Label	LAB_00432dfe
00432e08	Function	FUN_00432e08
00432e2a	Label	LAB_00432e2a
00432e33	Label	LAB_00432e33
00432e35	Label	LAB_00432e35
00432e55	Label	LAB_00432e55
00432e6e	Label	LAB_00432e6e
00432e7e	Label	LAB_00432e7e
00432e97	Label	LAB_00432e97
00432ea7	Label	LAB_00432ea7
00432ec3	Label	LAB_00432ec3
00432ecc	Function	FUN_00432ecc
0043300b	Label	LAB_0043300b
00433014	Label	LAB_00433014
00433533	Label	LAB_00433533
00433560	Label	LAB_00433560
004335e0	Label	LAB_004335e0
0043367f	Label	LAB_0043367f
00433d30	Function	FUN_00433d30
00433d6d	Label	LAB_00433d6d
00433d78	Label	LAB_00433d78
00433de9	Label	LAB_00433de9
00433df4	Label	LAB_00433df4
00433e1a	Label	LAB_00433e1a
00433e25	Label	LAB_00433e25
00433e5e	Label	LAB_00433e5e
00433e88	Label	LAB_00433e88
00433e9c	Function	FUN_00433e9c
00433f5c	Label	LAB_00433f5c
00433f5e	Label	LAB_00433f5e
00433f71	Label	LAB_00433f71
00433f75	Label	LAB_00433f75
00433f77	Label	LAB_00433f77
00433f91	Label	LAB_00433f91
00433f93	Label	LAB_00433f93
00433fa6	Label	LAB_00433fa6
00433faa	Label	LAB_00433faa
00433fac	Label	LAB_00433fac
00433fc6	Label	LAB_00433fc6
00433fc8	Label	LAB_00433fc8
00433fdb	Label	LAB_00433fdb
00433fdf	Label	LAB_00433fdf
00433fe1	Label	LAB_00433fe1
00433ffb	Label	LAB_00433ffb
00433ffd	Label	LAB_00433ffd
00434010	Label	LAB_00434010
00434014	Label	LAB_00434014
00434016	Label	LAB_00434016
004340a3	Label	LAB_004340a3
004340d4	Label	LAB_004340d4
00434106	Label	LAB_00434106
00434138	Label	LAB_00434138
004341fe	Label	LAB_004341fe
00434214	Label	LAB_00434214
00434314	Label	LAB_00434314
00434318	Label	LAB_00434318
00434328	Label	LAB_00434328
00434338	Label	LAB_00434338
0043433c	Label	LAB_0043433c
0043434c	Label	LAB_0043434c
0043435c	Label	LAB_0043435c
00434360	Label	LAB_00434360
0043436f	Label	LAB_0043436f
0043437e	Label	LAB_0043437e
004343b4	Label	LAB_004343b4
004343d8	Label	LAB_004343d8
00434400	Label	LAB_00434400
0043440a	Label	LAB_0043440a
0043442a	Label	LAB_0043442a
00434436	Label	LAB_00434436
0043443d	Label	LAB_0043443d
00434456	Label	LAB_00434456
0043445c	Label	LAB_0043445c
00434475	Label	LAB_00434475
0043447f	Label	LAB_0043447f
004344df	Label	LAB_004344df
004344fb	Label	LAB_004344fb
00434592	Label	LAB_00434592
004345ab	Label	LAB_004345ab
004345f6	Label	LAB_004345f6
004345fd	Label	LAB_004345fd
00434626	Label	LAB_00434626
0043462c	Label	LAB_0043462c
0043466d	Label	LAB_0043466d
004346aa	Label	LAB_004346aa
004346de	Label	LAB_004346de
0043471a	Label	LAB_0043471a
00434754	Label	LAB_00434754
0043477d	Label	LAB_0043477d
00434781	Label	LAB_00434781
004348e5	Label	LAB_004348e5
00434902	Label	LAB_00434902
0043490d	Label	LAB_0043490d
0043498c	Label	LAB_0043498c
004349f7	Label	LAB_004349f7
00434a8c	Label	LAB_00434a8c
00434a9b	Label	LAB_00434a9b
00434be8	Label	LAB_00434be8
00434c40	Label	LAB_00434c40
00434c5a	Label	LAB_00434c5a
00434ce9	Label	LAB_00434ce9
00434cf2	Label	LAB_00434cf2
00434d3f	Label	LAB_00434d3f
00434d55	Label	LAB_00434d55
00434d9a	Label	LAB_00434d9a
00434dcf	Label	LAB_00434dcf
00434e54	Label	LAB_00434e54
00434ec0	Label	LAB_00434ec0
00434f18	Label	LAB_00434f18
00434f31	Label	LAB_00434f31
00434fc0	Label	LAB_00434fc0
00434fc9	Label	LAB_00434fc9
00435016	Label	LAB_00435016
0043502c	Label	LAB_0043502c
00435076	Label	LAB_00435076
004350ab	Label	LAB_004350ab
0043513c	Label	LAB_0043513c
004351a7	Label	LAB_004351a7
004351ff	Label	LAB_004351ff
00435218	Label	LAB_00435218
004352a1	Label	LAB_004352a1
004352aa	Label	LAB_004352aa
004352eb	Label	LAB_004352eb
00435301	Label	LAB_00435301
00435340	Label	LAB_00435340
0043536f	Label	LAB_0043536f
004353f4	Label	LAB_004353f4
004354b3	Label	LAB_004354b3
0043550b	Label	LAB_0043550b
00435525	Label	LAB_00435525
004355c2	Label	LAB_004355c2
004355cb	Label	LAB_004355cb
00435618	Label	LAB_00435618
0043562e	Label	LAB_0043562e
00435673	Label	LAB_00435673
004356a8	Label	LAB_004356a8
0043573f	Label	LAB_0043573f
0043574c	Function	FUN_0043574c
00435776	Label	LAB_00435776
00435783	Label	LAB_00435783
00435785	Label	LAB_00435785
004357a8	Label	LAB_004357a8
004357aa	Label	LAB_004357aa
004357ba	Label	LAB_004357ba
004357bd	Label	LAB_004357bd
004357df	Label	LAB_004357df
004357e1	Label	LAB_004357e1
00435804	Label	LAB_00435804
00435806	Label	LAB_00435806
00435816	Label	LAB_00435816
00435819	Label	LAB_00435819
0043583e	Label	LAB_0043583e
00435841	Label	LAB_00435841
00435867	Label	LAB_00435867
0043586a	Label	LAB_0043586a
0043587a	Label	LAB_0043587a
0043587d	Label	LAB_0043587d
004358a2	Label	LAB_004358a2
004358a5	Label	LAB_004358a5
004358cb	Label	LAB_004358cb
004358ce	Label	LAB_004358ce
004358de	Label	LAB_004358de
004358e1	Label	LAB_004358e1
00435aa5	Label	LAB_00435aa5
00435c05	Label	LAB_00435c05
00435d70	Label	LAB_00435d70
00435ede	Label	LAB_00435ede
00436049	Label	LAB_00436049
004361c6	Label	LAB_004361c6
00436331	Label	LAB_00436331
0043648e	Label	LAB_0043648e
004365f7	Label	LAB_004365f7
00436760	Label	LAB_00436760
004368c9	Label	LAB_004368c9
00436a41	Label	LAB_00436a41
00436bc2	Label	LAB_00436bc2
00436d22	Label	LAB_00436d22
00436e68	Label	LAB_00436e68
00436fd6	Label	LAB_00436fd6
00437121	Label	LAB_00437121
0043729b	Label	LAB_0043729b
00437406	Label	LAB_00437406
00437465	Label	LAB_00437465
00437552	Label	LAB_00437552
004376b9	Label	LAB_004376b9
00437805	Label	LAB_00437805
0043796c	Label	LAB_0043796c
00437ad7	Label	LAB_00437ad7
00437ae4	Function	FUN_00437ae4
00437bcb	Label	LAB_00437bcb
00437bcd	Label	LAB_00437bcd
00437be0	Label	LAB_00437be0
00437be4	Label	LAB_00437be4
00437be6	Label	LAB_00437be6
00437c00	Label	LAB_00437c00
00437c02	Label	LAB_00437c02
00437c15	Label	LAB_00437c15
00437c19	Label	LAB_00437c19
00437c1b	Label	LAB_00437c1b
00437c35	Label	LAB_00437c35
00437c37	Label	LAB_00437c37
00437c4a	Label	LAB_00437c4a
00437c4e	Label	LAB_00437c4e
00437c50	Label	LAB_00437c50
00437c6a	Label	LAB_00437c6a
00437c6c	Label	LAB_00437c6c
00437c7f	Label	LAB_00437c7f
00437c83	Label	LAB_00437c83
00437c85	Label	LAB_00437c85
00437d12	Label	LAB_00437d12
00437d43	Label	LAB_00437d43
00437d75	Label	LAB_00437d75
00437da7	Label	LAB_00437da7
00437e5f	Label	LAB_00437e5f
00437e75	Label	LAB_00437e75
00437f6a	Label	LAB_00437f6a
00437f6e	Label	LAB_00437f6e
00437f7e	Label	LAB_00437f7e
00437f8e	Label	LAB_00437f8e
00437f92	Label	LAB_00437f92
00437fa2	Label	LAB_00437fa2
00437fb2	Label	LAB_00437fb2
00437fb6	Label	LAB_00437fb6
00437fc5	Label	LAB_00437fc5
00437fd4	Label	LAB_00437fd4
0043800c	Label	LAB_0043800c
00438049	Label	LAB_00438049
00438071	Label	LAB_00438071
0043807b	Label	LAB_0043807b
0043809b	Label	LAB_0043809b
004380a7	Label	LAB_004380a7
004380ae	Label	LAB_004380ae
004380c7	Label	LAB_004380c7
004380cd	Label	LAB_004380cd
004380e6	Label	LAB_004380e6
004380f0	Label	LAB_004380f0
004381ad	Label	LAB_004381ad
004381e5	Label	LAB_004381e5
00438219	Label	LAB_00438219
00438255	Label	LAB_00438255
00438278	Label	LAB_00438278
00438295	Label	LAB_00438295
004382a7	Label	LAB_004382a7
00438401	Label	LAB_00438401
0043841e	Label	LAB_0043841e
00438429	Label	LAB_00438429
00438494	Label	LAB_00438494
00438518	Label	LAB_00438518
004385c9	Label	LAB_004385c9
004385d8	Label	LAB_004385d8
0043873f	Label	LAB_0043873f
00438796	Label	LAB_00438796
004387a5	Label	LAB_004387a5
00438832	Label	LAB_00438832
0043883b	Label	LAB_0043883b
00438888	Label	LAB_00438888
0043889e	Label	LAB_0043889e
004388dd	Label	LAB_004388dd
004388fa	Label	LAB_004388fa
00438985	Label	LAB_00438985
004389f1	Label	LAB_004389f1
00438a49	Label	LAB_00438a49
00438a58	Label	LAB_00438a58
00438ae5	Label	LAB_00438ae5
00438aee	Label	LAB_00438aee
00438b3b	Label	LAB_00438b3b
00438b51	Label	LAB_00438b51
00438b90	Label	LAB_00438b90
00438bad	Label	LAB_00438bad
00438c3d	Label	LAB_00438c3d
00438cae	Label	LAB_00438cae
00438d05	Label	LAB_00438d05
00438d14	Label	LAB_00438d14
00438d9b	Label	LAB_00438d9b
00438da4	Label	LAB_00438da4
00438de5	Label	LAB_00438de5
00438dfb	Label	LAB_00438dfb
00438e38	Label	LAB_00438e38
00438e4f	Label	LAB_00438e4f
00438eda	Label	LAB_00438eda
00438fa2	Label	LAB_00438fa2
00438ffa	Label	LAB_00438ffa
00439009	Label	LAB_00439009
004390a3	Label	LAB_004390a3
004390ac	Label	LAB_004390ac
004390f9	Label	LAB_004390f9
0043910f	Label	LAB_0043910f
0043914e	Label	LAB_0043914e
0043916b	Label	LAB_0043916b
00439208	Label	LAB_00439208
00439215	Label	LAB_00439215
00439220	Function	FUN_00439220
00439408	Function	FUN_00439408
0043a1fc	Function	FUN_0043a1fc
0043a239	Label	LAB_0043a239
0043a25b	Label	LAB_0043a25b
0043a28c	Label	LAB_0043a28c
0043a2d8	Label	LAB_0043a2d8
0043a2e6	Label	LAB_0043a2e6
0043a2ec	Label	LAB_0043a2ec
0043a327	Label	LAB_0043a327
0043a34f	Label	LAB_0043a34f
0043a362	Label	LAB_0043a362
0043a368	Label	switchD_0043a48a::switchdataD_0043a368
0043a39c	Function	FUN_0043a39c
0043a3d5	Label	LAB_0043a3d5
0043a3e3	Label	LAB_0043a3e3
0043a404	Label	LAB_0043a404
0043a42d	Label	LAB_0043a42d
0043a472	Label	LAB_0043a472
0043a479	Label	LAB_0043a479
0043a48a	Label	switchD_0043a48a::switchD
0043a492	Label	switchD_0043a48a::caseD_0
0043a499	Label	switchD_0043a48a::caseD_1
0043a4a0	Label	switchD_0043a48a::caseD_2
0043a4a7	Label	switchD_0043a48a::caseD_3
0043a4ae	Label	switchD_0043a48a::caseD_4
0043a4b5	Label	switchD_0043a48a::caseD_5
0043a4bc	Label	switchD_0043a48a::caseD_6
0043a4c3	Label	switchD_0043a48a::caseD_7
0043a4ca	Label	switchD_0043a48a::caseD_8
0043a4d1	Label	switchD_0043a48a::caseD_9
0043a4d8	Label	switchD_0043a48a::caseD_a
0043a4df	Label	switchD_0043a48a::caseD_b
0043a4e6	Label	switchD_0043a48a::caseD_c
0043a4eb	Label	switchD_0043a48a::default
0043a501	Label	LAB_0043a501
0043a559	Label	LAB_0043a559
0043a5a7	Label	LAB_0043a5a7
0043a5b0	Label	LAB_0043a5b0
0043a5ed	Label	LAB_0043a5ed
0043a5f8	Label	LAB_0043a5f8
0043a608	Label	LAB_0043a608
0043a629	Label	LAB_0043a629
0043a640	Label	LAB_0043a640
0043a6e0	Function	FUN_0043a6e0
0043a738	Label	LAB_0043a738
0043a73f	Label	LAB_0043a73f
0043a800	Function	FUN_0043a800
0043a826	Label	LAB_0043a826
0043a830	Label	LAB_0043a830
0043a83f	Label	LAB_0043a83f
0043a848	Label	LAB_0043a848
0043a851	Label	LAB_0043a851
0043a864	Label	LAB_0043a864
0043a86b	Label	LAB_0043a86b
0043a883	Label	LAB_0043a883
0043a88c	Label	LAB_0043a88c
0043a89b	Label	LAB_0043a89b
0043a8a4	Label	LAB_0043a8a4
0043a8ab	Label	LAB_0043a8ab
0043a8b5	Label	LAB_0043a8b5
0043a8c3	Label	LAB_0043a8c3
0043a8d1	Label	LAB_0043a8d1
0043a8db	Label	LAB_0043a8db
0043a8e9	Label	LAB_0043a8e9
0043a8f0	Label	LAB_0043a8f0
0043a8f8	Function	FUN_0043a8f8
0043a922	Label	LAB_0043a922
0043a931	Label	LAB_0043a931
0043a93a	Label	LAB_0043a93a
0043a941	Label	LAB_0043a941
0043a952	Label	LAB_0043a952
0043a95e	Label	LAB_0043a95e
0043a96b	Label	LAB_0043a96b
0043a97f	Label	LAB_0043a97f
0043a986	Label	LAB_0043a986
0043a98d	Label	LAB_0043a98d
0043a99b	Label	LAB_0043a99b
0043a9a8	Function	FUN_0043a9a8
0043a9c7	Label	LAB_0043a9c7
0043a9d4	Label	LAB_0043a9d4
0043a9e3	Label	LAB_0043a9e3
0043a9ec	Label	LAB_0043a9ec
0043aa14	Function	FUN_0043aa14
0043aa32	Label	LAB_0043aa32
0043aa3b	Label	LAB_0043aa3b
0043aa4a	Label	LAB_0043aa4a
0043aa53	Label	LAB_0043aa53
0043aa5a	Label	LAB_0043aa5a
0043aa68	Label	LAB_0043aa68
0043aa98	Function	FUN_0043aa98
0043aab7	Label	LAB_0043aab7
0043aac0	Label	LAB_0043aac0
0043aacf	Label	LAB_0043aacf
0043aad8	Label	LAB_0043aad8
0043aadf	Label	LAB_0043aadf
0043aaeb	Label	LAB_0043aaeb
0043aaf9	Label	LAB_0043aaf9
0043ab06	Label	LAB_0043ab06
0043ab38	Function	FUN_0043ab38
0043ab47	Label	LAB_0043ab47
0043ab55	Label	LAB_0043ab55
0043ab5c	Label	LAB_0043ab5c
0043ab6a	Label	LAB_0043ab6a
0043ab71	Label	LAB_0043ab71
0043ab74	Function	FUN_0043ab74
0043ab9e	Label	LAB_0043ab9e
0043abd0	Label	LAB_0043abd0
0043abff	Label	LAB_0043abff
0043ac05	Label	LAB_0043ac05
0043ac1d	Label	LAB_0043ac1d
0043ac2f	Label	LAB_0043ac2f
0043ac36	Label	LAB_0043ac36
0043ac3f	Label	LAB_0043ac3f
0043ac46	Label	LAB_0043ac46
0043ac4d	Label	LAB_0043ac4d
0043ac52	Label	LAB_0043ac52
0043ac57	Label	LAB_0043ac57
0043ac60	Function	FUN_0043ac60
0043ace2	Label	LAB_0043ace2
0043acec	Function	FUN_0043acec
0043ada3	Label	LAB_0043ada3
0043adc0	Function	FUN_0043adc0
0043ae75	Label	LAB_0043ae75
0043ae80	Label	LAB_0043ae80
0043ae8c	Label	LAB_0043ae8c
0043ae9c	Label	LAB_0043ae9c
0043aeac	Function	FUN_0043aeac
0043aee3	Label	LAB_0043aee3
0043aeec	Label	LAB_0043aeec
0043aef4	Label	LAB_0043aef4
0043af0f	Label	LAB_0043af0f
0043af20	Label	LAB_0043af20
0043af26	Label	LAB_0043af26
0043af2c	Label	LAB_0043af2c
0043af32	Label	LAB_0043af32
0043af38	Label	LAB_0043af38
0043af3e	Label	LAB_0043af3e
0043af44	Label	LAB_0043af44
0043af4a	Label	LAB_0043af4a
0043af50	Label	LAB_0043af50
0043af56	Label	LAB_0043af56
0043af5c	Label	LAB_0043af5c
0043af62	Label	LAB_0043af62
0043af68	Label	LAB_0043af68
0043af95	Label	LAB_0043af95
0043af98	Function	FUN_0043af98
0043b120	Label	LAB_0043b120
0043b127	Label	LAB_0043b127
0043b137	Label	LAB_0043b137
0043b13d	Label	LAB_0043b13d
0043b149	Label	LAB_0043b149
0043b15b	Label	LAB_0043b15b
0043b175	Label	LAB_0043b175
0043b184	Label	LAB_0043b184
0043b19e	Label	LAB_0043b19e
0043b367	Label	LAB_0043b367
0043b36e	Label	LAB_0043b36e
0043b37e	Label	LAB_0043b37e
0043b384	Function	FUN_0043b384
0043b3ab	Label	LAB_0043b3ab
0043b3c3	Label	LAB_0043b3c3
0043b3f0	Label	LAB_0043b3f0
0043b3fc	Label	LAB_0043b3fc
0043b40e	Label	LAB_0043b40e
0043b428	Label	LAB_0043b428
0043b437	Label	LAB_0043b437
0043b451	Label	LAB_0043b451
0043b609	Label	LAB_0043b609
0043b610	Label	LAB_0043b610
0043b620	Label	LAB_0043b620
0043b63c	Label	LAB_0043b63c
0043b657	Label	LAB_0043b657
0043b660	Label	LAB_0043b660
0043b662	Label	LAB_0043b662
0043b693	Label	LAB_0043b693
0043b69a	Label	LAB_0043b69a
0043b6b0	Label	LAB_0043b6b0
0043b6c7	Label	LAB_0043b6c7
0043b6ce	Label	LAB_0043b6ce
0043b6e0	Label	LAB_0043b6e0
0043b6ed	Label	LAB_0043b6ed
0043b700	Label	LAB_0043b700
0043b708	Function	FUN_0043b708
0043b7ad	Label	LAB_0043b7ad
0043b827	Label	LAB_0043b827
0043b85f	Label	LAB_0043b85f
0043b875	Label	LAB_0043b875
0043b89d	Label	LAB_0043b89d
0043b8b4	Label	LAB_0043b8b4
0043b8cd	Label	LAB_0043b8cd
0043b921	Label	LAB_0043b921
0043b961	Label	LAB_0043b961
0043b96c	Function	FUN_0043b96c
0043b9a9	Label	LAB_0043b9a9
0043b9bc	Function	FUN_0043b9bc
0043b9e7	Label	LAB_0043b9e7
0043b9f2	Label	LAB_0043b9f2
0043ba00	Label	LAB_0043ba00
0043ba08	Label	LAB_0043ba08
0043ba1d	Label	LAB_0043ba1d
0043ba25	Label	LAB_0043ba25
0043ba76	Label	LAB_0043ba76
0043bac2	Label	LAB_0043bac2
0043bad4	Label	LAB_0043bad4
0043bb2a	Label	LAB_0043bb2a
0043bb44	Label	LAB_0043bb44
0043bb56	Label	LAB_0043bb56
0043bba8	Label	LAB_0043bba8
0043bbca	Label	LAB_0043bbca
0043bbe2	Label	LAB_0043bbe2
0043bbfa	Label	LAB_0043bbfa
0043bc13	Label	LAB_0043bc13
0043bc31	Label	LAB_0043bc31
0043bd30	Label	LAB_0043bd30
0043bd3c	Label	LAB_0043bd3c
0043bd44	Label	LAB_0043bd44
0043bd4c	Function	FUN_0043bd4c
0043bd5a	Label	LAB_0043bd5a
0043bd6d	Label	LAB_0043bd6d
0043bd75	Label	LAB_0043bd75
0043bd88	Label	LAB_0043bd88
0043bd9b	Label	LAB_0043bd9b
0043bdb6	Label	LAB_0043bdb6
0043bdbd	Label	LAB_0043bdbd
0043bdcc	Label	LAB_0043bdcc
0043bde7	Label	LAB_0043bde7
0043bdee	Label	LAB_0043bdee
0043bdff	Label	LAB_0043bdff
0043be49	Label	LAB_0043be49
0043be52	Label	LAB_0043be52
0043be5b	Label	LAB_0043be5b
0043beb1	Label	LAB_0043beb1
0043beba	Label	LAB_0043beba
0043bed4	Label	LAB_0043bed4
0043befc	Label	LAB_0043befc
0043bf16	Label	LAB_0043bf16
0043bf24	Label	LAB_0043bf24
0043bf3e	Label	LAB_0043bf3e
0043bf55	Label	LAB_0043bf55
0043bfaa	Label	LAB_0043bfaa
0043bfd1	Label	LAB_0043bfd1
0043c028	Label	LAB_0043c028
0043c068	Label	LAB_0043c068
0043c084	Label	LAB_0043c084
0043c092	Label	LAB_0043c092
0043c0ca	Label	LAB_0043c0ca
0043c0ea	Label	LAB_0043c0ea
0043c0fa	Label	LAB_0043c0fa
0043c10a	Label	LAB_0043c10a
0043c138	Label	LAB_0043c138
0043c15b	Label	LAB_0043c15b
0043c166	Label	LAB_0043c166
0043c190	Label	LAB_0043c190
0043c1b8	Function	FUN_0043c1b8
0043c1d2	Label	LAB_0043c1d2
0043c1eb	Label	LAB_0043c1eb
0043c1f9	Label	LAB_0043c1f9
0043c22c	Label	LAB_0043c22c
0043c243	Label	LAB_0043c243
0043c295	Label	LAB_0043c295
0043c29e	Label	LAB_0043c29e
0043c2af	Label	LAB_0043c2af
0043c2c1	Label	LAB_0043c2c1
0043c2db	Label	LAB_0043c2db
0043c2e4	Label	LAB_0043c2e4
0043c2f0	Label	LAB_0043c2f0
0043c34e	Label	LAB_0043c34e
0043c350	Label	LAB_0043c350
0043c369	Label	LAB_0043c369
0043c374	Label	LAB_0043c374
0043c386	Label	LAB_0043c386
0043c3ac	Label	LAB_0043c3ac
0043c3b2	Label	LAB_0043c3b2
0043c3ce	Label	LAB_0043c3ce
0043c3f4	Label	LAB_0043c3f4
0043c3f6	Label	LAB_0043c3f6
0043c40f	Label	LAB_0043c40f
0043c418	Label	LAB_0043c418
0043c42d	Label	LAB_0043c42d
0043c458	Label	LAB_0043c458
0043c464	Label	LAB_0043c464
0043c46e	Label	LAB_0043c46e
0043c479	Label	LAB_0043c479
0043c4b0	Label	LAB_0043c4b0
0043c4bc	Label	DAT_0043c4bc
0043c4e8	Label	LAB_0043c4e8
0043c51d	Label	LAB_0043c51d
0043c533	Label	LAB_0043c533
0043c54f	Label	LAB_0043c54f
0043c556	Label	LAB_0043c556
0043c562	Label	LAB_0043c562
0043c56d	Label	LAB_0043c56d
0043c578	Label	LAB_0043c578
0043c585	Label	LAB_0043c585
0043c58f	Label	LAB_0043c58f
0043c594	Label	LAB_0043c594
0043c5c6	Label	LAB_0043c5c6
0043c5d8	Label	LAB_0043c5d8
0043c5f8	Label	LAB_0043c5f8
0043c603	Label	LAB_0043c603
0043c610	Label	LAB_0043c610
0043c61c	Label	LAB_0043c61c
0043c631	Label	LAB_0043c631
0043c65d	Label	LAB_0043c65d
0043c667	Label	LAB_0043c667
0043c66c	Label	DAT_0043c66c
0043c8a4	Label	DAT_0043c8a4
0043c8a8	Label	DAT_0043c8a8
0043c8b4	Label	DAT_0043c8b4
0043c8b8	Label	LAB_0043c8b8
0043c8e8	Label	LAB_0043c8e8
0043c8f8	Label	LAB_0043c8f8
0043c910	Function	FUN_0043c910
0043c95a	Label	LAB_0043c95a
0043c973	Label	LAB_0043c973
0043c998	Function	FUN_0043c998
0043c9af	Label	LAB_0043c9af
0043c9df	Label	LAB_0043c9df
0043ca0d	Label	LAB_0043ca0d
0043ca2c	Label	LAB_0043ca2c
0043ca53	Label	LAB_0043ca53
0043ca5d	Label	LAB_0043ca5d
0043ca84	Function	FUN_0043ca84
0043cac0	Function	FUN_0043cac0
0043cafc	Label	LAB_0043cafc
0043cb1c	Label	LAB_0043cb1c
0043cb2b	Label	LAB_0043cb2b
0043cb46	Label	LAB_0043cb46
0043cb53	Label	LAB_0043cb53
0043cb88	Label	LAB_0043cb88
0043cba1	Label	LAB_0043cba1
0043cbab	Label	LAB_0043cbab
0043cbb4	Function	FUN_0043cbb4
0043cbd0	Function	FUN_0043cbd0
0043cbf0	Function	FUN_0043cbf0
0043cc07	Label	LAB_0043cc07
0043cc35	Label	LAB_0043cc35
0043cc63	Label	LAB_0043cc63
0043cc82	Label	LAB_0043cc82
0043cca9	Label	LAB_0043cca9
0043ccb3	Label	LAB_0043ccb3
0043ccc8	Function	FUN_0043ccc8
0043cd16	Label	LAB_0043cd16
0043cd2f	Label	LAB_0043cd2f
0043cd79	Label	LAB_0043cd79
0043ce58	Function	FUN_0043ce58
0043ce96	Label	LAB_0043ce96
0043ceb5	Label	LAB_0043ceb5
0043cec1	Label	LAB_0043cec1
0043ced0	Label	LAB_0043ced0
0043cedc	Label	LAB_0043cedc
0043cee6	Label	LAB_0043cee6
0043cf0d	Label	LAB_0043cf0d
0043cf2b	Label	LAB_0043cf2b
0043cf5b	Label	LAB_0043cf5b
0043cf8d	Label	LAB_0043cf8d
0043cfae	Label	LAB_0043cfae
0043cfba	Label	LAB_0043cfba
0043cfe5	Label	LAB_0043cfe5
0043d007	Label	LAB_0043d007
0043d011	Label	LAB_0043d011
0043d01e	Label	LAB_0043d01e
0043d06c	Label	LAB_0043d06c
0043d0bd	Label	LAB_0043d0bd
0043d0c6	Label	LAB_0043d0c6
0043d0d8	Label	LAB_0043d0d8
0043d0e6	Label	LAB_0043d0e6
0043d101	Label	LAB_0043d101
0043d10c	Label	LAB_0043d10c
0043d121	Label	LAB_0043d121
0043d13a	Label	LAB_0043d13a
0043d13e	Label	LAB_0043d13e
0043d145	Label	LAB_0043d145
0043d15e	Label	LAB_0043d15e
0043d176	Label	LAB_0043d176
0043d1a8	Label	LAB_0043d1a8
0043d1af	Label	LAB_0043d1af
0043d1c9	Label	LAB_0043d1c9
0043d1de	Label	LAB_0043d1de
0043d1e8	Label	LAB_0043d1e8
0043d1ff	Label	LAB_0043d1ff
0043d24c	Label	LAB_0043d24c
0043d261	Label	LAB_0043d261
0043d26b	Label	LAB_0043d26b
0043d285	Label	LAB_0043d285
0043d2ce	Label	LAB_0043d2ce
0043d2f3	Label	LAB_0043d2f3
0043d318	Label	LAB_0043d318
0043d336	Label	LAB_0043d336
0043d359	Label	LAB_0043d359
0043d363	Label	LAB_0043d363
0043d379	Label	LAB_0043d379
0043d38a	Label	LAB_0043d38a
0043d391	Label	LAB_0043d391
0043d3b3	Label	LAB_0043d3b3
0043d3c8	Label	LAB_0043d3c8
0043d3e9	Label	LAB_0043d3e9
0043d3fe	Label	LAB_0043d3fe
0043d408	Label	LAB_0043d408
0043d43b	Label	LAB_0043d43b
0043d445	Label	LAB_0043d445
0043d458	Label	LAB_0043d458
0043d464	Label	LAB_0043d464
0043d470	Label	LAB_0043d470
0043d47c	Label	LAB_0043d47c
0043d48f	Label	LAB_0043d48f
0043d490	Label	LAB_0043d490
0043d49c	Label	DAT_0043d49c
0043d4c0	Label	DAT_0043d4c0
0043d4e8	Function	FUN_0043d4e8
0043d506	Label	LAB_0043d506
0043d517	Label	LAB_0043d517
0043d539	Label	LAB_0043d539
0043d543	Label	LAB_0043d543
0043d6c4	Label	LAB_0043d6c4
0043d6d4	Label	LAB_0043d6d4
0043d6e4	Label	LAB_0043d6e4
0043d714	Label	LAB_0043d714
0043d724	Label	LAB_0043d724
0043d728	Label	LAB_0043d728
0043d758	Label	LAB_0043d758
0043d772	Label	LAB_0043d772
0043d78b	Label	LAB_0043d78b
0043d79b	Label	LAB_0043d79b
0043d7a0	Label	LAB_0043d7a0
0043d7c0	Label	LAB_0043d7c0
0043d7d9	Label	LAB_0043d7d9
0043d7e9	Label	LAB_0043d7e9
0043d7f0	Label	LAB_0043d7f0
0043d80d	Label	LAB_0043d80d
0043d826	Label	LAB_0043d826
0043d836	Label	LAB_0043d836
0043d839	Label	LAB_0043d839
0043d83c	Label	LAB_0043d83c
0043d85a	Label	LAB_0043d85a
0043d85f	Label	LAB_0043d85f
0043d8ec	Function	FUN_0043d8ec
0043d909	Label	LAB_0043d909
0043d914	Label	LAB_0043d914
0043d928	Label	LAB_0043d928
0043d934	Function	FUN_0043d934
0043d953	Label	LAB_0043d953
0043d95f	Label	LAB_0043d95f
0043d974	Label	LAB_0043d974
0043d97e	Label	LAB_0043d97e
0043d98d	Label	LAB_0043d98d
0043d996	Label	LAB_0043d996
0043d9a0	Function	FUN_0043d9a0
0043d9be	Label	LAB_0043d9be
0043d9ca	Label	LAB_0043d9ca
0043d9df	Label	LAB_0043d9df
0043d9e9	Label	LAB_0043d9e9
0043d9fa	Label	LAB_0043d9fa
0043da04	Function	FUN_0043da04
0043da24	Label	LAB_0043da24
0043da35	Label	LAB_0043da35
0043da41	Label	LAB_0043da41
0043da57	Label	LAB_0043da57
0043da6e	Label	LAB_0043da6e
0043da78	Label	LAB_0043da78
0043da80	Function	FUN_0043da80
0043da9e	Label	LAB_0043da9e
0043daaa	Label	LAB_0043daaa
0043dabf	Label	LAB_0043dabf
0043dac9	Label	LAB_0043dac9
0043dada	Label	LAB_0043dada
0043dae4	Label	switchD_0043e39b::switchdataD_0043dae4
0043db00	Function	FUN_0043db00
0043db5e	Label	LAB_0043db5e
0043dbaa	Label	LAB_0043dbaa
0043dbb6	Label	LAB_0043dbb6
0043dbc3	Label	LAB_0043dbc3
0043dbdb	Label	LAB_0043dbdb
0043dbf6	Label	LAB_0043dbf6
0043dc1f	Label	LAB_0043dc1f
0043dc2e	Label	LAB_0043dc2e
0043dc7c	Label	LAB_0043dc7c
0043dc99	Label	LAB_0043dc99
0043dcbd	Label	LAB_0043dcbd
0043dd09	Label	LAB_0043dd09
0043dd13	Label	LAB_0043dd13
0043dd71	Label	LAB_0043dd71
0043dda0	Label	LAB_0043dda0
0043ddc5	Label	LAB_0043ddc5
0043ddca	Label	LAB_0043ddca
0043dddd	Label	LAB_0043dddd
0043de08	Label	LAB_0043de08
0043de0d	Label	LAB_0043de0d
0043de1d	Label	LAB_0043de1d
0043de3d	Label	LAB_0043de3d
0043de4d	Label	LAB_0043de4d
0043de52	Label	LAB_0043de52
0043de60	Label	LAB_0043de60
0043de94	Label	LAB_0043de94
0043deaa	Label	LAB_0043deaa
0043debd	Label	LAB_0043debd
0043dee4	Label	LAB_0043dee4
0043df1a	Label	LAB_0043df1a
0043df43	Label	LAB_0043df43
0043df8c	Label	LAB_0043df8c
0043dfdf	Label	LAB_0043dfdf
0043e00a	Label	LAB_0043e00a
0043e036	Label	LAB_0043e036
0043e040	Label	LAB_0043e040
0043e08f	Label	LAB_0043e08f
0043e0b7	Label	LAB_0043e0b7
0043e0ec	Label	LAB_0043e0ec
0043e112	Label	LAB_0043e112
0043e11c	Label	LAB_0043e11c
0043e12b	Label	LAB_0043e12b
0043e1c8	Label	LAB_0043e1c8
0043e22f	Label	LAB_0043e22f
0043e25c	Label	LAB_0043e25c
0043e29b	Label	LAB_0043e29b
0043e2c3	Label	LAB_0043e2c3
0043e2c8	Label	LAB_0043e2c8
0043e2d0	Label	LAB_0043e2d0
0043e339	Label	LAB_0043e339
0043e378	Label	LAB_0043e378
0043e382	Label	LAB_0043e382
0043e39b	Label	switchD_0043e39b::switchD
0043e3a3	Label	switchD_0043e39b::caseD_5
0043e3c3	Label	switchD_0043e39b::caseD_4
0043e3ec	Label	switchD_0043e39b::caseD_3
0043e40f	Label	switchD_0043e39b::caseD_2
0043e43b	Label	LAB_0043e43b
0043e45b	Label	LAB_0043e45b
0043e47b	Label	switchD_0043e39b::caseD_1
0043e49e	Label	LAB_0043e49e
0043e4c1	Label	LAB_0043e4c1
0043e4e4	Label	LAB_0043e4e4
0043e507	Label	LAB_0043e507
0043e52a	Label	LAB_0043e52a
0043e54d	Label	LAB_0043e54d
0043e570	Label	LAB_0043e570
0043e593	Label	LAB_0043e593
0043e5b6	Label	LAB_0043e5b6
0043e5df	Label	switchD_0043e39b::caseD_ffffffff
0043e645	Label	switchD_0043e39b::caseD_0
0043e6b6	Label	LAB_0043e6b6
0043e6c0	Label	LAB_0043e6c0
0043e75d	Label	LAB_0043e75d
0043e7cd	Label	LAB_0043e7cd
0043e7e1	Label	LAB_0043e7e1
0043e7f9	Label	LAB_0043e7f9
0043e808	Label	LAB_0043e808
0043e820	Label	LAB_0043e820
0043e86a	Label	LAB_0043e86a
0043e878	Label	LAB_0043e878
0043e903	Label	LAB_0043e903
0043e937	Label	LAB_0043e937
0043e93e	Label	LAB_0043e93e
0043e94d	Label	LAB_0043e94d
0043e965	Label	LAB_0043e965
0043e96a	Label	LAB_0043e96a
0043e9ae	Label	LAB_0043e9ae
0043e9fa	Label	LAB_0043e9fa
0043ea04	Label	LAB_0043ea04
0043ea21	Label	LAB_0043ea21
0043ea31	Label	LAB_0043ea31
0043ea52	Label	LAB_0043ea52
0043ea61	Label	LAB_0043ea61
0043eaa9	Label	LAB_0043eaa9
0043ead8	Label	LAB_0043ead8
0043eae2	Label	LAB_0043eae2
0043eaf2	Label	LAB_0043eaf2
0043eb3a	Label	LAB_0043eb3a
0043eb69	Label	LAB_0043eb69
0043eb73	Label	LAB_0043eb73
0043eb83	Label	LAB_0043eb83
0043eb98	Function	FUN_0043eb98
0043ec56	Label	LAB_0043ec56
0043ec6b	Label	LAB_0043ec6b
0043ec83	Label	LAB_0043ec83
0043ec84	Label	LAB_0043ec84
0043ed86	Label	LAB_0043ed86
0043ee22	Label	LAB_0043ee22
0043ee32	Label	LAB_0043ee32
0043ee61	Label	LAB_0043ee61
0043ee92	Label	LAB_0043ee92
0043eea4	Label	LAB_0043eea4
0043eeb6	Label	LAB_0043eeb6
0043eec4	Label	LAB_0043eec4
0043eef7	Label	LAB_0043eef7
0043ef29	Label	LAB_0043ef29
0043ef3c	Function	FUN_0043ef3c
0043f006	Label	LAB_0043f006
0043f01b	Label	LAB_0043f01b
0043f033	Label	LAB_0043f033
0043f034	Label	LAB_0043f034
0043f089	Label	LAB_0043f089
0043f0c2	Label	LAB_0043f0c2
0043f16d	Label	LAB_0043f16d
0043f209	Label	LAB_0043f209
0043f213	Label	LAB_0043f213
0043f23f	Label	LAB_0043f23f
0043f251	Label	LAB_0043f251
0043f25f	Label	LAB_0043f25f
0043f290	Label	LAB_0043f290
0043f2b4	Label	LAB_0043f2b4
0043f2ed	Label	LAB_0043f2ed
0043f300	Function	FUN_0043f300
0043f369	Label	LAB_0043f369
0043f381	Label	LAB_0043f381
0043f382	Label	LAB_0043f382
0043f3c4	Label	LAB_0043f3c4
0043f3dc	Label	LAB_0043f3dc
0043f3dd	Label	LAB_0043f3dd
0043f419	Label	LAB_0043f419
0043f429	Label	LAB_0043f429
0043f459	Label	LAB_0043f459
0043f4ae	Label	LAB_0043f4ae
0043f55a	Label	LAB_0043f55a
0043f57e	Label	LAB_0043f57e
0043f5ba	Label	LAB_0043f5ba
0043f5ca	Label	LAB_0043f5ca
0043f626	Label	LAB_0043f626
0043f628	Label	LAB_0043f628
0043f91c	Label	LAB_0043f91c
0043f979	Label	LAB_0043f979
0043f993	Label	LAB_0043f993
0043f9d5	Label	LAB_0043f9d5
0043f9e5	Label	LAB_0043f9e5
0043f9ec	Label	switchD_0043fa11::switchdataD_0043f9ec
0043f9fc	Label	LAB_0043f9fc
0043fa11	Label	switchD_0043fa11::switchD
0043fa19	Label	switchD_0043fa11::caseD_1
0043fa25	Label	switchD_0043fa11::caseD_2
0043fa31	Label	switchD_0043fa11::caseD_3
0043fa3d	Label	switchD_0043fa11::caseD_4
0043fa49	Label	switchD_0043fa11::default
0043fa53	Label	LAB_0043fa53
0043fac8	Label	LAB_0043fac8
0043fad8	Label	LAB_0043fad8
0043fadc	Label	LAB_0043fadc
0043fae1	Label	LAB_0043fae1
0043fb2d	Label	LAB_0043fb2d
0043fb41	Label	LAB_0043fb41
0043fb51	Label	LAB_0043fb51
0043fb58	Label	LAB_0043fb58
0043fb89	Label	LAB_0043fb89
0043fb91	Label	LAB_0043fb91
0043fba9	Label	LAB_0043fba9
0043fbf0	Label	LAB_0043fbf0
0043fc02	Label	LAB_0043fc02
0043fc25	Label	LAB_0043fc25
0043fc2c	Label	LAB_0043fc2c
0043fc3f	Label	LAB_0043fc3f
0043fc56	Label	LAB_0043fc56
0043fc59	Label	LAB_0043fc59
0043fc76	Label	LAB_0043fc76
0043fc7d	Label	LAB_0043fc7d
0043fc9d	Label	LAB_0043fc9d
0043fcad	Label	LAB_0043fcad
0043fcb6	Label	LAB_0043fcb6
0043fccb	Label	LAB_0043fccb
0043fce1	Label	LAB_0043fce1
0043fcf0	Function	FUN_0043fcf0
0043fd94	Label	LAB_0043fd94
0043fdc4	Function	FUN_0043fdc4
0043fdea	Label	LAB_0043fdea
0043fe24	Function	FUN_0043fe24
0043fe6f	Label	LAB_0043fe6f
0043fe7e	Label	LAB_0043fe7e
0043fea4	Function	FUN_0043fea4
0043ffcd	Label	LAB_0043ffcd
004400d5	Label	LAB_004400d5
00440427	Label	LAB_00440427
00440496	Label	LAB_00440496
004405fe	Label	LAB_004405fe
0044072c	Label	LAB_0044072c
004408da	Label	LAB_004408da
004408ee	Label	LAB_004408ee
004408f3	Label	LAB_004408f3
0044093e	Label	LAB_0044093e
00440952	Label	LAB_00440952
00440957	Label	LAB_00440957
00440a1a	Label	LAB_00440a1a
00440a2e	Label	LAB_00440a2e
00440a33	Label	LAB_00440a33
00440a3d	Label	LAB_00440a3d
00440a42	Label	LAB_00440a42
00440a56	Label	LAB_00440a56
00440a5b	Label	LAB_00440a5b
00440ac6	Label	LAB_00440ac6
00440ada	Label	LAB_00440ada
00440adf	Label	LAB_00440adf
00440b50	Label	LAB_00440b50
00440b64	Label	LAB_00440b64
00440b69	Label	LAB_00440b69
00440b74	Label	LAB_00440b74
00440b79	Label	LAB_00440b79
00440b8d	Label	LAB_00440b8d
00440b92	Label	LAB_00440b92
004412f8	Function	FUN_004412f8
00441370	Function	FUN_00441370
004413fc	Function	FUN_004413fc
00441444	Function	FUN_00441444
0044146c	Function	FUN_0044146c
00441479	Label	LAB_00441479
0044147b	Label	LAB_0044147b
004414c0	Label	LAB_004414c0
004414c4	Function	FUN_004414c4
004414fd	Label	LAB_004414fd
0044150b	Label	LAB_0044150b
0044152e	Label	LAB_0044152e
00441545	Label	LAB_00441545
0044158c	Label	LAB_0044158c
004415d3	Label	LAB_004415d3
004415f6	Label	LAB_004415f6
00441600	Function	FUN_00441600
00441678	Function	FUN_00441678
0044168b	Label	LAB_0044168b
00441698	Label	LAB_00441698
004416b3	Label	LAB_004416b3
004416bf	Label	LAB_004416bf
004416da	Label	LAB_004416da
004416dc	Label	LAB_004416dc
00441890	Function	FUN_00441890
004418a3	Label	LAB_004418a3
004418b0	Label	LAB_004418b0
004418cb	Label	LAB_004418cb
004418d7	Label	LAB_004418d7
004418f2	Label	LAB_004418f2
004418f4	Label	LAB_004418f4
004418fc	Function	FUN_004418fc
00441912	Label	LAB_00441912
00441934	Label	LAB_00441934
0044194c	Label	LAB_0044194c
00441958	Function	FUN_00441958
0044196e	Label	LAB_0044196e
00441990	Label	LAB_00441990
004419a8	Label	LAB_004419a8
00441a10	Function	FUN_00441a10
00441a26	Label	LAB_00441a26
00441a48	Label	LAB_00441a48
00441a60	Label	LAB_00441a60
00441a6c	Function	FUN_00441a6c
00441a82	Label	LAB_00441a82
00441aa4	Label	LAB_00441aa4
00441abc	Label	LAB_00441abc
00441ac8	Function	FUN_00441ac8
00441ade	Label	LAB_00441ade
00441b00	Label	LAB_00441b00
00441b18	Label	LAB_00441b18
00441b24	Function	FUN_00441b24
00441b3d	Label	LAB_00441b3d
00441b4a	Label	LAB_00441b4a
00441b84	Label	LAB_00441b84
00441b90	Label	LAB_00441b90
00441bc8	Label	LAB_00441bc8
00441bca	Label	LAB_00441bca
00441e38	Function	FUN_00441e38
00441e4b	Label	LAB_00441e4b
00441e58	Label	LAB_00441e58
00441e73	Label	LAB_00441e73
00441e7f	Label	LAB_00441e7f
00441e9a	Label	LAB_00441e9a
00441e9c	Label	LAB_00441e9c
00441ea4	Function	FUN_00441ea4
00441eba	Label	LAB_00441eba
00441edc	Label	LAB_00441edc
00441ef4	Label	LAB_00441ef4
00441f00	Function	FUN_00441f00
00441f16	Label	LAB_00441f16
00441f38	Label	LAB_00441f38
00441f50	Label	LAB_00441f50
00442128	Function	FUN_00442128
0044213b	Label	LAB_0044213b
00442148	Label	LAB_00442148
00442163	Label	LAB_00442163
0044216f	Label	LAB_0044216f
0044218a	Label	LAB_0044218a
0044218c	Label	LAB_0044218c
00442420	Function	FUN_00442420
00442433	Label	LAB_00442433
00442440	Label	LAB_00442440
0044245b	Label	LAB_0044245b
00442467	Label	LAB_00442467
00442482	Label	LAB_00442482
00442484	Label	LAB_00442484
0044248c	Function	FUN_0044248c
0044249f	Label	LAB_0044249f
004424ac	Label	LAB_004424ac
004424c7	Label	LAB_004424c7
004424d3	Label	LAB_004424d3
004424ee	Label	LAB_004424ee
004424f0	Label	LAB_004424f0
00442564	Function	FUN_00442564
0044257d	Label	LAB_0044257d
0044258a	Label	LAB_0044258a
004425c4	Label	LAB_004425c4
004425d0	Label	LAB_004425d0
00442608	Label	LAB_00442608
0044260a	Label	LAB_0044260a
00442728	Function	FUN_00442728
0044273b	Label	LAB_0044273b
00442748	Label	LAB_00442748
00442763	Label	LAB_00442763
0044276f	Label	LAB_0044276f
0044278a	Label	LAB_0044278a
0044278c	Label	LAB_0044278c
004427e4	Label	LAB_004427e4
004427f0	Function	FUN_004427f0
00442803	Label	LAB_00442803
00442810	Label	LAB_00442810
0044282b	Label	LAB_0044282b
00442837	Label	LAB_00442837
00442852	Label	LAB_00442852
00442854	Label	LAB_00442854
00442880	Function	FUN_00442880
00442889	Label	LAB_00442889
004428b8	Label	LAB_004428b8
004428bf	Label	LAB_004428bf
004428d1	Label	LAB_004428d1
004428d3	Label	LAB_004428d3
00442904	Label	LAB_00442904
00442908	Label	LAB_00442908
0044291d	Label	LAB_0044291d
0044292c	Label	LAB_0044292c
00442933	Label	LAB_00442933
0044294b	Label	LAB_0044294b
00442954	Function	FUN_00442954
00442973	Label	LAB_00442973
004429a4	Label	LAB_004429a4
004429a8	Label	LAB_004429a8
004429bd	Label	LAB_004429bd
004429cc	Label	LAB_004429cc
004429d3	Label	LAB_004429d3
004429da	Label	LAB_004429da
004429e0	Function	FUN_004429e0
004429e9	Label	LAB_004429e9
00442a18	Label	LAB_00442a18
00442a1f	Label	LAB_00442a1f
00442a2c	Label	switchD_00442cc8::switchdataD_00442a2c
00442b68	Label	switchD_00443009::switchdataD_00442b68
00442ca4	Function	FUN_00442ca4
00442cc8	Label	switchD_00442cc8::switchD
00442cd0	Label	switchD_00442cc8::caseD_0
00442cdb	Label	switchD_00442cc8::caseD_1
00442ce6	Label	switchD_00442cc8::caseD_2
00442cf1	Label	switchD_00442cc8::caseD_3
00442cfc	Label	switchD_00442cc8::caseD_4
00442d07	Label	switchD_00442cc8::caseD_5
00442d12	Label	switchD_00442cc8::caseD_6
00442d1d	Label	switchD_00442cc8::caseD_7
00442d28	Label	switchD_00442cc8::caseD_8
00442d33	Label	switchD_00442cc8::caseD_9
00442d3e	Label	switchD_00442cc8::caseD_a
00442d49	Label	switchD_00442cc8::caseD_b
00442d54	Label	switchD_00442cc8::caseD_2f
00442d5f	Label	switchD_00442cc8::caseD_c
00442d6a	Label	switchD_00442cc8::caseD_d
00442d75	Label	switchD_00442cc8::caseD_e
00442d80	Label	switchD_00442cc8::caseD_f
00442d8b	Label	switchD_00442cc8::caseD_10
00442d96	Label	switchD_00442cc8::caseD_11
00442da1	Label	switchD_00442cc8::caseD_12
00442dac	Label	switchD_00442cc8::caseD_13
00442db7	Label	switchD_00442cc8::caseD_14
00442dc2	Label	switchD_00442cc8::caseD_15
00442dcd	Label	switchD_00442cc8::caseD_16
00442dd8	Label	switchD_00442cc8::caseD_17
00442de3	Label	switchD_00442cc8::caseD_18
00442dee	Label	switchD_00442cc8::caseD_19
00442df9	Label	switchD_00442cc8::caseD_1a
00442e04	Label	switchD_00442cc8::caseD_1b
00442e0f	Label	switchD_00442cc8::caseD_1c
00442e1a	Label	switchD_00442cc8::caseD_1d
00442e25	Label	switchD_00442cc8::caseD_1e
00442e30	Label	switchD_00442cc8::caseD_1f
00442e3b	Label	switchD_00442cc8::caseD_20
00442e46	Label	switchD_00442cc8::caseD_21
00442e51	Label	switchD_00442cc8::caseD_22
00442e5c	Label	switchD_00442cc8::caseD_23
00442e67	Label	switchD_00442cc8::caseD_24
00442e72	Label	switchD_00442cc8::caseD_27
00442e7d	Label	switchD_00442cc8::caseD_28
00442e88	Label	switchD_00442cc8::caseD_29
00442e93	Label	switchD_00442cc8::caseD_2a
00442e9e	Label	switchD_00442cc8::caseD_2b
00442ea9	Label	switchD_00442cc8::caseD_2c
00442eb4	Label	switchD_00442cc8::caseD_2d
00442ebf	Label	switchD_00442cc8::caseD_43
00442ec9	Label	switchD_00442cc8::caseD_2e
00442ed4	Label	switchD_00442cc8::caseD_30
00442ede	Label	switchD_00442cc8::caseD_31
00442ee8	Label	switchD_00442cc8::caseD_32
00442ef2	Label	switchD_00442cc8::caseD_40
00442efc	Label	switchD_00442cc8::caseD_41
00442f06	Label	switchD_00442cc8::caseD_33
00442f10	Label	switchD_00442cc8::caseD_34
00442f1a	Label	switchD_00442cc8::caseD_35
00442f24	Label	switchD_00442cc8::caseD_36
00442f2e	Label	switchD_00442cc8::caseD_37
00442f38	Label	switchD_00442cc8::caseD_38
00442f42	Label	switchD_00442cc8::caseD_39
00442f4c	Label	switchD_00442cc8::caseD_3a
00442f56	Label	switchD_00442cc8::caseD_3b
00442f60	Label	switchD_00442cc8::caseD_3c
00442f6a	Label	switchD_00442cc8::caseD_3d
00442f71	Label	switchD_00442cc8::caseD_3e
00442f78	Label	switchD_00442cc8::caseD_3f
00442f7f	Label	switchD_00442cc8::caseD_42
00442f86	Label	switchD_00442cc8::caseD_46
00442f8d	Label	switchD_00442cc8::caseD_47
00442f94	Label	switchD_00442cc8::caseD_48
00442f9b	Label	switchD_00442cc8::caseD_49
00442fa2	Label	switchD_00442cc8::caseD_4a
00442fa9	Label	switchD_00442cc8::caseD_4b
00442fb0	Label	switchD_00442cc8::caseD_4c
00442fb7	Label	switchD_00442cc8::caseD_4d
00442fbe	Label	switchD_00442cc8::caseD_4e
00442fc5	Label	switchD_00442cc8::caseD_25
00442fc5	Label	switchD_00442cc8::caseD_26
00442fc5	Label	switchD_00442cc8::caseD_44
00442fc5	Label	switchD_00442cc8::caseD_45
00442fca	Label	LAB_00442fca
00443009	Label	switchD_00443009::switchD
00443011	Label	switchD_00443009::caseD_1
00443011	Label	switchD_00443009::caseD_2
00443011	Label	switchD_00443009::caseD_3
00443011	Label	switchD_00443009::caseD_4
00443011	Label	switchD_00443009::caseD_5
00443011	Label	switchD_00443009::caseD_6
00443011	Label	switchD_00443009::caseD_9
00443011	Label	switchD_00443009::caseD_d
00443011	Label	switchD_00443009::caseD_e
00443011	Label	switchD_00443009::caseD_1c
00443011	Label	switchD_00443009::caseD_1d
00443011	Label	switchD_00443009::caseD_1e
00443011	Label	switchD_00443009::caseD_1f
00443011	Label	switchD_00443009::caseD_20
00443011	Label	switchD_00443009::caseD_21
00443011	Label	switchD_00443009::caseD_22
00443011	Label	switchD_00443009::caseD_23
00443011	Label	switchD_00443009::caseD_27
00443011	Label	switchD_00443009::caseD_28
00443011	Label	switchD_00443009::caseD_2e
00443011	Label	switchD_00443009::caseD_38
00443011	Label	switchD_00443009::caseD_39
00443011	Label	switchD_00443009::caseD_3a
00443011	Label	switchD_00443009::caseD_3b
00443011	Label	switchD_00443009::caseD_3c
00443011	Label	switchD_00443009::caseD_3d
00443011	Label	switchD_00443009::caseD_3e
00443011	Label	switchD_00443009::caseD_3f
00443011	Label	switchD_00443009::caseD_46
00443011	Label	switchD_00443009::caseD_48
00443038	Label	switchD_00443009::caseD_7
00443038	Label	switchD_00443009::caseD_a
00443062	Label	switchD_00443009::caseD_18
00443062	Label	switchD_00443009::caseD_47
0044308c	Label	switchD_00443009::caseD_8
004430b6	Label	switchD_00443009::caseD_b
004430dd	Label	switchD_00443009::caseD_f
004430dd	Label	switchD_00443009::caseD_10
004430dd	Label	switchD_00443009::caseD_36
00443107	Label	switchD_00443009::caseD_35
0044312e	Label	switchD_00443009::caseD_37
00443158	Label	switchD_00443009::caseD_19
0044317f	Label	switchD_00443009::caseD_1a
004431a9	Label	switchD_00443009::caseD_1b
004431d3	Label	switchD_00443009::caseD_29
004431d3	Label	switchD_00443009::caseD_30
004431fd	Label	switchD_00443009::caseD_2a
00443224	Label	switchD_00443009::caseD_2b
00443224	Label	switchD_00443009::caseD_2c
00443224	Label	switchD_00443009::caseD_2d
00443224	Label	switchD_00443009::caseD_43
00443224	Label	switchD_00443009::caseD_49
00443224	Label	switchD_00443009::caseD_4a
00443224	Label	switchD_00443009::caseD_4b
00443224	Label	switchD_00443009::caseD_4c
00443224	Label	switchD_00443009::caseD_4d
0044324b	Label	switchD_00443009::caseD_25
0044324b	Label	switchD_00443009::caseD_26
0044324b	Label	switchD_00443009::caseD_44
0044324b	Label	switchD_00443009::caseD_45
00443259	Label	switchD_00443009::caseD_0
00443259	Label	switchD_00443009::caseD_c
00443259	Label	switchD_00443009::caseD_11
00443259	Label	switchD_00443009::caseD_12
00443259	Label	switchD_00443009::caseD_13
00443259	Label	switchD_00443009::caseD_14
00443259	Label	switchD_00443009::caseD_15
00443259	Label	switchD_00443009::caseD_16
00443259	Label	switchD_00443009::caseD_17
00443259	Label	switchD_00443009::caseD_24
00443259	Label	switchD_00443009::caseD_2f
00443259	Label	switchD_00443009::caseD_31
00443259	Label	switchD_00443009::caseD_32
00443259	Label	switchD_00443009::caseD_33
00443259	Label	switchD_00443009::caseD_34
00443259	Label	switchD_00443009::caseD_40
00443259	Label	switchD_00443009::caseD_41
00443259	Label	switchD_00443009::caseD_42
00443259	Label	switchD_00443009::caseD_4e
00443344	Function	FUN_00443344
00443347	Label	LAB_00443347
0044335b	Label	LAB_0044335b
0044336f	Label	LAB_0044336f
00443383	Label	LAB_00443383
00443397	Label	LAB_00443397
004433ab	Label	LAB_004433ab
004433bf	Label	LAB_004433bf
004433d3	Label	LAB_004433d3
004433e7	Label	LAB_004433e7
004433fb	Label	LAB_004433fb
0044340f	Label	LAB_0044340f
00443598	Function	FUN_00443598
004435b8	Label	LAB_004435b8
004435e8	Function	FUN_004435e8
0044362f	Label	LAB_0044362f
0044363e	Label	LAB_0044363e
0044365d	Label	LAB_0044365d
00443684	Label	LAB_00443684
0044369b	Label	LAB_0044369b
004436b6	Label	LAB_004436b6
004436d1	Label	LAB_004436d1
004436ee	Label	LAB_004436ee
0044370b	Label	LAB_0044370b
00443728	Label	LAB_00443728
00443745	Label	LAB_00443745
00443762	Label	LAB_00443762
0044377f	Label	LAB_0044377f
0044379c	Label	LAB_0044379c
004437b9	Label	LAB_004437b9
004437e7	Label	LAB_004437e7
004437f0	Function	FUN_004437f0
00443acd	Label	LAB_00443acd
00443b03	Label	LAB_00443b03
00443b0a	Label	LAB_00443b0a
00443b18	Label	LAB_00443b18
00443bc0	Label	LAB_00443bc0
00443da4	Label	LAB_00443da4
00443daf	Label	LAB_00443daf
00443dbc	Function	FUN_00443dbc
00443dd6	Label	LAB_00443dd6
00443e22	Label	LAB_00443e22
00443e67	Label	LAB_00443e67
00444270	Label	LAB_00444270
0044430b	Label	LAB_0044430b
00444322	Label	LAB_00444322
00444330	Function	FUN_00444330
00444352	Label	LAB_00444352
00444385	Label	LAB_00444385
0044439b	Label	LAB_0044439b
004443e0	Label	LAB_004443e0
00444407	Label	LAB_00444407
00444412	Label	LAB_00444412
00444418	Label	LAB_00444418
0044445f	Label	LAB_0044445f
00444461	Label	LAB_00444461
0044447a	Label	LAB_0044447a
004444a9	Label	LAB_004444a9
004444bf	Label	LAB_004444bf
004444e9	Label	LAB_004444e9
00444503	Label	LAB_00444503
00444525	Label	LAB_00444525
0044453b	Label	LAB_0044453b
0044457a	Label	LAB_0044457a
0044458d	Label	LAB_0044458d
004445a0	Label	LAB_004445a0
004445b3	Label	LAB_004445b3
004445cd	Label	LAB_004445cd
004445e5	Label	LAB_004445e5
004445f8	Label	LAB_004445f8
0044460b	Label	LAB_0044460b
0044461e	Label	LAB_0044461e
00444631	Label	LAB_00444631
0044465d	Label	LAB_0044465d
00444668	Function	FUN_00444668
00444682	Label	LAB_00444682
004446b0	Label	LAB_004446b0
004446fc	Label	LAB_004446fc
004446fe	Label	LAB_004446fe
00444714	Label	LAB_00444714
00444743	Label	LAB_00444743
0044478c	Label	LAB_0044478c
004447aa	Label	LAB_004447aa
004447cc	Label	LAB_004447cc
004447da	Label	LAB_004447da
0044480a	Label	LAB_0044480a
00444815	Label	LAB_00444815
00444835	Label	LAB_00444835
00444840	Function	FUN_00444840
00444856	Label	LAB_00444856
0044486c	Label	LAB_0044486c
00444875	Label	LAB_00444875
00444887	Label	LAB_00444887
0044488e	Label	LAB_0044488e
004448a5	Label	LAB_004448a5
004448b1	Label	LAB_004448b1
004448bf	Label	LAB_004448bf
004448cb	Label	LAB_004448cb
004448e4	Function	FUN_004448e4
004448f9	Label	LAB_004448f9
00444928	Label	LAB_00444928
0044494d	Label	LAB_0044494d
00444975	Label	LAB_00444975
004449ae	Label	LAB_004449ae
004449b0	Label	LAB_004449b0
004449c6	Label	LAB_004449c6
004449f5	Label	LAB_004449f5
00444a36	Label	LAB_00444a36
00444a89	Label	LAB_00444a89
00444aaa	Label	LAB_00444aaa
00444ade	Label	LAB_00444ade
00444b16	Label	LAB_00444b16
00444b46	Label	LAB_00444b46
00444b5e	Label	LAB_00444b5e
00444b95	Label	LAB_00444b95
00444bb8	Label	LAB_00444bb8
00444bcf	Label	LAB_00444bcf
00444beb	Label	LAB_00444beb
00444bff	Label	LAB_00444bff
00444c0c	Label	LAB_00444c0c
00444c10	Function	FUN_00444c10
00444c38	Label	LAB_00444c38
00444c87	Label	LAB_00444c87
00444ca3	Label	LAB_00444ca3
00444cab	Label	LAB_00444cab
00444cba	Label	LAB_00444cba
00444cc3	Label	LAB_00444cc3
00444cd9	Label	LAB_00444cd9
00444cf2	Label	LAB_00444cf2
00444cfb	Label	LAB_00444cfb
00444d10	Label	LAB_00444d10
00444d14	Label	LAB_00444d14
00444d2d	Label	LAB_00444d2d
00444d36	Label	LAB_00444d36
00444d4b	Label	LAB_00444d4b
00444d4f	Label	LAB_00444d4f
00444d5d	Label	LAB_00444d5d
00444d80	Label	LAB_00444d80
00444d9a	Label	LAB_00444d9a
00444dbf	Label	LAB_00444dbf
00444df5	Label	LAB_00444df5
00444dff	Label	LAB_00444dff
00444e3a	Label	LAB_00444e3a
00444e60	Label	LAB_00444e60
00444e77	Label	LAB_00444e77
00444e81	Label	LAB_00444e81
00444e93	Label	LAB_00444e93
00444eb1	Label	LAB_00444eb1
00444eca	Label	LAB_00444eca
00444edb	Label	LAB_00444edb
00444ee4	Label	LAB_00444ee4
00444f05	Label	LAB_00444f05
00444f0e	Label	LAB_00444f0e
00444f23	Label	LAB_00444f23
00444f2f	Label	LAB_00444f2f
00444f36	Label	LAB_00444f36
00444f53	Label	LAB_00444f53
00444f5c	Label	LAB_00444f5c
00444f70	Label	LAB_00444f70
00444f76	Label	LAB_00444f76
00444f82	Label	LAB_00444f82
00444fa8	Label	LAB_00444fa8
00444fb2	Label	LAB_00444fb2
00444fe3	Label	LAB_00444fe3
00444ff8	Label	LAB_00444ff8
00445000	Function	FUN_00445000
0044500b	Label	LAB_0044500b
00445024	Label	LAB_00445024
0044502d	Label	LAB_0044502d
00445042	Label	LAB_00445042
0044505e	Label	LAB_0044505e
00445072	Label	LAB_00445072
00445086	Label	LAB_00445086
0044509a	Label	LAB_0044509a
004450ae	Label	LAB_004450ae
004450d5	Label	LAB_004450d5
004450fa	Label	LAB_004450fa
00445106	Label	LAB_00445106
00445110	Label	LAB_00445110
00445167	Label	LAB_00445167
00445174	Label	LAB_00445174
004451a8	Function	FUN_004451a8
004451b6	Label	LAB_004451b6
004451d0	Label	LAB_004451d0
004451d9	Label	LAB_004451d9
004451ee	Label	LAB_004451ee
00445213	Label	LAB_00445213
0044522d	Label	LAB_0044522d
00445238	Label	LAB_00445238
0044527c	Label	LAB_0044527c
00445296	Label	LAB_00445296
0044529f	Label	LAB_0044529f
004452b0	Label	LAB_004452b0
004452bf	Label	LAB_004452bf
004452d8	Label	LAB_004452d8
004452e0	Function	FUN_004452e0
004452ff	Label	LAB_004452ff
00445320	Label	LAB_00445320
00445328	Label	LAB_00445328
00445330	Function	FUN_00445330
00445345	Label	LAB_00445345
0044535c	Function	FUN_0044535c
00445374	Label	LAB_00445374
00445378	Function	FUN_00445378
0044539e	Label	LAB_0044539e
004453a4	Function	FUN_004453a4
00445412	Label	LAB_00445412
0044544f	Label	LAB_0044544f
0044546d	Label	LAB_0044546d
0044546f	Label	LAB_0044546f
0044547b	Label	LAB_0044547b
00445495	Label	LAB_00445495
004454a0	Label	LAB_004454a0
004454b6	Label	LAB_004454b6
004454c7	Label	LAB_004454c7
004454dc	Label	LAB_004454dc
00445502	Label	LAB_00445502
00445511	Label	LAB_00445511
0044551b	Label	LAB_0044551b
00445534	Label	LAB_00445534
0044553f	Label	LAB_0044553f
00445551	Label	LAB_00445551
0044555b	Label	LAB_0044555b
00445568	Label	LAB_00445568
0044558a	Label	LAB_0044558a
00445595	Label	LAB_00445595
004455a3	Label	LAB_004455a3
004455a9	Label	LAB_004455a9
004455aa	Label	LAB_004455aa
004455ba	Label	LAB_004455ba
004455fd	Label	LAB_004455fd
00445603	Label	LAB_00445603
0044560f	Label	LAB_0044560f
00445628	Label	LAB_00445628
00445633	Label	LAB_00445633
00445645	Label	LAB_00445645
0044564f	Label	LAB_0044564f
0044565c	Label	LAB_0044565c
0044567e	Label	LAB_0044567e
00445689	Label	LAB_00445689
0044569f	Label	LAB_0044569f
004456a5	Label	LAB_004456a5
004456a6	Label	LAB_004456a6
004456b6	Label	LAB_004456b6
004456f8	Label	LAB_004456f8
004456fe	Label	LAB_004456fe
0044570a	Label	LAB_0044570a
00445723	Label	LAB_00445723
0044572e	Label	LAB_0044572e
00445744	Label	LAB_00445744
0044574e	Label	LAB_0044574e
0044575b	Label	LAB_0044575b
0044577d	Label	LAB_0044577d
00445788	Label	LAB_00445788
0044579a	Label	LAB_0044579a
004457a0	Label	LAB_004457a0
004457a1	Label	LAB_004457a1
004457b1	Label	LAB_004457b1
004457f2	Label	LAB_004457f2
004457f8	Label	LAB_004457f8
004457ff	Label	LAB_004457ff
00445819	Label	LAB_00445819
00445824	Label	LAB_00445824
00445835	Label	LAB_00445835
00445844	Label	LAB_00445844
00445851	Label	LAB_00445851
00445873	Label	LAB_00445873
0044587c	Label	LAB_0044587c
00445891	Label	LAB_00445891
00445899	Label	LAB_00445899
0044589a	Label	LAB_0044589a
004458aa	Label	LAB_004458aa
004458ec	Label	LAB_004458ec
004458f2	Label	LAB_004458f2
00445907	Label	LAB_00445907
00445920	Label	LAB_00445920
0044592b	Label	LAB_0044592b
0044593d	Label	LAB_0044593d
0044594c	Label	LAB_0044594c
00445959	Label	LAB_00445959
0044597b	Label	LAB_0044597b
00445986	Label	LAB_00445986
0044599c	Label	LAB_0044599c
004459a2	Label	LAB_004459a2
004459a3	Label	LAB_004459a3
004459b3	Label	LAB_004459b3
004459f5	Label	LAB_004459f5
004459fb	Label	LAB_004459fb
00445a07	Label	LAB_00445a07
00445a20	Label	LAB_00445a20
00445a2b	Label	LAB_00445a2b
00445a3d	Label	LAB_00445a3d
00445a47	Label	LAB_00445a47
00445a54	Label	LAB_00445a54
00445a76	Label	LAB_00445a76
00445a81	Label	LAB_00445a81
00445a97	Label	LAB_00445a97
00445a9d	Label	LAB_00445a9d
00445a9e	Label	LAB_00445a9e
00445aae	Label	LAB_00445aae
00445af0	Label	LAB_00445af0
00445af6	Label	LAB_00445af6
00445b0b	Label	LAB_00445b0b
00445b25	Label	LAB_00445b25
00445b30	Label	LAB_00445b30
00445b42	Label	LAB_00445b42
00445b4e	Label	LAB_00445b4e
00445b5b	Label	LAB_00445b5b
00445b7e	Label	LAB_00445b7e
00445b89	Label	LAB_00445b89
00445b9b	Label	LAB_00445b9b
00445ba1	Label	LAB_00445ba1
00445ba2	Label	LAB_00445ba2
00445bb2	Label	LAB_00445bb2
00445bf6	Label	LAB_00445bf6
00445bfc	Label	LAB_00445bfc
00445c16	Label	LAB_00445c16
00445c2f	Label	LAB_00445c2f
00445c3a	Label	LAB_00445c3a
00445c48	Label	LAB_00445c48
00445c52	Label	LAB_00445c52
00445c5f	Label	LAB_00445c5f
00445c81	Label	LAB_00445c81
00445c8c	Label	LAB_00445c8c
00445c9e	Label	LAB_00445c9e
00445ca4	Label	LAB_00445ca4
00445ca5	Label	LAB_00445ca5
00445cb5	Label	LAB_00445cb5
00445cf6	Label	LAB_00445cf6
00445cfc	Label	LAB_00445cfc
00445d04	Label	LAB_00445d04
00445d19	Label	LAB_00445d19
00445d33	Label	LAB_00445d33
00445d3e	Label	LAB_00445d3e
00445d4f	Label	LAB_00445d4f
00445d5e	Label	LAB_00445d5e
00445d6b	Label	LAB_00445d6b
00445d8d	Label	LAB_00445d8d
00445d98	Label	LAB_00445d98
00445daa	Label	LAB_00445daa
00445db0	Label	LAB_00445db0
00445db1	Label	LAB_00445db1
00445dc1	Label	LAB_00445dc1
00445e03	Label	LAB_00445e03
00445e09	Label	LAB_00445e09
00445e1e	Label	LAB_00445e1e
00445e38	Label	LAB_00445e38
00445e43	Label	LAB_00445e43
00445e55	Label	LAB_00445e55
00445e5f	Label	LAB_00445e5f
00445e6c	Label	LAB_00445e6c
00445e8f	Label	LAB_00445e8f
00445e9a	Label	LAB_00445e9a
00445eab	Label	LAB_00445eab
00445eb1	Label	LAB_00445eb1
00445eb2	Label	LAB_00445eb2
00445ec2	Label	LAB_00445ec2
00445f05	Label	LAB_00445f05
00445f0b	Label	LAB_00445f0b
00445f20	Label	LAB_00445f20
00445f3a	Label	LAB_00445f3a
00445f45	Label	LAB_00445f45
00445f56	Label	LAB_00445f56
00445f65	Label	LAB_00445f65
00445f72	Label	LAB_00445f72
00445f94	Label	LAB_00445f94
00445f9f	Label	LAB_00445f9f
00445fb1	Label	LAB_00445fb1
00445fb7	Label	LAB_00445fb7
00445fb8	Label	LAB_00445fb8
00445fc8	Label	LAB_00445fc8
0044600c	Label	LAB_0044600c
00446012	Label	LAB_00446012
0044604b	Label	LAB_0044604b
0044607f	Label	LAB_0044607f
004460ab	Label	LAB_004460ab
004460be	Label	LAB_004460be
004460f0	Label	LAB_004460f0
004460f9	Label	LAB_004460f9
00446142	Label	LAB_00446142
00446144	Label	LAB_00446144
0044615a	Label	LAB_0044615a
00446189	Label	LAB_00446189
004461d0	Label	LAB_004461d0
004461d9	Label	LAB_004461d9
00446203	Label	LAB_00446203
00446227	Label	LAB_00446227
00446253	Label	LAB_00446253
0044626b	Label	LAB_0044626b
00446274	Label	LAB_00446274
00446289	Label	LAB_00446289
004462b3	Label	LAB_004462b3
004462ca	Label	LAB_004462ca
004462d6	Label	LAB_004462d6
00446312	Label	LAB_00446312
00446340	Label	LAB_00446340
00446372	Label	LAB_00446372
0044637e	Label	LAB_0044637e
004463c0	Label	LAB_004463c0
004463c9	Label	LAB_004463c9
004463d7	Label	LAB_004463d7
00446407	Label	LAB_00446407
00446415	Label	LAB_00446415
0044643d	Label	LAB_0044643d
00446463	Label	LAB_00446463
00446489	Label	LAB_00446489
004464a8	Label	LAB_004464a8
004464c5	Label	LAB_004464c5
004464da	Label	LAB_004464da
004464f2	Label	LAB_004464f2
00446500	Label	LAB_00446500
00446507	Label	LAB_00446507
0044653e	Label	LAB_0044653e
00446562	Label	LAB_00446562
0044656c	Label	LAB_0044656c
00446573	Label	LAB_00446573
00446586	Label	LAB_00446586
0044658a	Label	LAB_0044658a
004465a0	Label	LAB_004465a0
004465a7	Label	LAB_004465a7
004465ae	Label	LAB_004465ae
004465b5	Label	LAB_004465b5
004465be	Label	LAB_004465be
004465c9	Label	LAB_004465c9
004465ce	Label	LAB_004465ce
004465dc	Function	FUN_004465dc
004465f3	Label	LAB_004465f3
0044663e	Label	LAB_0044663e
00446667	Label	LAB_00446667
0044666c	Label	LAB_0044666c
00446684	Label	LAB_00446684
004466a2	Label	LAB_004466a2
004466b6	Label	LAB_004466b6
004466c4	Function	FUN_004466c4
004466db	Label	LAB_004466db
00446724	Label	LAB_00446724
00446750	Label	LAB_00446750
00446755	Label	LAB_00446755
0044676d	Label	LAB_0044676d
0044678f	Label	LAB_0044678f
0044679c	Function	FUN_0044679c
004467b3	Label	LAB_004467b3
004467fc	Label	LAB_004467fc
00446828	Label	LAB_00446828
0044682d	Label	LAB_0044682d
00446845	Label	LAB_00446845
00446867	Label	LAB_00446867
00446874	Function	FUN_00446874
0044688b	Label	LAB_0044688b
004468d4	Label	LAB_004468d4
00446900	Label	LAB_00446900
00446905	Label	LAB_00446905
0044691d	Label	LAB_0044691d
0044693f	Label	LAB_0044693f
0044694c	Function	FUN_0044694c
00446963	Label	LAB_00446963
004469ac	Label	LAB_004469ac
004469d8	Label	LAB_004469d8
004469dd	Label	LAB_004469dd
004469f5	Label	LAB_004469f5
00446a17	Label	LAB_00446a17
00446a24	Function	FUN_00446a24
00446a3b	Label	LAB_00446a3b
00446a84	Label	LAB_00446a84
00446ab0	Label	LAB_00446ab0
00446ab5	Label	LAB_00446ab5
00446acd	Label	LAB_00446acd
00446aef	Label	LAB_00446aef
00446afc	Function	FUN_00446afc
00446b13	Label	LAB_00446b13
00446b5c	Label	LAB_00446b5c
00446b88	Label	LAB_00446b88
00446b8d	Label	LAB_00446b8d
00446ba5	Label	LAB_00446ba5
00446bc7	Label	LAB_00446bc7
00446bd4	Function	FUN_00446bd4
00446beb	Label	LAB_00446beb
00446c33	Label	LAB_00446c33
00446c5f	Label	LAB_00446c5f
00446c64	Label	LAB_00446c64
00446c7c	Label	LAB_00446c7c
00446c9e	Label	LAB_00446c9e
00446cac	Function	FUN_00446cac
00446cc3	Label	LAB_00446cc3
00446d0c	Label	LAB_00446d0c
00446d38	Label	LAB_00446d38
00446d3d	Label	LAB_00446d3d
00446d55	Label	LAB_00446d55
00446d77	Label	LAB_00446d77
00446d84	Function	FUN_00446d84
00446d9b	Label	LAB_00446d9b
00446de4	Label	LAB_00446de4
00446e0d	Label	LAB_00446e0d
00446e12	Label	LAB_00446e12
00446e2a	Label	LAB_00446e2a
00446e48	Label	LAB_00446e48
00446e5f	Label	LAB_00446e5f
00446e6c	Function	FUN_00446e6c
00446e83	Label	LAB_00446e83
00446ecc	Label	LAB_00446ecc
00446ef5	Label	LAB_00446ef5
00446efa	Label	LAB_00446efa
00446f12	Label	LAB_00446f12
00446f30	Label	LAB_00446f30
00446f47	Label	LAB_00446f47
00446f54	Label	switchD_004470ac::switchdataD_00446f54
00447090	Function	FUN_00447090
004470ac	Label	switchD_004470ac::switchD
004470b4	Label	switchD_004470ac::caseD_1
004470b4	Label	switchD_004470ac::caseD_2
004470b4	Label	switchD_004470ac::caseD_3
004470b4	Label	switchD_004470ac::caseD_4
004470b4	Label	switchD_004470ac::caseD_5
004470b4	Label	switchD_004470ac::caseD_6
004470b4	Label	switchD_004470ac::caseD_9
004470b4	Label	switchD_004470ac::caseD_d
004470b4	Label	switchD_004470ac::caseD_e
004470b4	Label	switchD_004470ac::caseD_1c
004470b4	Label	switchD_004470ac::caseD_1d
004470b4	Label	switchD_004470ac::caseD_1e
004470b4	Label	switchD_004470ac::caseD_1f
004470b4	Label	switchD_004470ac::caseD_20
004470b4	Label	switchD_004470ac::caseD_21
004470b4	Label	switchD_004470ac::caseD_22
004470b4	Label	switchD_004470ac::caseD_23
004470b4	Label	switchD_004470ac::caseD_27
004470b4	Label	switchD_004470ac::caseD_28
004470b4	Label	switchD_004470ac::caseD_38
004470b4	Label	switchD_004470ac::caseD_39
004470b4	Label	switchD_004470ac::caseD_3a
004470b4	Label	switchD_004470ac::caseD_3b
004470b4	Label	switchD_004470ac::caseD_3c
004470b4	Label	switchD_004470ac::caseD_3d
004470b4	Label	switchD_004470ac::caseD_3e
004470b4	Label	switchD_004470ac::caseD_3f
004470b4	Label	switchD_004470ac::caseD_48
004470cb	Label	switchD_004470ac::caseD_2e
004470fe	Label	LAB_004470fe
00447119	Label	LAB_00447119
00447133	Label	LAB_00447133
0044715d	Label	LAB_0044715d
0044717f	Label	LAB_0044717f
00447198	Label	LAB_00447198
004471be	Label	switchD_004470ac::caseD_7
004471cc	Label	switchD_004470ac::caseD_a
004471e7	Label	switchD_004470ac::caseD_47
0044720d	Label	switchD_004470ac::caseD_8
00447228	Label	switchD_004470ac::caseD_b
0044725e	Label	switchD_004470ac::caseD_2f
00447269	Label	switchD_004470ac::caseD_18
00447284	Label	switchD_004470ac::caseD_f
00447284	Label	switchD_004470ac::caseD_10
0044729a	Label	LAB_0044729a
004472b5	Label	switchD_004470ac::caseD_11
004472d8	Label	switchD_004470ac::caseD_19
00447301	Label	LAB_00447301
00447327	Label	switchD_004470ac::caseD_34
0044734d	Label	switchD_004470ac::caseD_1a
00447368	Label	switchD_004470ac::caseD_1b
0044738e	Label	switchD_004470ac::caseD_29
0044738e	Label	switchD_004470ac::caseD_30
004473b7	Label	switchD_004470ac::caseD_2a
004473ce	Label	switchD_004470ac::caseD_2b
0044741b	Label	switchD_004470ac::caseD_49
00447444	Label	switchD_004470ac::caseD_4a
00447478	Label	switchD_004470ac::caseD_2c
00447478	Label	switchD_004470ac::caseD_2d
00447478	Label	switchD_004470ac::caseD_4b
00447478	Label	switchD_004470ac::caseD_4c
00447478	Label	switchD_004470ac::caseD_4d
0044748f	Label	switchD_004470ac::caseD_43
004474c5	Label	switchD_004470ac::caseD_46
004474fb	Label	switchD_004470ac::caseD_35
00447525	Label	LAB_00447525
0044754c	Label	switchD_004470ac::caseD_36
00447582	Label	switchD_004470ac::caseD_37
004475a8	Label	switchD_004470ac::caseD_42
004475a8	Label	switchD_004470ac::caseD_4e
004475c2	Label	LAB_004475c2
004475dc	Label	LAB_004475dc
004475ff	Label	switchD_004470ac::caseD_44
004475ff	Label	switchD_004470ac::caseD_45
0044762c	Label	switchD_004470ac::caseD_0
0044762c	Label	switchD_004470ac::caseD_c
0044762c	Label	switchD_004470ac::caseD_12
0044762c	Label	switchD_004470ac::caseD_13
0044762c	Label	switchD_004470ac::caseD_14
0044762c	Label	switchD_004470ac::caseD_15
0044762c	Label	switchD_004470ac::caseD_16
0044762c	Label	switchD_004470ac::caseD_17
0044762c	Label	switchD_004470ac::caseD_24
0044762c	Label	switchD_004470ac::caseD_25
0044762c	Label	switchD_004470ac::caseD_26
0044762c	Label	switchD_004470ac::caseD_31
0044762c	Label	switchD_004470ac::caseD_32
0044762c	Label	switchD_004470ac::caseD_33
0044762c	Label	switchD_004470ac::caseD_40
0044762c	Label	switchD_004470ac::caseD_41
00447638	Function	FUN_00447638
0044765f	Label	LAB_0044765f
0044767c	Label	LAB_0044767c
00447683	Label	LAB_00447683
00447685	Label	LAB_00447685
004476e6	Label	LAB_004476e6
004476fb	Label	LAB_004476fb
00447718	Label	LAB_00447718
00447723	Label	LAB_00447723
00447735	Label	LAB_00447735
00447754	Label	LAB_00447754
0044775f	Label	LAB_0044775f
00447771	Label	LAB_00447771
0044779a	Label	LAB_0044779a
004477a5	Label	LAB_004477a5
004477b7	Label	LAB_004477b7
004477c1	Label	LAB_004477c1
004477d8	Label	LAB_004477d8
004477fc	Label	LAB_004477fc
00447816	Label	LAB_00447816
00447821	Label	LAB_00447821
00447833	Label	LAB_00447833
00447850	Label	LAB_00447850
0044785b	Label	LAB_0044785b
0044786d	Label	LAB_0044786d
00447896	Label	LAB_00447896
0044789f	Label	LAB_0044789f
004478ab	Label	LAB_004478ab
004478ca	Label	LAB_004478ca
004478cc	Label	LAB_004478cc
004478ee	Label	LAB_004478ee
0044790a	Label	LAB_0044790a
0044791e	Label	LAB_0044791e
0044792a	Label	LAB_0044792a
00447937	Label	LAB_00447937
00447944	Label	LAB_00447944
0044796b	Label	LAB_0044796b
00447976	Label	LAB_00447976
00447988	Label	LAB_00447988
0044798d	Label	LAB_0044798d
004479b1	Label	LAB_004479b1
004479ba	Label	LAB_004479ba
004479c8	Label	LAB_004479c8
004479cc	Label	LAB_004479cc
004479de	Label	LAB_004479de
004479f9	Label	LAB_004479f9
00447a79	Label	LAB_00447a79
00447a86	Label	LAB_00447a86
00447a97	Label	LAB_00447a97
00447ad8	Label	LAB_00447ad8
00447adc	Label	LAB_00447adc
00447afa	Label	LAB_00447afa
00447b15	Label	LAB_00447b15
00447b1e	Label	LAB_00447b1e
00447b32	Label	LAB_00447b32
00447b6c	Label	LAB_00447b6c
00447b7d	Label	LAB_00447b7d
00447d94	Function	FUN_00447d94
00447db4	Label	LAB_00447db4
00447dce	Label	LAB_00447dce
00447de8	Label	LAB_00447de8
00447e02	Label	LAB_00447e02
00447e1c	Label	LAB_00447e1c
00447e3b	Label	LAB_00447e3b
00447e43	Label	LAB_00447e43
00447e65	Label	LAB_00447e65
00447e7f	Label	LAB_00447e7f
00447ea4	Label	LAB_00447ea4
004486d8	Function	FUN_004486d8
0044872c	Label	switchD_004487ea::switchdataD_0044872c
00448744	Function	FUN_00448744
004487d1	Label	LAB_004487d1
004487ea	Label	switchD_004487ea::switchD
004487f1	Label	switchD_004487ea::caseD_2
004487fe	Label	switchD_004487ea::caseD_3
00448808	Label	switchD_004487ea::caseD_4
00448812	Label	switchD_004487ea::caseD_5
00448818	Label	switchD_004487ea::default
00448828	Label	LAB_00448828
00448830	Label	LAB_00448830
0044883c	Label	LAB_0044883c
00448842	Label	switchD_004487ea::caseD_1
00448847	Label	switchD_004487ea::caseD_0
0044886a	Label	LAB_0044886a
0044887c	Label	LAB_0044887c
0044888c	Label	switchD_00448949::switchdataD_0044888c
004488a4	Function	FUN_004488a4
00448930	Label	LAB_00448930
00448949	Label	switchD_00448949::switchD
00448950	Label	switchD_00448949::caseD_2
0044895d	Label	switchD_00448949::caseD_3
00448967	Label	switchD_00448949::caseD_4
00448971	Label	switchD_00448949::caseD_5
00448977	Label	switchD_00448949::default
00448987	Label	LAB_00448987
0044898f	Label	LAB_0044898f
0044899b	Label	LAB_0044899b
004489a1	Label	switchD_00448949::caseD_1
004489a6	Label	switchD_00448949::caseD_0
004489ca	Label	LAB_004489ca
004489dc	Label	LAB_004489dc
00448a3c	Function	FUN_00448a3c
00448a48	Function	FUN_00448a48
00448acd	Label	LAB_00448acd
00448aea	Label	LAB_00448aea
00448aef	Label	LAB_00448aef
00448b02	Label	LAB_00448b02
00448b13	Label	LAB_00448b13
00448b28	Label	LAB_00448b28
00448b2b	Label	LAB_00448b2b
00448b31	Label	LAB_00448b31
00448b48	Label	LAB_00448b48
00448b65	Label	LAB_00448b65
00448b82	Label	LAB_00448b82
00448bb9	Label	LAB_00448bb9
00448bca	Label	LAB_00448bca
00448bcf	Label	LAB_00448bcf
00448be0	Function	FUN_00448be0
00448c12	Label	LAB_00448c12
00448c1c	Function	FUN_00448c1c
00448c30	Label	LAB_00448c30
00448c35	Label	LAB_00448c35
00448c48	Label	LAB_00448c48
00448c4f	Label	LAB_00448c4f
00448c63	Label	LAB_00448c63
00448c6b	Label	LAB_00448c6b
00448c70	Label	LAB_00448c70
00448ca6	Label	LAB_00448ca6
00448cad	Label	LAB_00448cad
00448cb4	Function	FUN_00448cb4
00448d0c	Label	LAB_00448d0c
00448d2f	Label	LAB_00448d2f
00448d4f	Label	LAB_00448d4f
00448d56	Label	LAB_00448d56
00448d7f	Label	LAB_00448d7f
00448dfb	Label	LAB_00448dfb
00448e31	Label	LAB_00448e31
00448ea2	Label	LAB_00448ea2
00448ea6	Label	LAB_00448ea6
00448eb4	Label	LAB_00448eb4
00448ec0	Label	LAB_00448ec0
00448ec4	Label	LAB_00448ec4
00448f1f	Label	LAB_00448f1f
00448f2a	Label	LAB_00448f2a
00448fc3	Label	LAB_00448fc3
00448fe3	Label	LAB_00448fe3
00449070	Label	LAB_00449070
004490fb	Label	LAB_004490fb
00449197	Label	LAB_00449197
004491b7	Label	LAB_004491b7
00449251	Label	LAB_00449251
00449271	Label	LAB_00449271
004492bb	Label	LAB_004492bb
00449300	Label	LAB_00449300
00449310	Label	LAB_00449310
00449320	Label	LAB_00449320
0044932a	Label	LAB_0044932a
0044932f	Label	LAB_0044932f
00449346	Label	LAB_00449346
00449352	Label	LAB_00449352
00449377	Label	LAB_00449377
00449392	Label	LAB_00449392
0044939d	Label	LAB_0044939d
004493cc	Label	LAB_004493cc
004493f5	Label	LAB_004493f5
004493ff	Label	LAB_004493ff
0044943b	Label	LAB_0044943b
0044943e	Label	LAB_0044943e
0044948e	Label	LAB_0044948e
004494a5	Label	LAB_004494a5
004494aa	Label	LAB_004494aa
004494bc	Label	LAB_004494bc
004494d0	Label	LAB_004494d0
004494d2	Label	LAB_004494d2
004494d7	Label	LAB_004494d7
00449574	Label	LAB_00449574
004495d2	Label	LAB_004495d2
004495e0	Function	FUN_004495e0
004495f3	Label	LAB_004495f3
0044960b	Label	LAB_0044960b
00449618	Label	LAB_00449618
0044966b	Label	LAB_0044966b
00449679	Label	LAB_00449679
00449680	Function	FUN_00449680
004496c2	Label	LAB_004496c2
00449759	Label	LAB_00449759
00449761	Label	LAB_00449761
00449765	Label	LAB_00449765
0044976c	Label	LAB_0044976c
004497a2	Label	LAB_004497a2
004497d2	Label	LAB_004497d2
004497e0	Label	LAB_004497e0
004497f1	Label	LAB_004497f1
0044981f	Label	LAB_0044981f
00449828	Label	LAB_00449828
00449835	Label	LAB_00449835
00449847	Label	LAB_00449847
00449866	Label	LAB_00449866
0044987c	Label	LAB_0044987c
00449b30	Function	FUN_00449b30
00449b4c	Function	FUN_00449b4c
00449b71	Label	LAB_00449b71
00449b94	Label	LAB_00449b94
00449bca	Label	LAB_00449bca
00449bea	Label	LAB_00449bea
00449c0b	Label	LAB_00449c0b
00449ce7	Label	LAB_00449ce7
00449cf4	Label	LAB_00449cf4
00449d04	Label	LAB_00449d04
00449d09	Label	LAB_00449d09
00449d23	Label	LAB_00449d23
00449d5e	Label	LAB_00449d5e
00449d63	Label	LAB_00449d63
00449d6c	Label	LAB_00449d6c
00449d7f	Label	LAB_00449d7f
00449d87	Label	LAB_00449d87
00449d8c	Label	LAB_00449d8c
00449e30	Label	LAB_00449e30
00449e76	Label	LAB_00449e76
00449eb5	Label	LAB_00449eb5
00449f30	Label	LAB_00449f30
00449f42	Label	LAB_00449f42
00449f4b	Label	LAB_00449f4b
00449f5f	Label	LAB_00449f5f
00449f6a	Label	LAB_00449f6a
00449ff4	Label	LAB_00449ff4
0044a000	Label	LAB_0044a000
0044a00e	Label	LAB_0044a00e
0044a178	Function	FUN_0044a178
0044a1b3	Label	LAB_0044a1b3
0044a1ca	Label	LAB_0044a1ca
0044a26b	Label	LAB_0044a26b
0044a2a0	Label	LAB_0044a2a0
0044a318	Function	FUN_0044a318
0044a334	Label	LAB_0044a334
0044a3a0	Label	LAB_0044a3a0
0044a3ae	Label	LAB_0044a3ae
0044a3c8	Label	LAB_0044a3c8
0044a3dd	Label	LAB_0044a3dd
0044a3ee	Label	LAB_0044a3ee
0044a3fc	Label	LAB_0044a3fc
0044a415	Label	LAB_0044a415
0044a42a	Label	LAB_0044a42a
0044a43b	Label	LAB_0044a43b
0044a449	Label	LAB_0044a449
0044a462	Label	LAB_0044a462
0044a477	Label	LAB_0044a477
0044a488	Label	LAB_0044a488
0044a496	Label	LAB_0044a496
0044a4af	Label	LAB_0044a4af
0044a4c4	Label	LAB_0044a4c4
0044a4d5	Label	LAB_0044a4d5
0044a4e3	Label	LAB_0044a4e3
0044a4fc	Label	LAB_0044a4fc
0044a511	Label	LAB_0044a511
0044a522	Label	LAB_0044a522
0044a530	Label	LAB_0044a530
0044a549	Label	LAB_0044a549
0044a55e	Label	LAB_0044a55e
0044a56f	Label	LAB_0044a56f
0044a57a	Label	LAB_0044a57a
0044a593	Label	LAB_0044a593
0044a5a8	Label	LAB_0044a5a8
0044a5b9	Label	LAB_0044a5b9
0044a5c7	Label	LAB_0044a5c7
0044a5e0	Label	LAB_0044a5e0
0044a5f5	Label	LAB_0044a5f5
0044a614	Label	LAB_0044a614
0044a625	Label	LAB_0044a625
0044a647	Label	LAB_0044a647
0044a65c	Label	LAB_0044a65c
0044a66d	Label	LAB_0044a66d
0044a680	Label	LAB_0044a680
0044a69d	Label	LAB_0044a69d
0044a6b2	Label	LAB_0044a6b2
0044a6c3	Label	LAB_0044a6c3
0044a6d4	Label	LAB_0044a6d4
0044a6f6	Label	LAB_0044a6f6
0044a70b	Label	LAB_0044a70b
0044a71c	Label	LAB_0044a71c
0044a732	Label	LAB_0044a732
0044a752	Label	LAB_0044a752
0044a766	Label	LAB_0044a766
0044a777	Label	LAB_0044a777
0044a791	Label	LAB_0044a791
0044a7bc	Label	LAB_0044a7bc
0044a7d1	Label	LAB_0044a7d1
0044a7e2	Label	LAB_0044a7e2
0044a7fe	Label	LAB_0044a7fe
0044a82b	Label	LAB_0044a82b
0044a840	Label	LAB_0044a840
0044a851	Label	LAB_0044a851
0044a86b	Label	LAB_0044a86b
0044a896	Label	LAB_0044a896
0044a8ab	Label	LAB_0044a8ab
0044a8bc	Label	LAB_0044a8bc
0044a8d8	Label	LAB_0044a8d8
0044a905	Label	LAB_0044a905
0044a914	Label	LAB_0044a914
0044a91a	Label	LAB_0044a91a
0044a92b	Label	LAB_0044a92b
0044a939	Label	LAB_0044a939
0044a952	Label	LAB_0044a952
0044a967	Label	LAB_0044a967
0044a978	Label	LAB_0044a978
0044a983	Label	LAB_0044a983
0044a99c	Label	LAB_0044a99c
0044a9b1	Label	LAB_0044a9b1
0044a9c2	Label	LAB_0044a9c2
0044a9cd	Label	LAB_0044a9cd
0044a9e6	Label	LAB_0044a9e6
0044a9fb	Label	LAB_0044a9fb
0044aa0c	Label	LAB_0044aa0c
0044aa17	Label	LAB_0044aa17
0044aa30	Label	LAB_0044aa30
0044aa45	Label	LAB_0044aa45
0044aa56	Label	LAB_0044aa56
0044aa61	Label	LAB_0044aa61
0044aa7a	Label	LAB_0044aa7a
0044aa8f	Label	LAB_0044aa8f
0044aaa0	Label	LAB_0044aaa0
0044aaab	Label	LAB_0044aaab
0044aac4	Label	LAB_0044aac4
0044aad9	Label	LAB_0044aad9
0044aaea	Label	LAB_0044aaea
0044aaf5	Label	LAB_0044aaf5
0044ab0e	Label	LAB_0044ab0e
0044ab23	Label	LAB_0044ab23
0044ab34	Label	LAB_0044ab34
0044ab3f	Label	LAB_0044ab3f
0044ab58	Label	LAB_0044ab58
0044ab6d	Label	LAB_0044ab6d
0044ab71	Label	LAB_0044ab71
0044ab82	Label	LAB_0044ab82
0044ab8d	Label	LAB_0044ab8d
0044aba4	Label	LAB_0044aba4
0044abb9	Label	LAB_0044abb9
0044abd0	Label	LAB_0044abd0
0044abd5	Label	LAB_0044abd5
0044abdc	Label	LAB_0044abdc
0044abed	Label	LAB_0044abed
0044abfd	Label	LAB_0044abfd
0044ac17	Label	LAB_0044ac17
0044ac2c	Label	LAB_0044ac2c
0044ac68	Label	LAB_0044ac68
0044ac7c	Label	LAB_0044ac7c
0044ac8d	Label	LAB_0044ac8d
0044ac9a	Label	LAB_0044ac9a
0044acb4	Label	LAB_0044acb4
0044acc9	Label	LAB_0044acc9
0044acd4	Label	LAB_0044acd4
0044ace5	Label	LAB_0044ace5
0044acf7	Label	LAB_0044acf7
0044ad09	Label	LAB_0044ad09
0044ad1a	Label	LAB_0044ad1a
0044ad30	Label	LAB_0044ad30
0044ad56	Label	LAB_0044ad56
0044ad6b	Label	LAB_0044ad6b
0044ad75	Label	LAB_0044ad75
0044ad84	Label	LAB_0044ad84
0044adc2	Label	LAB_0044adc2
0044adc7	Label	LAB_0044adc7
0044add8	Function	FUN_0044add8
0044ae01	Label	LAB_0044ae01
0044ae11	Label	LAB_0044ae11
0044ae21	Label	LAB_0044ae21
0044ae26	Label	LAB_0044ae26
0044ae44	Label	LAB_0044ae44
0044aeed	Label	LAB_0044aeed
0044af05	Label	LAB_0044af05
0044af07	Label	LAB_0044af07
0044af19	Label	LAB_0044af19
0044af33	Label	LAB_0044af33
0044af5f	Label	LAB_0044af5f
0044af7e	Label	LAB_0044af7e
0044af8a	Label	LAB_0044af8a
0044af98	Label	LAB_0044af98
0044afb1	Label	LAB_0044afb1
0044afd1	Label	LAB_0044afd1
0044afdd	Label	LAB_0044afdd
0044afee	Label	LAB_0044afee
0044b007	Label	LAB_0044b007
0044b026	Label	LAB_0044b026
0044b032	Label	LAB_0044b032
0044b040	Label	LAB_0044b040
0044b064	Label	LAB_0044b064
0044b078	Label	LAB_0044b078
0044b07a	Label	LAB_0044b07a
0044b08c	Label	LAB_0044b08c
0044b0a0	Label	LAB_0044b0a0
0044b0ac	Function	FUN_0044b0ac
0044b0c9	Label	LAB_0044b0c9
0044b0d3	Label	LAB_0044b0d3
0044b0e6	Label	LAB_0044b0e6
0044b102	Label	LAB_0044b102
0044b104	Label	LAB_0044b104
0044b15e	Label	LAB_0044b15e
0044b1ad	Label	LAB_0044b1ad
0044b1b8	Label	LAB_0044b1b8
0044b212	Label	LAB_0044b212
0044b251	Label	LAB_0044b251
0044b276	Label	LAB_0044b276
0044b27b	Label	LAB_0044b27b
0044b283	Label	LAB_0044b283
0044b2df	Label	LAB_0044b2df
0044b2fc	Label	LAB_0044b2fc
0044b313	Label	LAB_0044b313
0044b343	Label	LAB_0044b343
0044b361	Label	LAB_0044b361
0044b36d	Label	LAB_0044b36d
0044b37f	Label	LAB_0044b37f
0044b3bc	Label	LAB_0044b3bc
0044b3c2	Label	LAB_0044b3c2
0044b3e1	Label	LAB_0044b3e1
0044b3ed	Label	LAB_0044b3ed
0044b3ff	Label	LAB_0044b3ff
0044b436	Label	LAB_0044b436
0044b440	Label	LAB_0044b440
0044b460	Label	LAB_0044b460
0044b46e	Label	LAB_0044b46e
0044b483	Label	LAB_0044b483
0044b488	Label	LAB_0044b488
0044b4aa	Label	LAB_0044b4aa
0044b4f4	Label	LAB_0044b4f4
0044b511	Label	LAB_0044b511
0044b521	Label	LAB_0044b521
0044b526	Label	LAB_0044b526
0044b52e	Label	LAB_0044b52e
0044b541	Label	LAB_0044b541
0044bdf0	Label	DAT_0044bdf0
0044bdf4	Label	DAT_0044bdf4
0044bdf8	Label	DAT_0044bdf8
0044bdfc	Label	DAT_0044bdfc
0044be00	Label	DAT_0044be00
0044be04	Label	DAT_0044be04
0044be08	Label	DAT_0044be08
0044be0c	Label	DAT_0044be0c
0044be10	Label	DAT_0044be10
0044be14	Label	DAT_0044be14
0044be18	Label	DAT_0044be18
0044be1c	Label	DAT_0044be1c
0044be20	Function	FUN_0044be20
0044beaf	Label	LAB_0044beaf
0044bf26	Label	LAB_0044bf26
0044bf7e	Label	LAB_0044bf7e
0044bfc3	Label	LAB_0044bfc3
0044bfca	Label	LAB_0044bfca
0044bfd3	Label	LAB_0044bfd3
0044bfdd	Label	LAB_0044bfdd
0044c072	Label	LAB_0044c072
0044c085	Label	LAB_0044c085
0044c092	Label	LAB_0044c092
0044c09b	Label	LAB_0044c09b
0044c0ab	Label	LAB_0044c0ab
0044c0c0	Label	LAB_0044c0c0
0044c0d0	Label	LAB_0044c0d0
0044c0dc	Label	LAB_0044c0dc
0044c0e5	Label	LAB_0044c0e5
0044c0fd	Label	LAB_0044c0fd
0044c109	Label	LAB_0044c109
0044c119	Label	LAB_0044c119
0044c134	Label	LAB_0044c134
0044c152	Label	LAB_0044c152
0044c15b	Label	LAB_0044c15b
0044c164	Function	FUN_0044c164
0044c1f8	Label	LAB_0044c1f8
0044c1fa	Label	LAB_0044c1fa
0044c21d	Label	LAB_0044c21d
0044c224	Function	FUN_0044c224
0044c29d	Label	LAB_0044c29d
0044c2af	Label	LAB_0044c2af
0044c2b8	Label	LAB_0044c2b8
0044c2ba	Label	LAB_0044c2ba
0044c341	Label	LAB_0044c341
0044c348	Label	LAB_0044c348
0044c351	Label	LAB_0044c351
0044c35b	Label	LAB_0044c35b
0044c3e4	Label	LAB_0044c3e4
0044c3f4	Label	LAB_0044c3f4
0044c3fd	Label	LAB_0044c3fd
0044c40d	Label	LAB_0044c40d
0044c422	Label	LAB_0044c422
0044c432	Label	LAB_0044c432
0044c440	Label	LAB_0044c440
0044c45d	Label	LAB_0044c45d
0044c466	Label	LAB_0044c466
0044c47e	Label	LAB_0044c47e
0044c48a	Label	LAB_0044c48a
0044c49a	Label	LAB_0044c49a
0044c4b5	Label	LAB_0044c4b5
0044c4d3	Label	LAB_0044c4d3
0044c4dc	Label	LAB_0044c4dc
0044c4e4	Function	FUN_0044c4e4
0044c4fe	Label	LAB_0044c4fe
0044c520	Label	LAB_0044c520
0044c527	Label	LAB_0044c527
0044c529	Label	LAB_0044c529
0044c58a	Label	LAB_0044c58a
0044c5cc	Label	LAB_0044c5cc
0044c610	Label	LAB_0044c610
0044c62e	Label	LAB_0044c62e
0044c633	Label	LAB_0044c633
0044c6bc	Function	FUN_0044c6bc
0044c6c7	Label	LAB_0044c6c7
0044c71c	Function	FUN_0044c71c
0044c72c	Label	LAB_0044c72c
0044c74b	Label	LAB_0044c74b
0044c7a0	Label	LAB_0044c7a0
0044c7be	Label	LAB_0044c7be
0044c7fb	Label	LAB_0044c7fb
0044c810	Label	LAB_0044c810
0044ce70	Label	LAB_0044ce70
0044ce75	Label	LAB_0044ce75
0044d28c	Function	FUN_0044d28c
0044d2ad	Label	LAB_0044d2ad
0044d2b4	Function	FUN_0044d2b4
0044d2d3	Label	LAB_0044d2d3
0044d2db	Label	LAB_0044d2db
0044d309	Label	LAB_0044d309
0044d324	Label	LAB_0044d324
0044d335	Label	LAB_0044d335
0044d345	Label	LAB_0044d345
0044d34c	Function	FUN_0044d34c
0044d388	Label	LAB_0044d388
0044d3ae	Label	LAB_0044d3ae
0044d3b0	Label	LAB_0044d3b0
0044d3e3	Label	LAB_0044d3e3
0044d3e8	Function	FUN_0044d3e8
0044d472	Label	LAB_0044d472
0044d47e	Label	LAB_0044d47e
0044d497	Label	LAB_0044d497
0044d4a8	Label	LAB_0044d4a8
0044d4af	Label	LAB_0044d4af
0044d4b4	Function	FUN_0044d4b4
0044d513	Label	LAB_0044d513
0044d52e	Label	LAB_0044d52e
0044d53f	Label	LAB_0044d53f
0044d54b	Label	LAB_0044d54b
0044d571	Label	LAB_0044d571
0044d573	Label	LAB_0044d573
0044d596	Label	LAB_0044d596
0044d5a7	Label	LAB_0044d5a7
0044d5b5	Label	LAB_0044d5b5
0044d5e8	Label	LAB_0044d5e8
0044d5ea	Label	LAB_0044d5ea
0044d601	Label	LAB_0044d601
0044d608	Function	FUN_0044d608
0044d618	Label	LAB_0044d618
0044d629	Label	LAB_0044d629
0044d630	Label	LAB_0044d630
0044d634	Function	FUN_0044d634
0044d64f	Label	LAB_0044d64f
0044d66a	Label	LAB_0044d66a
0044d70a	Label	LAB_0044d70a
0044d718	Label	LAB_0044d718
0044d726	Label	LAB_0044d726
0044d76c	Label	LAB_0044d76c
0044d77b	Label	LAB_0044d77b
0044d78e	Label	LAB_0044d78e
0044d7dc	Label	LAB_0044d7dc
0044d821	Label	LAB_0044d821
0044d82f	Label	LAB_0044d82f
0044d83e	Label	LAB_0044d83e
0044d86a	Label	LAB_0044d86a
0044d897	Label	LAB_0044d897
0044d8be	Label	LAB_0044d8be
0044d909	Label	LAB_0044d909
0044d928	Label	LAB_0044d928
0044d965	Label	LAB_0044d965
0044d974	Label	LAB_0044d974
0044d981	Label	LAB_0044d981
0044db80	Function	FUN_0044db80
0044dba7	Label	LAB_0044dba7
0044dbae	Label	LAB_0044dbae
0044dbb4	Label	LAB_0044dbb4
0044dbe1	Label	LAB_0044dbe1
0044dbe6	Label	LAB_0044dbe6
0044dbf4	Label	switchD_0044dd6c::switchdataD_0044dbf4
0044dca4	Function	FUN_0044dca4
0044dd5f	Label	LAB_0044dd5f
0044dd61	Label	LAB_0044dd61
0044dd6c	Label	switchD_0044dd6c::switchD
0044dd74	Label	switchD_0044dd6c::caseD_c
0044dd96	Label	switchD_0044dd6c::caseD_1
0044dda5	Label	switchD_0044dd6c::caseD_2
0044ddb4	Label	switchD_0044dd6c::caseD_3
0044ddc3	Label	switchD_0044dd6c::caseD_4
0044ddd2	Label	switchD_0044dd6c::caseD_5
0044dde1	Label	switchD_0044dd6c::caseD_6
0044ddf0	Label	switchD_0044dd6c::caseD_7
0044ddff	Label	switchD_0044dd6c::caseD_8
0044de0e	Label	switchD_0044dd6c::caseD_9
0044de1d	Label	switchD_0044dd6c::caseD_d
0044de2c	Label	switchD_0044dd6c::caseD_e
0044de3b	Label	switchD_0044dd6c::caseD_f
0044de4a	Label	switchD_0044dd6c::caseD_10
0044de59	Label	switchD_0044dd6c::caseD_11
0044de68	Label	switchD_0044dd6c::caseD_12
0044de77	Label	switchD_0044dd6c::caseD_13
0044de86	Label	switchD_0044dd6c::caseD_14
0044de95	Label	switchD_0044dd6c::caseD_15
0044dea4	Label	switchD_0044dd6c::caseD_16
0044deb3	Label	switchD_0044dd6c::caseD_17
0044dec2	Label	switchD_0044dd6c::caseD_19
0044ded1	Label	switchD_0044dd6c::caseD_1a
0044dee0	Label	switchD_0044dd6c::caseD_1b
0044deef	Label	switchD_0044dd6c::caseD_1c
0044defe	Label	switchD_0044dd6c::caseD_1e
0044df0d	Label	switchD_0044dd6c::caseD_1f
0044df1c	Label	switchD_0044dd6c::caseD_20
0044df2b	Label	switchD_0044dd6c::caseD_21
0044df3a	Label	switchD_0044dd6c::caseD_23
0044df49	Label	switchD_0044dd6c::caseD_24
0044df58	Label	switchD_0044dd6c::caseD_26
0044df65	Label	switchD_0044dd6c::caseD_b
0044df74	Label	switchD_0044dd6c::caseD_27
0044df81	Label	switchD_0044dd6c::caseD_25
0044df8d	Label	switchD_0044dd6c::caseD_28
0044df96	Label	switchD_0044dd6c::caseD_22
0044dfa2	Label	switchD_0044dd6c::caseD_29
0044dfab	Label	switchD_0044dd6c::caseD_a
0044dfb7	Label	switchD_0044dd6c::caseD_2a
0044dfc0	Label	switchD_0044dd6c::caseD_18
0044dfcc	Label	switchD_0044dd6c::caseD_2b
0044dfd5	Label	switchD_0044dd6c::caseD_1d
0044dfe1	Label	LAB_0044dfe1
0044dfeb	Label	LAB_0044dfeb
0044dff2	Label	switchD_0044dd6c::caseD_0
0044e00e	Label	LAB_0044e00e
0044e038	Label	LAB_0044e038
0044e07e	Label	LAB_0044e07e
0044e088	Label	LAB_0044e088
0044e0a3	Label	LAB_0044e0a3
0044e0aa	Label	LAB_0044e0aa
0044e13f	Label	LAB_0044e13f
0044e151	Label	LAB_0044e151
0044e158	Label	LAB_0044e158
0044e1c9	Label	LAB_0044e1c9
0044e21d	Label	LAB_0044e21d
0044e22b	Label	LAB_0044e22b
0044e238	Function	FUN_0044e238
0044e273	Label	LAB_0044e273
0044e292	Label	LAB_0044e292
0044e299	Label	LAB_0044e299
0044e2a3	Label	LAB_0044e2a3
0044e2aa	Label	LAB_0044e2aa
0044e2bb	Label	LAB_0044e2bb
0044e2c2	Label	LAB_0044e2c2
0044e2e0	Label	LAB_0044e2e0
0044e311	Label	LAB_0044e311
0044e336	Label	LAB_0044e336
0044e33d	Label	LAB_0044e33d
0044e34c	Label	LAB_0044e34c
0044e354	Function	FUN_0044e354
0044e376	Label	LAB_0044e376
0044e3d8	Label	LAB_0044e3d8
0044e3e4	Label	LAB_0044e3e4
0044e402	Label	LAB_0044e402
0044e421	Label	LAB_0044e421
0044e428	Label	LAB_0044e428
0044e436	Label	LAB_0044e436
0044e451	Label	LAB_0044e451
0044e480	Label	LAB_0044e480
0044e4fb	Label	LAB_0044e4fb
0044e567	Label	LAB_0044e567
0044e572	Label	LAB_0044e572
0044e57d	Label	LAB_0044e57d
0044e595	Label	LAB_0044e595
0044e59c	Label	LAB_0044e59c
0044e5a6	Label	LAB_0044e5a6
0044e5b0	Function	FUN_0044e5b0
0044e5b8	Label	LAB_0044e5b8
0044e5d2	Label	LAB_0044e5d2
0044e745	Label	LAB_0044e745
0044e74c	Function	FUN_0044e74c
0044e757	Label	LAB_0044e757
0044e777	Label	LAB_0044e777
0044e79e	Label	LAB_0044e79e
0044e7a4	Function	FUN_0044e7a4
0044e7af	Label	LAB_0044e7af
0044e7df	Label	LAB_0044e7df
0044e80a	Label	LAB_0044e80a
0044e810	Function	FUN_0044e810
0044e83c	Label	LAB_0044e83c
0044e892	Label	LAB_0044e892
0044e8b3	Label	LAB_0044e8b3
0044e8c2	Label	LAB_0044e8c2
0044e8f9	Label	LAB_0044e8f9
0044e908	Label	LAB_0044e908
0044e933	Label	LAB_0044e933
0044e93d	Label	LAB_0044e93d
0044e947	Label	LAB_0044e947
0044e955	Label	LAB_0044e955
0044e960	Label	LAB_0044e960
0044e995	Label	LAB_0044e995
0044e9a1	Label	LAB_0044e9a1
0044e9c8	Label	LAB_0044e9c8
0044e9f9	Label	LAB_0044e9f9
0044ea0a	Label	LAB_0044ea0a
0044ea1e	Label	LAB_0044ea1e
0044ea52	Label	LAB_0044ea52
0044ea71	Label	LAB_0044ea71
0044ea91	Label	LAB_0044ea91
0044eab0	Label	LAB_0044eab0
0044eacb	Label	LAB_0044eacb
0044ead8	Label	LAB_0044ead8
0044eae2	Label	LAB_0044eae2
0044eb02	Label	LAB_0044eb02
0044eb0e	Label	LAB_0044eb0e
0044eb16	Label	LAB_0044eb16
0044eb70	Label	LAB_0044eb70
0044eb77	Label	LAB_0044eb77
0044eb79	Label	LAB_0044eb79
0044eb91	Label	LAB_0044eb91
0044eba1	Label	LAB_0044eba1
0044eba9	Label	LAB_0044eba9
0044ebbc	Label	LAB_0044ebbc
0044ebcf	Label	LAB_0044ebcf
0044ebe1	Label	LAB_0044ebe1
0044ebe8	Label	LAB_0044ebe8
0044ebea	Label	LAB_0044ebea
0044ebf2	Label	LAB_0044ebf2
0044ec05	Label	LAB_0044ec05
0044ec24	Label	LAB_0044ec24
0044ec2c	Label	LAB_0044ec2c
0044ec52	Label	LAB_0044ec52
0044ec5a	Label	LAB_0044ec5a
0044ec73	Label	LAB_0044ec73
0044ec7b	Label	LAB_0044ec7b
0044ec9b	Label	LAB_0044ec9b
0044eca3	Label	LAB_0044eca3
0044ecdb	Label	LAB_0044ecdb
0044ece3	Label	LAB_0044ece3
0044ed1c	Label	LAB_0044ed1c
0044ed24	Label	LAB_0044ed24
0044ed43	Label	LAB_0044ed43
0044ed4d	Label	LAB_0044ed4d
0044ed5a	Label	LAB_0044ed5a
0044ed62	Label	LAB_0044ed62
0044ed69	Label	LAB_0044ed69
0044ed7b	Label	LAB_0044ed7b
0044ed83	Label	LAB_0044ed83
0044ed97	Label	LAB_0044ed97
0044edb2	Label	LAB_0044edb2
0044edc3	Label	LAB_0044edc3
0044edd5	Label	LAB_0044edd5
0044eddf	Label	LAB_0044eddf
0044ee0b	Label	LAB_0044ee0b
0044ee30	Label	LAB_0044ee30
0044ee3d	Label	LAB_0044ee3d
0044ee45	Label	LAB_0044ee45
0044ee59	Label	LAB_0044ee59
0044ee6f	Label	LAB_0044ee6f
0044ee77	Label	LAB_0044ee77
0044ee9a	Label	LAB_0044ee9a
0044eea5	Label	LAB_0044eea5
0044eead	Label	LAB_0044eead
0044eec3	Label	LAB_0044eec3
0044eecb	Label	LAB_0044eecb
0044ef03	Label	LAB_0044ef03
0044ef05	Label	LAB_0044ef05
0044ef0e	Label	LAB_0044ef0e
0044ef16	Label	LAB_0044ef16
0044ef1d	Label	LAB_0044ef1d
0044ef25	Label	LAB_0044ef25
0044ef47	Label	LAB_0044ef47
0044ef4f	Label	LAB_0044ef4f
0044ef69	Label	LAB_0044ef69
0044ef73	Label	LAB_0044ef73
0044efd6	Label	LAB_0044efd6
0044efdb	Label	LAB_0044efdb
0044efeb	Label	LAB_0044efeb
0044eff0	Label	LAB_0044eff0
0044f004	Label	LAB_0044f004
0044f009	Label	LAB_0044f009
0044f014	Label	LAB_0044f014
0044f01c	Label	LAB_0044f01c
0044f033	Label	LAB_0044f033
0044f03b	Label	LAB_0044f03b
0044f056	Label	LAB_0044f056
0044f068	Label	LAB_0044f068
0044f070	Label	LAB_0044f070
0044f090	Label	LAB_0044f090
0044f0a3	Label	LAB_0044f0a3
0044f0ad	Label	LAB_0044f0ad
0044f0fa	Label	LAB_0044f0fa
0044f102	Label	LAB_0044f102
0044f125	Label	LAB_0044f125
0044f12a	Label	LAB_0044f12a
0044f139	Label	LAB_0044f139
0044f13e	Label	LAB_0044f13e
0044f162	Label	LAB_0044f162
0044f16a	Label	LAB_0044f16a
0044f196	Label	LAB_0044f196
0044f1a2	Label	LAB_0044f1a2
0044f1a9	Label	LAB_0044f1a9
0044f1b1	Label	LAB_0044f1b1
0044f1d6	Label	LAB_0044f1d6
0044f1e6	Label	LAB_0044f1e6
0044f1ff	Label	LAB_0044f1ff
0044f201	Label	LAB_0044f201
0044f209	Label	LAB_0044f209
0044f222	Label	LAB_0044f222
0044f23b	Label	LAB_0044f23b
0044f254	Label	LAB_0044f254
0044f26d	Label	LAB_0044f26d
0044f286	Label	LAB_0044f286
0044f296	Label	LAB_0044f296
0044f2c2	Label	LAB_0044f2c2
0044f2ca	Label	LAB_0044f2ca
0044f2f2	Label	LAB_0044f2f2
0044f2fc	Function	FUN_0044f2fc
0044f310	Function	FUN_0044f310
0044f320	Function	FUN_0044f320
0044f32c	Function	FUN_0044f32c
0044f33c	Label	switchD_0044f573::switchdataD_0044f33c
0044f508	Function	FUN_0044f508
0044f55a	Label	LAB_0044f55a
0044f573	Label	switchD_0044f573::switchD
0044f57b	Label	switchD_0044f573::caseD_3
0044f5be	Label	LAB_0044f5be
0044f5fd	Label	LAB_0044f5fd
0044f61d	Label	switchD_0044f573::caseD_3e
0044f652	Label	LAB_0044f652
0044f65c	Label	switchD_0044f573::caseD_49
0044f6a0	Label	LAB_0044f6a0
0044f6aa	Label	switchD_0044f573::caseD_7
0044f6fa	Label	LAB_0044f6fa
0044f70e	Label	LAB_0044f70e
0044f718	Label	switchD_0044f573::caseD_c
0044f74d	Label	LAB_0044f74d
0044f766	Label	LAB_0044f766
0044f796	Label	LAB_0044f796
0044f7a9	Label	LAB_0044f7a9
0044f7b3	Label	switchD_0044f573::caseD_48
0044f7ca	Label	LAB_0044f7ca
0044f7d4	Label	switchD_0044f573::caseD_14
0044f7e3	Label	switchD_0044f573::caseD_4c
0044f7f2	Label	switchD_0044f573::caseD_4d
0044f83e	Label	LAB_0044f83e
0044f867	Label	LAB_0044f867
0044f86e	Label	LAB_0044f86e
0044f87d	Label	LAB_0044f87d
0044f89d	Label	LAB_0044f89d
0044f8d8	Label	LAB_0044f8d8
0044f90d	Label	LAB_0044f90d
0044f914	Label	LAB_0044f914
0044f937	Label	LAB_0044f937
0044f942	Label	LAB_0044f942
0044f952	Label	LAB_0044f952
0044f961	Label	LAB_0044f961
0044f96b	Label	switchD_0044f573::caseD_15
0044f97a	Label	switchD_0044f573::caseD_6d
0044f999	Label	LAB_0044f999
0044f9b9	Label	LAB_0044f9b9
0044f9cd	Label	LAB_0044f9cd
0044f9d5	Label	LAB_0044f9d5
0044f9ea	Label	LAB_0044f9ea
0044f9f4	Label	LAB_0044f9f4
0044fa01	Label	LAB_0044fa01
0044fa0b	Label	switchD_0044f573::caseD_69
0044fa21	Label	LAB_0044fa21
0044fa2b	Label	switchD_0044f573::caseD_1b
0044fa54	Label	LAB_0044fa54
0044fa59	Label	LAB_0044fa59
0044fa6c	Label	LAB_0044fa6c
0044fa71	Label	LAB_0044fa71
0044faa5	Label	LAB_0044faa5
0044faaf	Label	switchD_0044f573::caseD_64
0044faf0	Label	LAB_0044faf0
0044fafa	Label	switchD_0044f573::caseD_4f
0044fb45	Label	LAB_0044fb45
0044fb4f	Label	switchD_0044f573::caseD_50
0044fb74	Label	LAB_0044fb74
0044fb7e	Label	LAB_0044fb7e
0044fb93	Label	switchD_0044f573::caseD_6c
0044fbcd	Label	LAB_0044fbcd
0044fbf1	Label	LAB_0044fbf1
0044fbf5	Label	LAB_0044fbf5
0044fc0a	Label	LAB_0044fc0a
0044fc27	Label	LAB_0044fc27
0044fc30	Label	LAB_0044fc30
0044fc34	Label	LAB_0044fc34
0044fc3e	Label	switchD_0044f573::caseD_23
0044fc67	Label	LAB_0044fc67
0044fc6c	Label	LAB_0044fc6c
0044fc7f	Label	LAB_0044fc7f
0044fc84	Label	LAB_0044fc84
0044fca6	Label	LAB_0044fca6
0044fcaf	Label	LAB_0044fcaf
0044fcb9	Label	switchD_0044f573::caseD_3a
0044fcdb	Label	LAB_0044fcdb
0044fce5	Label	switchD_0044f573::caseD_4a
0044fcf9	Label	switchD_0044f573::caseD_54
0044fd44	Label	LAB_0044fd44
0044fd4d	Label	LAB_0044fd4d
0044fd5c	Label	LAB_0044fd5c
0044fd65	Label	LAB_0044fd65
0044fd6c	Label	LAB_0044fd6c
0044fd9c	Label	LAB_0044fd9c
0044fda6	Label	switchD_0044f573::caseD_55
0044fdbd	Label	LAB_0044fdbd
0044fdc7	Label	switchD_0044f573::caseD_4b
0044fde1	Label	LAB_0044fde1
0044fdea	Label	LAB_0044fdea
0044fdfd	Label	switchD_0044f573::caseD_1c
0044fe27	Label	LAB_0044fe27
0044fe47	Label	LAB_0044fe47
0044fe5b	Label	LAB_0044fe5b
0044fe63	Label	LAB_0044fe63
0044fe7a	Label	LAB_0044fe7a
0044fe84	Label	LAB_0044fe84
0044ff05	Label	LAB_0044ff05
0044ff0b	Label	LAB_0044ff0b
0044ff11	Label	LAB_0044ff11
0044ff17	Label	LAB_0044ff17
0044ff20	Label	LAB_0044ff20
0044ff2d	Label	LAB_0044ff2d
0044ff34	Label	LAB_0044ff34
0044ff4d	Label	LAB_0044ff4d
0044ff53	Label	LAB_0044ff53
0044ffad	Label	LAB_0044ffad
0044ffcd	Label	switchD_0044f573::caseD_6f
0044ffed	Label	LAB_0044ffed
0045000d	Label	LAB_0045000d
0045002d	Label	LAB_0045002d
0045004b	Label	LAB_0045004b
00450053	Label	LAB_00450053
0045006c	Label	LAB_0045006c
00450074	Label	LAB_00450074
0045008d	Label	LAB_0045008d
00450095	Label	LAB_00450095
004500cc	Label	LAB_004500cc
004500dc	Label	LAB_004500dc
00450112	Label	LAB_00450112
00450126	Label	LAB_00450126
0045012c	Label	LAB_0045012c
00450136	Label	switchD_0044f573::caseD_1e
00450150	Label	LAB_00450150
0045015a	Label	switchD_0044f573::caseD_1f
00450174	Label	LAB_00450174
0045017e	Label	switchD_0044f573::caseD_24
004501b5	Label	LAB_004501b5
004501ca	Label	LAB_004501ca
004501d2	Label	LAB_004501d2
004501ed	Label	LAB_004501ed
0045020c	Label	LAB_0045020c
00450213	Label	LAB_00450213
0045021d	Label	switchD_0044f573::caseD_71
0045021d	Label	switchD_0044f573::caseD_72
0045021d	Label	switchD_0044f573::caseD_73
00450245	Label	LAB_00450245
00450254	Label	LAB_00450254
0045025c	Label	LAB_0045025c
0045027a	Label	LAB_0045027a
0045028c	Label	LAB_0045028c
004502a4	Label	LAB_004502a4
004502ae	Label	LAB_004502ae
004502d8	Label	LAB_004502d8
004502e2	Label	switchD_0044f573::caseD_25
00450303	Label	LAB_00450303
00450317	Label	LAB_00450317
0045031f	Label	LAB_0045031f
00450354	Label	LAB_00450354
0045035b	Label	LAB_0045035b
00450361	Label	LAB_00450361
0045036b	Label	switchD_0044f573::caseD_26
0045038b	Label	switchD_0044f573::caseD_32
004503ab	Label	switchD_0044f573::caseD_2e
004503fd	Label	LAB_004503fd
00450416	Label	switchD_0044f573::caseD_33
00450427	Label	switchD_0044f573::caseD_34
00450438	Label	switchD_0044f573::caseD_52
0045045b	Label	switchD_0044f573::caseD_53
0045047e	Label	switchD_0044f573::caseD_36
00450495	Label	switchD_0044f573::caseD_37
004504ac	Label	switchD_0044f573::caseD_3c
004504cb	Label	switchD_0044f573::caseD_3b
004504df	Label	LAB_004504df
004504e7	Label	LAB_004504e7
00450528	Label	LAB_00450528
0045053e	Label	LAB_0045053e
00450548	Label	switchD_0044f573::caseD_51
0045055c	Label	LAB_0045055c
00450564	Label	LAB_00450564
0045058b	Label	LAB_0045058b
004505a1	Label	LAB_004505a1
004505ab	Label	switchD_0044f573::caseD_3d
004505ab	Label	switchD_0044f573::caseD_46
004505bf	Label	LAB_004505bf
004505c7	Label	LAB_004505c7
004505d9	Label	LAB_004505d9
004505e4	Label	LAB_004505e4
004505fa	Label	LAB_004505fa
00450604	Label	switchD_0044f573::caseD_43
00450604	Label	switchD_0044f573::caseD_45
00450618	Label	LAB_00450618
00450620	Label	LAB_00450620
00450632	Label	LAB_00450632
00450677	Label	LAB_00450677
00450681	Label	switchD_0044f573::caseD_5a
00450695	Label	LAB_00450695
0045069d	Label	LAB_0045069d
004506b4	Label	LAB_004506b4
004506bc	Label	LAB_004506bc
004506d3	Label	LAB_004506d3
004506db	Label	LAB_004506db
00450715	Label	LAB_00450715
0045071f	Label	switchD_0044f573::caseD_61
00450733	Label	LAB_00450733
0045073b	Label	LAB_0045073b
00450759	Label	switchD_0044f573::caseD_62
0045076d	Label	LAB_0045076d
00450775	Label	LAB_00450775
0045078f	Label	switchD_0044f573::caseD_4e
004507a3	Label	LAB_004507a3
004507ab	Label	LAB_004507ab
004507b6	Label	LAB_004507b6
004507c0	Label	switchD_0044f573::caseD_57
004507d4	Label	LAB_004507d4
004507dc	Label	LAB_004507dc
004507e7	Label	LAB_004507e7
004507fd	Label	LAB_004507fd
00450807	Label	switchD_0044f573::caseD_58
0045081b	Label	LAB_0045081b
00450823	Label	LAB_00450823
0045082e	Label	LAB_0045082e
00450838	Label	switchD_0044f573::caseD_5b
0045084c	Label	LAB_0045084c
00450854	Label	LAB_00450854
00450869	Label	switchD_0044f573::caseD_66
0045087d	Label	LAB_0045087d
00450887	Label	LAB_00450887
00450892	Label	LAB_00450892
0045089c	Label	switchD_0044f573::caseD_68
004508be	Label	LAB_004508be
004508c8	Label	LAB_004508c8
004508d9	Label	LAB_004508d9
004508e3	Label	switchD_0044f573::caseD_67
004508f7	Label	LAB_004508f7
004508ff	Label	LAB_004508ff
0045090a	Label	LAB_0045090a
00450914	Label	switchD_0044f573::caseD_5c
00450928	Label	switchD_0044f573::caseD_6a
0045093f	Label	switchD_0044f573::caseD_75
00450951	Label	switchD_0044f573::caseD_65
00450966	Label	switchD_0044f573::caseD_70
0045097d	Label	switchD_0044f573::caseD_5d
004509a5	Label	LAB_004509a5
004509ae	Label	switchD_0044f573::caseD_40
004509b8	Label	switchD_0044f573::caseD_38
004509c7	Label	switchD_0044f573::caseD_44
004509e0	Label	LAB_004509e0
004509ec	Label	switchD_0044f573::caseD_39
004509f6	Label	switchD_0044f573::caseD_27
00450a15	Label	LAB_00450a15
00450a35	Label	LAB_00450a35
00450a55	Label	LAB_00450a55
00450a69	Label	LAB_00450a69
00450a71	Label	LAB_00450a71
00450a8b	Label	LAB_00450a8b
00450a93	Label	LAB_00450a93
00450aac	Label	LAB_00450aac
00450ab6	Label	LAB_00450ab6
00450aec	Label	LAB_00450aec
00450af6	Label	LAB_00450af6
00450b17	Label	switchD_0044f573::caseD_29
00450b36	Label	LAB_00450b36
00450b4a	Label	LAB_00450b4a
00450b54	Label	LAB_00450b54
00450b80	Label	LAB_00450b80
00450b8a	Label	LAB_00450b8a
00450bab	Label	switchD_0044f573::caseD_2a
00450bca	Label	LAB_00450bca
00450be0	Label	LAB_00450be0
00450bea	Label	LAB_00450bea
00450c16	Label	LAB_00450c16
00450c20	Label	LAB_00450c20
00450c3e	Label	switchD_0044f573::caseD_31
00450c4a	Label	switchD_0044f573::caseD_4
00450c4a	Label	switchD_0044f573::caseD_5
00450c53	Label	switchD_0044f573::caseD_6
00450c53	Label	switchD_0044f573::caseD_20
00450c53	Label	switchD_0044f573::caseD_41
00450c53	Label	switchD_0044f573::caseD_42
00450c53	Label	switchD_0044f573::caseD_60
00450c53	Label	switchD_0044f573::caseD_74
00450c58	Label	switchD_0044f573::caseD_8
00450c58	Label	switchD_0044f573::caseD_9
00450c58	Label	switchD_0044f573::caseD_a
00450c58	Label	switchD_0044f573::caseD_b
00450c58	Label	switchD_0044f573::caseD_d
00450c58	Label	switchD_0044f573::caseD_e
00450c58	Label	switchD_0044f573::caseD_f
00450c58	Label	switchD_0044f573::caseD_10
00450c58	Label	switchD_0044f573::caseD_11
00450c58	Label	switchD_0044f573::caseD_12
00450c58	Label	switchD_0044f573::caseD_13
00450c58	Label	switchD_0044f573::caseD_16
00450c58	Label	switchD_0044f573::caseD_17
00450c58	Label	switchD_0044f573::caseD_18
00450c58	Label	switchD_0044f573::caseD_19
00450c58	Label	switchD_0044f573::caseD_1a
00450c58	Label	switchD_0044f573::caseD_1d
00450c58	Label	switchD_0044f573::caseD_21
00450c58	Label	switchD_0044f573::caseD_22
00450c58	Label	switchD_0044f573::caseD_28
00450c58	Label	switchD_0044f573::caseD_2b
00450c58	Label	switchD_0044f573::caseD_2c
00450c58	Label	switchD_0044f573::caseD_2d
00450c58	Label	switchD_0044f573::caseD_2f
00450c58	Label	switchD_0044f573::caseD_30
00450c58	Label	switchD_0044f573::caseD_35
00450c58	Label	switchD_0044f573::caseD_3f
00450c58	Label	switchD_0044f573::caseD_47
00450c58	Label	switchD_0044f573::caseD_56
00450c58	Label	switchD_0044f573::caseD_59
00450c58	Label	switchD_0044f573::caseD_5e
00450c58	Label	switchD_0044f573::caseD_5f
00450c58	Label	switchD_0044f573::caseD_63
00450c58	Label	switchD_0044f573::caseD_6b
00450c58	Label	switchD_0044f573::caseD_6e
00450c66	Label	LAB_00450c66
0045123b	Label	LAB_0045123b
00451257	Label	LAB_00451257
0045126c	Label	LAB_0045126c
00451281	Label	LAB_00451281
0045129d	Label	LAB_0045129d
004512a7	Label	LAB_004512a7
004512bd	Label	LAB_004512bd
004512d2	Label	LAB_004512d2
004512ee	Label	LAB_004512ee
00451303	Label	LAB_00451303
0045131f	Label	LAB_0045131f
00451334	Label	LAB_00451334
00451350	Label	LAB_00451350
00451365	Label	LAB_00451365
00451385	Label	LAB_00451385
00451397	Label	LAB_00451397
004513b7	Label	LAB_004513b7
004513cc	Label	LAB_004513cc
004513e8	Label	LAB_004513e8
004513fd	Label	LAB_004513fd
00451419	Label	LAB_00451419
0045142b	Label	LAB_0045142b
00451449	Label	LAB_00451449
00451458	Label	LAB_00451458
00451482	Label	LAB_00451482
0045149e	Label	LAB_0045149e
004514a8	Label	LAB_004514a8
004514be	Label	LAB_004514be
004514d8	Label	LAB_004514d8
004514f6	Label	LAB_004514f6
00451512	Label	LAB_00451512
00451527	Label	LAB_00451527
00451543	Label	LAB_00451543
00451555	Label	LAB_00451555
0045155f	Label	LAB_0045155f
0045157b	Label	LAB_0045157b
00451597	Label	LAB_00451597
004515a9	Label	LAB_004515a9
004515c5	Label	LAB_004515c5
004515da	Label	LAB_004515da
004515f1	Label	LAB_004515f1
00451606	Label	LAB_00451606
00451624	Label	LAB_00451624
0045162e	Label	LAB_0045162e
00451640	Label	LAB_00451640
00451663	Label	LAB_00451663
0045168a	Label	LAB_0045168a
00451691	Label	LAB_00451691
00451696	Label	LAB_00451696
004516a0	Label	LAB_004516a0
0045183b	Label	LAB_0045183b
0045185e	Label	LAB_0045185e
0045186c	Function	FUN_0045186c
0045187d	Label	LAB_0045187d
00451880	Function	FUN_00451880
004518a4	Label	LAB_004518a4
004518d0	Label	LAB_004518d0
004518fd	Label	LAB_004518fd
00451907	Label	LAB_00451907
0045190c	Function	FUN_0045190c
00451958	Label	LAB_00451958
00451969	Label	LAB_00451969
00451988	Label	LAB_00451988
00451998	Function	FUN_00451998
004519fc	Label	LAB_004519fc
00451a26	Label	LAB_00451a26
00451a43	Label	LAB_00451a43
00451a54	Function	FUN_00451a54
00451b3c	Label	LAB_00451b3c
00451b72	Label	LAB_00451b72
00451b96	Label	LAB_00451b96
00451bae	Label	LAB_00451bae
00451bb3	Label	LAB_00451bb3
00451bc4	Function	FUN_00451bc4
00451c0c	Label	LAB_00451c0c
00451c1d	Label	LAB_00451c1d
00451c5e	Label	LAB_00451c5e
00451c66	Label	LAB_00451c66
00451c7d	Label	LAB_00451c7d
00451c8c	Function	FUN_00451c8c
00451cee	Label	LAB_00451cee
00451cff	Label	LAB_00451cff
00451d40	Label	LAB_00451d40
00451d6c	Label	LAB_00451d6c
00451d78	Label	LAB_00451d78
00451d88	Function	FUN_00451d88
00451dea	Label	LAB_00451dea
00451dfb	Label	LAB_00451dfb
00451e3c	Label	LAB_00451e3c
00451e68	Label	LAB_00451e68
00451e74	Label	LAB_00451e74
00451e84	Function	FUN_00451e84
00451e95	Label	LAB_00451e95
00451eb3	Label	LAB_00451eb3
00451f10	Label	LAB_00451f10
00451f2a	Label	LAB_00451f2a
00451f3e	Label	LAB_00451f3e
00451f4c	Label	LAB_00451f4c
00451f51	Label	LAB_00451f51
00451f5c	Function	FUN_00451f5c
00451fad	Label	LAB_00451fad
00451fca	Label	LAB_00451fca
00451fe5	Label	LAB_00451fe5
00452086	Label	LAB_00452086
00452097	Label	LAB_00452097
004520ca	Label	LAB_004520ca
0045212e	Label	LAB_0045212e
00452140	Function	FUN_00452140
00452162	Label	LAB_00452162
004521af	Label	LAB_004521af
004521cc	Label	LAB_004521cc
004521e7	Label	LAB_004521e7
0045225f	Label	LAB_0045225f
0045229b	Label	LAB_0045229b
004522ac	Label	LAB_004522ac
0045231e	Label	LAB_0045231e
00452329	Label	LAB_00452329
0045233c	Function	FUN_0045233c
00452398	Label	LAB_00452398
004523c2	Label	LAB_004523c2
004523df	Label	LAB_004523df
004523f0	Function	FUN_004523f0
004523f8	Function	FUN_004523f8
00452428	Label	LAB_00452428
00452436	Label	LAB_00452436
0045245a	Label	LAB_0045245a
00452461	Label	LAB_00452461
0045248c	Label	LAB_0045248c
00452493	Label	LAB_00452493
0045249a	Label	LAB_0045249a
004524c9	Label	LAB_004524c9
004524d0	Label	LAB_004524d0
004524db	Label	LAB_004524db
0045251f	Label	LAB_0045251f
0045252c	Label	LAB_0045252c
0045255c	Label	LAB_0045255c
00452563	Label	LAB_00452563
00452590	Label	LAB_00452590
004525cc	Label	LAB_004525cc
004525db	Label	LAB_004525db
004525e6	Label	LAB_004525e6
004525f0	Function	FUN_004525f0
00452671	Label	LAB_00452671
0045269c	Label	LAB_0045269c
004526b9	Label	LAB_004526b9
004526bf	Label	LAB_004526bf
004526cc	Function	FUN_004526cc
004526cf	Label	LAB_004526cf
004526e4	Function	FUN_004526e4
0045270b	Label	LAB_0045270b
00452714	Label	LAB_00452714
00452727	Label	LAB_00452727
00452730	Label	LAB_00452730
00452738	Function	FUN_00452738
00452751	Label	LAB_00452751
00452778	Label	LAB_00452778
00452786	Label	LAB_00452786
00452790	Label	LAB_00452790
004527a0	Label	LAB_004527a0
004527b6	Label	LAB_004527b6
004527ce	Label	LAB_004527ce
004527e2	Label	LAB_004527e2
004527eb	Label	LAB_004527eb
004527f3	Label	LAB_004527f3
004527f9	Label	LAB_004527f9
0045282c	Function	FUN_0045282c
0045285c	Label	LAB_0045285c
0045286c	Label	LAB_0045286c
00452873	Label	LAB_00452873
00452885	Label	LAB_00452885
00452899	Label	LAB_00452899
004528b1	Label	LAB_004528b1
004528cb	Label	LAB_004528cb
004528d2	Label	LAB_004528d2
004528eb	Label	LAB_004528eb
004528f2	Label	LAB_004528f2
0045290e	Label	LAB_0045290e
00452922	Label	LAB_00452922
0045292b	Label	LAB_0045292b
00452933	Label	LAB_00452933
00452939	Label	LAB_00452939
00452958	Function	FUN_00452958
0045295b	Label	LAB_0045295b
0045297e	Label	LAB_0045297e
00452994	Function	FUN_00452994
004529cb	Label	LAB_004529cb
004529dc	Label	LAB_004529dc
004529f9	Label	LAB_004529f9
00452a0d	Label	LAB_00452a0d
00452a16	Label	LAB_00452a16
00452a1e	Label	LAB_00452a1e
00452a24	Label	LAB_00452a24
00452a58	Function	FUN_00452a58
00452a5b	Label	LAB_00452a5b
00452a7c	Label	LAB_00452a7c
00452a94	Function	FUN_00452a94
00452aac	Label	LAB_00452aac
00452abd	Label	LAB_00452abd
00452ad3	Label	LAB_00452ad3
00452ae7	Label	LAB_00452ae7
00452af0	Label	LAB_00452af0
00452af8	Label	LAB_00452af8
00452afe	Label	LAB_00452afe
00452b2c	Label	LAB_00452b2c
00452b3e	Label	LAB_00452b3e
00452b45	Label	LAB_00452b45
00452b60	Label	LAB_00452b60
00452b70	Function	FUN_00452b70
00452ba7	Label	LAB_00452ba7
00452bbd	Label	LAB_00452bbd
00452bc7	Label	LAB_00452bc7
00452bd9	Label	LAB_00452bd9
00452bf5	Label	LAB_00452bf5
00452bfc	Label	LAB_00452bfc
00452c14	Label	LAB_00452c14
00452c2b	Label	LAB_00452c2b
00452c37	Label	LAB_00452c37
00452c45	Label	LAB_00452c45
00452c51	Label	LAB_00452c51
00452c70	Function	FUN_00452c70
00452ca7	Label	LAB_00452ca7
00452cbd	Label	LAB_00452cbd
00452cc7	Label	LAB_00452cc7
00452cd9	Label	LAB_00452cd9
00452ce0	Label	LAB_00452ce0
00452cf5	Label	LAB_00452cf5
00452d09	Label	LAB_00452d09
00452d12	Label	LAB_00452d12
00452d1a	Label	LAB_00452d1a
00452d20	Label	LAB_00452d20
00452d3c	Function	FUN_00452d3c
00452d40	Label	LAB_00452d40
00452d55	Label	LAB_00452d55
00452d6b	Label	LAB_00452d6b
00452d89	Label	LAB_00452d89
00452da7	Label	LAB_00452da7
00452dbf	Label	LAB_00452dbf
00452dda	Label	LAB_00452dda
00452df0	Label	LAB_00452df0
00452e0b	Label	LAB_00452e0b
00452e23	Label	LAB_00452e23
00452e39	Label	LAB_00452e39
00452e51	Label	LAB_00452e51
00452e69	Label	LAB_00452e69
00452e82	Label	LAB_00452e82
00452e9a	Label	LAB_00452e9a
00452ebc	Function	FUN_00452ebc
00452ed3	Label	LAB_00452ed3
00452eec	Label	LAB_00452eec
00452ef3	Label	LAB_00452ef3
00452f01	Label	LAB_00452f01
00452f0d	Label	LAB_00452f0d
00452f18	Function	FUN_00452f18
00452f32	Label	LAB_00452f32
00452f4b	Label	LAB_00452f4b
00452f52	Label	LAB_00452f52
00452f5b	Label	LAB_00452f5b
00452f66	Label	LAB_00452f66
00452f6f	Label	LAB_00452f6f
00452f83	Label	LAB_00452f83
00452f8a	Label	LAB_00452f8a
00452f93	Label	LAB_00452f93
00452fa6	Label	LAB_00452fa6
00452fad	Label	LAB_00452fad
00452fc0	Label	LAB_00452fc0
00452fc8	Label	LAB_00452fc8
00452fcf	Label	LAB_00452fcf
00452fda	Label	LAB_00452fda
00452fe8	Function	FUN_00452fe8
00453002	Label	LAB_00453002
0045300d	Label	LAB_0045300d
00453016	Label	LAB_00453016
0045302a	Label	LAB_0045302a
00453031	Label	LAB_00453031
0045303a	Label	LAB_0045303a
0045304d	Label	LAB_0045304d
00453054	Label	LAB_00453054
00453062	Label	LAB_00453062
0045306e	Label	LAB_0045306e
0045307c	Function	FUN_0045307c
00453096	Label	LAB_00453096
004530a7	Label	LAB_004530a7
004530b0	Label	LAB_004530b0
004530c1	Label	LAB_004530c1
004530c8	Label	LAB_004530c8
004530d1	Label	LAB_004530d1
004530ea	Label	LAB_004530ea
004530f4	Label	LAB_004530f4
00453102	Label	LAB_00453102
0045310e	Label	LAB_0045310e
0045311c	Function	FUN_0045311c
0045313a	Label	LAB_0045313a
00453145	Label	LAB_00453145
0045314e	Label	LAB_0045314e
00453159	Label	LAB_00453159
00453162	Label	LAB_00453162
00453179	Label	LAB_00453179
00453189	Label	LAB_00453189
00453190	Label	LAB_00453190
004531a4	Label	LAB_004531a4
004531b0	Label	LAB_004531b0
004531bc	Function	FUN_004531bc
004531d6	Label	LAB_004531d6
004531e3	Label	LAB_004531e3
004531ea	Label	LAB_004531ea
004531f8	Label	LAB_004531f8
00453204	Label	LAB_00453204
00453210	Function	FUN_00453210
0045322a	Label	LAB_0045322a
00453237	Label	LAB_00453237
0045323e	Label	LAB_0045323e
0045324c	Label	LAB_0045324c
00453258	Label	LAB_00453258
00453264	Function	FUN_00453264
0045326a	Label	LAB_0045326a
0045326c	Function	FUN_0045326c
0045328c	Function	FUN_0045328c
004532ac	Label	LAB_004532ac
004532ca	Label	LAB_004532ca
004532d5	Label	LAB_004532d5
004532e7	Label	LAB_004532e7
00453305	Label	LAB_00453305
0045330f	Label	LAB_0045330f
0045331a	Label	LAB_0045331a
00453321	Label	LAB_00453321
00453330	Function	FUN_00453330
00453338	Function	FUN_00453338
00453349	Label	LAB_00453349
00453357	Label	LAB_00453357
00453369	Label	LAB_00453369
0045337e	Label	LAB_0045337e
00453395	Label	LAB_00453395
004533a4	Function	FUN_004533a4
004533ac	Function	FUN_004533ac
004533ba	Label	LAB_004533ba
004533c7	Label	LAB_004533c7
004533d9	Label	LAB_004533d9
004533ee	Label	LAB_004533ee
00453405	Label	LAB_00453405
00453414	Function	FUN_00453414
0045341e	Label	LAB_0045341e
00453431	Label	LAB_00453431
0045347c	Label	LAB_0045347c
00453497	Label	LAB_00453497
004534b2	Label	LAB_004534b2
004534c1	Label	LAB_004534c1
004534dd	Label	LAB_004534dd
004534f4	Label	LAB_004534f4
00453508	Function	FUN_00453508
00453510	Function	FUN_00453510
00453521	Label	LAB_00453521
0045352f	Label	LAB_0045352f
00453541	Label	LAB_00453541
00453558	Label	LAB_00453558
0045356f	Label	LAB_0045356f
0045357c	Function	FUN_0045357c
00453588	Function	FUN_00453588
00453599	Label	LAB_00453599
004535a7	Label	LAB_004535a7
004535b9	Label	LAB_004535b9
004535d0	Label	LAB_004535d0
004535e7	Label	LAB_004535e7
004535f4	Function	FUN_004535f4
00453600	Function	FUN_00453600
00453611	Label	LAB_00453611
0045361f	Label	LAB_0045361f
00453631	Label	LAB_00453631
00453648	Label	LAB_00453648
0045365f	Label	LAB_0045365f
0045366c	Function	FUN_0045366c
00453674	Function	FUN_00453674
00453685	Label	LAB_00453685
00453693	Label	LAB_00453693
004536a5	Label	LAB_004536a5
004536ba	Label	LAB_004536ba
004536d1	Label	LAB_004536d1
004536e0	Function	FUN_004536e0
004536f1	Label	LAB_004536f1
004536ff	Label	LAB_004536ff
00453711	Label	LAB_00453711
00453726	Label	LAB_00453726
0045373d	Label	LAB_0045373d
0045374c	Function	FUN_0045374c
00453754	Function	FUN_00453754
00453762	Label	LAB_00453762
0045376f	Label	LAB_0045376f
00453781	Label	LAB_00453781
00453796	Label	LAB_00453796
004537ad	Label	LAB_004537ad
004537bc	Function	FUN_004537bc
004537cf	Label	LAB_004537cf
004537d8	Function	FUN_004537d8
004537e9	Label	LAB_004537e9
004537f7	Label	LAB_004537f7
00453809	Label	LAB_00453809
0045381e	Label	LAB_0045381e
00453835	Label	LAB_00453835
0045384c	Function	FUN_0045384c
0045385d	Label	LAB_0045385d
0045386b	Label	LAB_0045386b
0045387d	Label	LAB_0045387d
00453892	Label	LAB_00453892
004538a9	Label	LAB_004538a9
004538b8	Function	FUN_004538b8
004538c0	Function	FUN_004538c0
004538ce	Label	LAB_004538ce
004538dc	Label	LAB_004538dc
004538ee	Label	LAB_004538ee
00453903	Label	LAB_00453903
00453911	Label	LAB_00453911
00453920	Function	FUN_00453920
00453943	Label	LAB_00453943
00453959	Label	LAB_00453959
004539a7	Label	LAB_004539a7
004539b8	Label	LAB_004539b8
004539c7	Label	LAB_004539c7
004539df	Label	LAB_004539df
004539f4	Label	LAB_004539f4
00453a0b	Label	LAB_00453a0b
00453a16	Label	LAB_00453a16
00453a2f	Label	LAB_00453a2f
00453a44	Label	LAB_00453a44
00453a71	Label	LAB_00453a71
00453a77	Label	LAB_00453a77
00453aac	Label	LAB_00453aac
00453ac9	Label	LAB_00453ac9
00453ade	Label	LAB_00453ade
00453ae6	Label	LAB_00453ae6
00453b02	Label	LAB_00453b02
00453b33	Label	LAB_00453b33
00453b47	Label	LAB_00453b47
00453b6c	Label	LAB_00453b6c
00453b70	Label	LAB_00453b70
00453b81	Label	LAB_00453b81
00453b8e	Label	LAB_00453b8e
00453ba7	Label	LAB_00453ba7
00453bbc	Label	LAB_00453bbc
00453bc6	Label	LAB_00453bc6
00453bed	Label	LAB_00453bed
00453c1f	Label	LAB_00453c1f
00453c2b	Label	LAB_00453c2b
00453c35	Label	LAB_00453c35
00453c45	Label	LAB_00453c45
00453c6f	Label	LAB_00453c6f
00453c82	Label	LAB_00453c82
00453c8c	Label	LAB_00453c8c
00453ca2	Label	LAB_00453ca2
00453cb6	Label	LAB_00453cb6
00453cd0	Label	LAB_00453cd0
00453cfc	Label	LAB_00453cfc
00453d20	Label	LAB_00453d20
00453d44	Label	LAB_00453d44
00453e1d	Label	LAB_00453e1d
00453e22	Label	LAB_00453e22
00453e3a	Label	LAB_00453e3a
00453e41	Label	LAB_00453e41
00453e52	Label	LAB_00453e52
00453e5a	Label	LAB_00453e5a
00453e6d	Label	LAB_00453e6d
00453e90	Label	LAB_00453e90
00453eb4	Label	LAB_00453eb4
00453ebb	Label	LAB_00453ebb
00453ec9	Label	LAB_00453ec9
00453ed7	Label	LAB_00453ed7
00453eef	Label	LAB_00453eef
00453f0d	Label	LAB_00453f0d
00453f26	Label	LAB_00453f26
00453f34	Label	LAB_00453f34
00453f4d	Label	LAB_00453f4d
00453f62	Label	LAB_00453f62
00453f91	Label	LAB_00453f91
00453faa	Label	LAB_00453faa
00453fb8	Label	LAB_00453fb8
00453fd1	Label	LAB_00453fd1
00453fe6	Label	LAB_00453fe6
00454012	Label	LAB_00454012
00454023	Label	LAB_00454023
0045402e	Label	LAB_0045402e
00454047	Label	LAB_00454047
0045405c	Label	LAB_0045405c
00454080	Label	LAB_00454080
00454087	Label	LAB_00454087
00454097	Label	LAB_00454097
004540a5	Label	LAB_004540a5
004540ca	Label	LAB_004540ca
00454130	Label	LAB_00454130
0045413d	Label	LAB_0045413d
00454154	Label	LAB_00454154
004541ac	Label	LAB_004541ac
004541be	Label	LAB_004541be
004541db	Label	LAB_004541db
004541f0	Label	LAB_004541f0
0045424a	Label	LAB_0045424a
00454259	Label	LAB_00454259
00454293	Label	LAB_00454293
0045429a	Label	LAB_0045429a
004542a8	Label	LAB_004542a8
0045431b	Label	LAB_0045431b
0045432c	Label	LAB_0045432c
0045433d	Label	LAB_0045433d
00454357	Label	LAB_00454357
0045436c	Label	LAB_0045436c
0045438f	Label	LAB_0045438f
004543d1	Label	LAB_004543d1
0045441d	Label	LAB_0045441d
004544a4	Function	FUN_004544a4
004544c1	Label	LAB_004544c1
004544dc	Label	LAB_004544dc
00454522	Label	LAB_00454522
0045453b	Label	LAB_0045453b
00454544	Label	LAB_00454544
00454550	Label	LAB_00454550
00454577	Label	LAB_00454577
004545ae	Label	LAB_004545ae
004545b0	Label	LAB_004545b0
004545cb	Label	LAB_004545cb
004545d4	Label	LAB_004545d4
004545df	Label	LAB_004545df
004545f3	Label	LAB_004545f3
00454631	Label	LAB_00454631
0045464c	Label	LAB_0045464c
00454656	Label	LAB_00454656
00454675	Label	LAB_00454675
0045467f	Label	LAB_0045467f
00454691	Label	LAB_00454691
00454698	Label	LAB_00454698
0045469f	Label	LAB_0045469f
004546a6	Label	LAB_004546a6
004546be	Label	LAB_004546be
004546e6	Label	LAB_004546e6
0045472c	Label	LAB_0045472c
00454757	Label	LAB_00454757
0045477d	Label	LAB_0045477d
004547a3	Label	LAB_004547a3
0045490a	Label	LAB_0045490a
00454934	Label	LAB_00454934
0045494b	Label	LAB_0045494b
00454985	Label	LAB_00454985
00454992	Label	LAB_00454992
004549a5	Label	LAB_004549a5
004549cb	Label	LAB_004549cb
004549d4	Label	LAB_004549d4
004549e9	Label	LAB_004549e9
00454a11	Label	LAB_00454a11
00454a18	Label	LAB_00454a18
00454a26	Label	LAB_00454a26
00454a71	Label	LAB_00454a71
00454ab5	Label	LAB_00454ab5
00454b09	Label	LAB_00454b09
00454b4b	Label	LAB_00454b4b
00454b6a	Label	LAB_00454b6a
00454bb3	Label	LAB_00454bb3
00454bc2	Label	LAB_00454bc2
00454bdb	Label	LAB_00454bdb
00454be4	Label	LAB_00454be4
00454c03	Label	LAB_00454c03
00454c05	Label	LAB_00454c05
00454c2e	Label	LAB_00454c2e
00454c46	Label	LAB_00454c46
00454ca0	Label	LAB_00454ca0
00454cab	Label	LAB_00454cab
00454cbc	Label	LAB_00454cbc
00454d14	Label	LAB_00454d14
00454d31	Label	LAB_00454d31
00454d60	Label	LAB_00454d60
00454d67	Label	LAB_00454d67
00454d72	Label	LAB_00454d72
00454d7e	Label	LAB_00454d7e
00454de6	Label	LAB_00454de6
00454e00	Label	LAB_00454e00
00454e0b	Label	LAB_00454e0b
00454e1d	Label	LAB_00454e1d
00454e41	Label	LAB_00454e41
00454e87	Label	LAB_00454e87
00454eae	Label	LAB_00454eae
00454ec6	Label	LAB_00454ec6
00454ecd	Label	LAB_00454ecd
00454efc	Label	LAB_00454efc
00454f01	Label	LAB_00454f01
00454f18	Label	LAB_00454f18
00454f4f	Label	LAB_00454f4f
00454f58	Label	LAB_00454f58
00454f62	Label	LAB_00454f62
00454f95	Label	LAB_00454f95
00454fe4	Function	FUN_00454fe4
00454ffc	Label	LAB_00454ffc
0045500e	Label	LAB_0045500e
00455034	Function	FUN_00455034
0045504a	Label	LAB_0045504a
00455058	Label	LAB_00455058
00455094	Function	FUN_00455094
004550b1	Label	LAB_004550b1
004551a2	Label	LAB_004551a2
004551c3	Label	LAB_004551c3
004551c8	Label	LAB_004551c8
004551ec	Label	LAB_004551ec
004551f1	Label	LAB_004551f1
0045524f	Label	LAB_0045524f
00455259	Label	LAB_00455259
00455294	Function	FUN_00455294
004552a9	Label	LAB_004552a9
004553d9	Label	LAB_004553d9
004553e3	Label	LAB_004553e3
004553ef	Label	LAB_004553ef
004554cc	Function	FUN_004554cc
00455524	Label	LAB_00455524
00455538	Label	LAB_00455538
00455581	Label	LAB_00455581
00455588	Label	LAB_00455588
0045559d	Label	LAB_0045559d
004555a2	Label	LAB_004555a2
004555b0	Function	FUN_004555b0
004555d2	Label	LAB_004555d2
004555e8	Label	LAB_004555e8
0045564d	Label	LAB_0045564d
0045565a	Label	LAB_0045565a
0045566f	Label	LAB_0045566f
00455684	Label	LAB_00455684
00455690	Label	LAB_00455690
0045569c	Label	LAB_0045569c
004556aa	Label	LAB_004556aa
004556bf	Label	LAB_004556bf
00455708	Label	LAB_00455708
0045570f	Label	LAB_0045570f
00455724	Label	LAB_00455724
00455729	Label	LAB_00455729
00455730	Label	LAB_00455730
00455746	Label	LAB_00455746
004557f1	Label	LAB_004557f1
004557fa	Label	LAB_004557fa
00455828	Label	LAB_00455828
00455844	Label	LAB_00455844
00455850	Function	FUN_00455850
004558ab	Label	LAB_004558ab
004558b8	Label	LAB_004558b8
004558ce	Label	LAB_004558ce
004558da	Label	LAB_004558da
004558e8	Label	LAB_004558e8
00455909	Label	LAB_00455909
00455940	Function	FUN_00455940
0045594d	Label	LAB_0045594d
00455963	Label	LAB_00455963
00455980	Label	LAB_00455980
004559aa	Label	LAB_004559aa
004559b5	Label	LAB_004559b5
004559bc	Function	FUN_004559bc
00455a1c	Label	LAB_00455a1c
00455a46	Label	LAB_00455a46
00455a81	Label	LAB_00455a81
00455aa6	Label	LAB_00455aa6
00455ad6	Label	LAB_00455ad6
00455afb	Label	LAB_00455afb
00455b37	Label	LAB_00455b37
00455b57	Label	LAB_00455b57
00455b83	Label	LAB_00455b83
00455b9b	Label	LAB_00455b9b
00455bb5	Label	LAB_00455bb5
00455bbf	Label	LAB_00455bbf
00455bc4	Label	LAB_00455bc4
00455c1e	Label	LAB_00455c1e
00455c45	Label	LAB_00455c45
00455c75	Label	LAB_00455c75
00455c9a	Label	LAB_00455c9a
00455cb1	Label	LAB_00455cb1
00455cb7	Label	LAB_00455cb7
00455cdc	Label	LAB_00455cdc
00455d00	Label	LAB_00455d00
00455d0f	Label	LAB_00455d0f
00455d20	Label	LAB_00455d20
00455d34	Label	LAB_00455d34
00455d39	Label	LAB_00455d39
00455d40	Label	LAB_00455d40
00455d4b	Label	LAB_00455d4b
00455d4d	Label	LAB_00455d4d
00455d5d	Label	LAB_00455d5d
00455d62	Label	LAB_00455d62
00455d71	Label	LAB_00455d71
00455d9f	Label	LAB_00455d9f
00455dba	Label	LAB_00455dba
00455dd7	Label	LAB_00455dd7
00455e02	Label	LAB_00455e02
00455e36	Label	LAB_00455e36
00455e4f	Label	LAB_00455e4f
00455e73	Label	LAB_00455e73
00455e7d	Label	LAB_00455e7d
00455e84	Function	FUN_00455e84
00455ee3	Label	LAB_00455ee3
00455f17	Label	LAB_00455f17
00455f3f	Label	LAB_00455f3f
00455f8d	Label	LAB_00455f8d
00455fc1	Label	LAB_00455fc1
00455fe3	Label	LAB_00455fe3
00455fe8	Function	FUN_00455fe8
0045600d	Label	LAB_0045600d
00456082	Label	LAB_00456082
0045610e	Label	LAB_0045610e
00456146	Label	LAB_00456146
004561bb	Label	LAB_004561bb
004561c8	Function	FUN_004561c8
00456203	Label	LAB_00456203
0045622f	Label	LAB_0045622f
0045625b	Label	LAB_0045625b
00456287	Label	LAB_00456287
004562b3	Label	LAB_004562b3
004562df	Label	LAB_004562df
0045630b	Label	LAB_0045630b
00456337	Label	LAB_00456337
00456363	Label	LAB_00456363
0045638f	Label	LAB_0045638f
004563bb	Label	LAB_004563bb
004563e7	Label	LAB_004563e7
00456413	Label	LAB_00456413
0045643f	Label	LAB_0045643f
0045646b	Label	LAB_0045646b
004564ef	Label	LAB_004564ef
004564f4	Label	LAB_004564f4
0045651b	Label	LAB_0045651b
00456529	Label	LAB_00456529
0045654e	Label	LAB_0045654e
00456559	Label	LAB_00456559
00456580	Label	LAB_00456580
00456598	Label	LAB_00456598
004565cf	Label	LAB_004565cf
004565f0	Label	LAB_004565f0
00456617	Label	LAB_00456617
0045661c	Label	LAB_0045661c
00456634	Label	LAB_00456634
00456651	Label	LAB_00456651
00456656	Label	LAB_00456656
0045667d	Label	LAB_0045667d
0045668f	Label	LAB_0045668f
004566a9	Label	LAB_004566a9
004566cf	Label	LAB_004566cf
004566d9	Label	LAB_004566d9
00456720	Label	LAB_00456720
00456729	Label	LAB_00456729
00456734	Label	LAB_00456734
0045676c	Label	LAB_0045676c
0045679a	Label	LAB_0045679a
00456809	Label	LAB_00456809
0045684c	Label	switchD_004568b6::switchdataD_0045684c
00456874	Function	FUN_00456874
0045689c	Label	LAB_0045689c
004568b6	Label	switchD_004568b6::switchD
004568be	Label	switchD_004568b6::caseD_0
004568c5	Label	switchD_004568b6::caseD_1
004568cc	Label	switchD_004568b6::caseD_2
004568d3	Label	switchD_004568b6::caseD_3
004568da	Label	switchD_004568b6::caseD_4
004568e1	Label	switchD_004568b6::caseD_5
004568e8	Label	switchD_004568b6::caseD_6
004568ef	Label	switchD_004568b6::caseD_7
004568f6	Label	switchD_004568b6::caseD_8
004568fd	Label	switchD_004568b6::caseD_9
00456902	Label	LAB_00456902
0045690b	Label	switchD_004568b6::default
0045691c	Label	LAB_0045691c
00456924	Function	FUN_00456924
00456946	Label	LAB_00456946
0045695e	Label	LAB_0045695e
00456973	Label	LAB_00456973
0045699f	Label	LAB_0045699f
004569f9	Label	LAB_004569f9
00456a0a	Label	LAB_00456a0a
00456a1e	Label	LAB_00456a1e
00456a2d	Label	LAB_00456a2d
00456a36	Label	LAB_00456a36
00456a3c	Function	FUN_00456a3c
00456a89	Label	LAB_00456a89
00456ace	Label	LAB_00456ace
00456ad5	Label	LAB_00456ad5
00456adf	Label	LAB_00456adf
00456b18	Label	LAB_00456b18
00456b20	Label	LAB_00456b20
00456b38	Label	LAB_00456b38
00456b43	Label	LAB_00456b43
00456b53	Label	LAB_00456b53
00456b5b	Label	LAB_00456b5b
00456b5d	Label	LAB_00456b5d
00456bb8	Label	LAB_00456bb8
00456be5	Label	LAB_00456be5
00456c15	Label	LAB_00456c15
00456c4f	Label	LAB_00456c4f
00456c5b	Label	LAB_00456c5b
00456c75	Label	LAB_00456c75
00456c9c	Label	LAB_00456c9c
00456cd3	Label	LAB_00456cd3
00456d03	Label	LAB_00456d03
00456d25	Label	LAB_00456d25
00456d4d	Label	LAB_00456d4d
00456d67	Label	LAB_00456d67
00456d78	Label	LAB_00456d78
00456d86	Label	LAB_00456d86
00456d88	Label	LAB_00456d88
00456d8a	Label	LAB_00456d8a
00456dd3	Label	LAB_00456dd3
00456e00	Label	LAB_00456e00
00456e32	Label	LAB_00456e32
00456e6c	Label	LAB_00456e6c
00456e76	Label	LAB_00456e76
00456e90	Label	LAB_00456e90
00456eae	Label	LAB_00456eae
00456ee9	Label	LAB_00456ee9
00456f1b	Label	LAB_00456f1b
00456f3f	Label	LAB_00456f3f
00456f6f	Label	LAB_00456f6f
00456f84	Label	LAB_00456f84
00456f94	Function	FUN_00456f94
00456fd3	Label	LAB_00456fd3
00456ffb	Label	LAB_00456ffb
00457018	Label	LAB_00457018
0045702d	Label	LAB_0045702d
00457037	Label	LAB_00457037
00457072	Label	LAB_00457072
00457099	Label	LAB_00457099
004570a6	Label	LAB_004570a6
004570b6	Label	LAB_004570b6
004570c4	Label	LAB_004570c4
004570d9	Label	LAB_004570d9
00457122	Label	LAB_00457122
00457132	Label	LAB_00457132
0045714d	Label	LAB_0045714d
00457163	Label	LAB_00457163
00457171	Label	LAB_00457171
004571b8	Label	LAB_004571b8
004571c8	Label	LAB_004571c8
004571e2	Label	LAB_004571e2
004571f8	Label	LAB_004571f8
00457201	Label	LAB_00457201
00457211	Label	LAB_00457211
0045722b	Label	LAB_0045722b
00457241	Label	LAB_00457241
00457253	Label	LAB_00457253
0045727a	Label	LAB_0045727a
00457287	Label	LAB_00457287
00457297	Label	LAB_00457297
004572a5	Label	LAB_004572a5
004572ba	Label	LAB_004572ba
004572fd	Label	LAB_004572fd
0045730d	Label	LAB_0045730d
00457328	Label	LAB_00457328
0045733e	Label	LAB_0045733e
0045734c	Label	LAB_0045734c
0045738d	Label	LAB_0045738d
0045739d	Label	LAB_0045739d
004573b3	Label	LAB_004573b3
004573c5	Label	LAB_004573c5
004573ce	Label	LAB_004573ce
004573de	Label	LAB_004573de
004573f4	Label	LAB_004573f4
00457404	Label	LAB_00457404
00457410	Function	FUN_00457410
00457481	Label	LAB_00457481
0045749b	Label	LAB_0045749b
004574b8	Label	LAB_004574b8
004574e5	Label	LAB_004574e5
00457523	Label	LAB_00457523
0045753c	Label	LAB_0045753c
00457558	Label	LAB_00457558
00457585	Label	LAB_00457585
004575b9	Label	LAB_004575b9
004575c4	Function	FUN_004575c4
0045760e	Label	LAB_0045760e
0045763f	Label	LAB_0045763f
00457657	Label	LAB_00457657
00457665	Label	LAB_00457665
00457696	Label	LAB_00457696
004576ab	Label	LAB_004576ab
004576b6	Label	LAB_004576b6
004576e4	Label	LAB_004576e4
004576f9	Label	LAB_004576f9
00457702	Label	LAB_00457702
0045773c	Label	LAB_0045773c
0045774f	Label	LAB_0045774f
00457774	Label	LAB_00457774
0045777a	Label	LAB_0045777a
00457780	Function	FUN_00457780
004577ae	Label	LAB_004577ae
00457802	Label	LAB_00457802
00457810	Label	LAB_00457810
00457818	Function	FUN_00457818
00457834	Label	LAB_00457834
004578a2	Label	LAB_004578a2
004578bc	Label	LAB_004578bc
004578ec	Label	LAB_004578ec
0045790e	Label	LAB_0045790e
00457938	Label	LAB_00457938
00457951	Label	LAB_00457951
0045797b	Label	LAB_0045797b
00457987	Label	LAB_00457987
0045798d	Label	LAB_0045798d
00457994	Function	FUN_00457994
004579b5	Label	LAB_004579b5
004579d8	Label	LAB_004579d8
004579fb	Label	LAB_004579fb
00457a2c	Label	LAB_00457a2c
00457a34	Function	FUN_00457a34
00457a4e	Label	LAB_00457a4e
00457a7a	Label	LAB_00457a7a
00457a96	Label	LAB_00457a96
00457ad0	Label	LAB_00457ad0
00457cf0	Function	FUN_00457cf0
00457d2f	Label	LAB_00457d2f
00457d65	Label	LAB_00457d65
00457d81	Label	LAB_00457d81
00457d8a	Label	LAB_00457d8a
00457d98	Label	LAB_00457d98
00457da1	Label	LAB_00457da1
00457dc1	Label	LAB_00457dc1
00457dca	Label	LAB_00457dca
00457dd7	Label	LAB_00457dd7
00457fe0	Function	FUN_00457fe0
00458058	Label	LAB_00458058
0045805c	Label	LAB_0045805c
00458087	Label	LAB_00458087
00458094	Function	FUN_00458094
00458099	Label	LAB_00458099
004580c4	Label	LAB_004580c4
004580cc	Label	LAB_004580cc
004580d0	Function	FUN_004580d0
004580f5	Label	LAB_004580f5
00458108	Label	LAB_00458108
00458110	Label	LAB_00458110
0045817e	Label	LAB_0045817e
0045818f	Label	LAB_0045818f
004581b2	Label	LAB_004581b2
004581ce	Label	LAB_004581ce
004581d8	Label	LAB_004581d8
004581f5	Label	LAB_004581f5
00458200	Label	LAB_00458200
00458217	Label	LAB_00458217
00458226	Label	LAB_00458226
00458249	Label	LAB_00458249
00458257	Label	LAB_00458257
0045827a	Label	LAB_0045827a
00458288	Label	LAB_00458288
00458294	Label	LAB_00458294
004582bb	Label	LAB_004582bb
004582c5	Label	LAB_004582c5
004582dc	Label	LAB_004582dc
004582ea	Label	LAB_004582ea
00458303	Label	LAB_00458303
00458310	Label	LAB_00458310
0045831d	Label	LAB_0045831d
0045832a	Label	LAB_0045832a
00458337	Label	LAB_00458337
00458343	Label	LAB_00458343
00458350	Label	LAB_00458350
0045835a	Label	LAB_0045835a
00458364	Label	LAB_00458364
0045836e	Label	LAB_0045836e
00458378	Label	LAB_00458378
0045838b	Label	LAB_0045838b
0045839c	Label	LAB_0045839c
004583a5	Label	LAB_004583a5
004583b6	Label	LAB_004583b6
004583ef	Label	LAB_004583ef
004583fc	Label	LAB_004583fc
00458453	Label	LAB_00458453
00458461	Label	LAB_00458461
00458480	Label	LAB_00458480
00458495	Label	LAB_00458495
004584c4	Label	LAB_004584c4
004584d2	Label	LAB_004584d2
004584ef	Label	LAB_004584ef
00458513	Label	LAB_00458513
00458521	Label	LAB_00458521
0045853a	Label	LAB_0045853a
00458546	Label	LAB_00458546
00458552	Label	LAB_00458552
0045855e	Label	LAB_0045855e
0045856a	Label	LAB_0045856a
00458576	Label	LAB_00458576
00458582	Label	LAB_00458582
0045858e	Label	LAB_0045858e
0045859a	Label	LAB_0045859a
004585a6	Label	LAB_004585a6
004585bf	Label	LAB_004585bf
004585cf	Label	LAB_004585cf
004585db	Label	LAB_004585db
004585f4	Label	LAB_004585f4
004585fd	Label	LAB_004585fd
00458606	Label	LAB_00458606
0045860f	Label	LAB_0045860f
00458618	Label	LAB_00458618
00458621	Label	LAB_00458621
0045862a	Label	LAB_0045862a
00458633	Label	LAB_00458633
0045863c	Label	LAB_0045863c
00458645	Label	LAB_00458645
0045864e	Label	LAB_0045864e
00458655	Label	LAB_00458655
0045868e	Label	LAB_0045868e
004586b9	Label	LAB_004586b9
004586cb	Label	LAB_004586cb
004586f0	Label	LAB_004586f0
004586fe	Label	LAB_004586fe
00458714	Function	FUN_00458714
00458933	Label	LAB_00458933
00458977	Label	LAB_00458977
00458984	Function	FUN_00458984
004589b4	Label	LAB_004589b4
00458a96	Label	LAB_00458a96
00458b06	Label	LAB_00458b06
00458b3d	Label	LAB_00458b3d
00458b84	Label	LAB_00458b84
00458b9d	Label	LAB_00458b9d
00458bac	Function	FUN_00458bac
00458bd0	Function	FUN_00458bd0
00458bdf	Label	LAB_00458bdf
00458bec	Function	FUN_00458bec
00458c0e	Label	LAB_00458c0e
00458c1e	Label	LAB_00458c1e
00458c24	Function	FUN_00458c24
00458c54	Label	LAB_00458c54
00458c8a	Label	LAB_00458c8a
00458ccc	Label	LAB_00458ccc
00458ce0	Label	LAB_00458ce0
00458cf2	Label	LAB_00458cf2
00458d08	Label	LAB_00458d08
00458d0d	Label	LAB_00458d0d
00458d18	Function	FUN_00458d18
00458d42	Label	LAB_00458d42
00458d75	Label	LAB_00458d75
00458dac	Label	LAB_00458dac
00458e17	Label	LAB_00458e17
00458e51	Label	LAB_00458e51
00458e75	Label	LAB_00458e75
00458e7c	Function	FUN_00458e7c
00458f3a	Label	LAB_00458f3a
00458f54	Label	LAB_00458f54
00458f5d	Label	LAB_00458f5d
00458f72	Label	LAB_00458f72
00458f82	Label	LAB_00458f82
00458f9c	Label	LAB_00458f9c
00458fa5	Label	LAB_00458fa5
00458fba	Label	LAB_00458fba
00458fca	Label	LAB_00458fca
0045905c	Label	LAB_0045905c
00459065	Label	LAB_00459065
00459092	Label	LAB_00459092
004590b6	Label	LAB_004590b6
00459190	Function	FUN_00459190
00459214	Function	FUN_00459214
00459235	Label	LAB_00459235
004592b8	Label	LAB_004592b8
004592e1	Label	LAB_004592e1
004592f6	Label	LAB_004592f6
004592fa	Label	LAB_004592fa
00459304	Function	FUN_00459304
00459325	Label	LAB_00459325
0045932a	Label	LAB_0045932a
00459364	Label	LAB_00459364
0045938a	Label	LAB_0045938a
004593a9	Label	LAB_004593a9
00459432	Label	LAB_00459432
00459440	Function	FUN_00459440
004594a0	Function	FUN_004594a0
004594e1	Label	LAB_004594e1
00459523	Label	LAB_00459523
0045955c	Label	LAB_0045955c
004595ad	Label	LAB_004595ad
0045961c	Label	LAB_0045961c
00459666	Label	LAB_00459666
004596d5	Label	LAB_004596d5
004596f4	Label	LAB_004596f4
00459718	Label	LAB_00459718
00459729	Label	LAB_00459729
00459739	Label	LAB_00459739
0045975f	Label	LAB_0045975f
004597a4	Label	LAB_004597a4
004597b3	Label	LAB_004597b3
004597bd	Label	LAB_004597bd
004597dc	Function	FUN_004597dc
00459829	Label	LAB_00459829
00459845	Label	LAB_00459845
00459851	Label	LAB_00459851
0045986c	Label	LAB_0045986c
00459885	Label	LAB_00459885
0045988a	Label	LAB_0045988a
004598a0	Function	FUN_004598a0
004598b4	Function	FUN_004598b4
004598c4	Label	LAB_004598c4
004598c8	Function	FUN_004598c8
004598eb	Label	LAB_004598eb
004598fc	Label	LAB_004598fc
00459918	Label	LAB_00459918
00459946	Label	LAB_00459946
0045995e	Label	LAB_0045995e
00459995	Label	LAB_00459995
004599cd	Label	LAB_004599cd
004599dd	Label	LAB_004599dd
004599e2	Label	LAB_004599e2
004599fc	Function	FUN_004599fc
00459a39	Label	LAB_00459a39
00459a55	Label	LAB_00459a55
00459a6a	Label	LAB_00459a6a
00459a8d	Label	LAB_00459a8d
00459ab2	Label	LAB_00459ab2
00459ad7	Label	LAB_00459ad7
00459af3	Label	LAB_00459af3
00459af5	Label	LAB_00459af5
00459b0c	Label	LAB_00459b0c
00459b1b	Label	LAB_00459b1b
00459b2d	Label	LAB_00459b2d
00459b3d	Label	LAB_00459b3d
00459b3f	Label	LAB_00459b3f
00459b48	Function	FUN_00459b48
00459b6c	Label	LAB_00459b6c
00459b7d	Label	LAB_00459b7d
00459ba2	Label	LAB_00459ba2
00459bfb	Label	LAB_00459bfb
00459c1b	Label	LAB_00459c1b
00459c33	Label	LAB_00459c33
00459c71	Label	LAB_00459c71
00459cac	Label	LAB_00459cac
00459cce	Label	LAB_00459cce
00459cdd	Label	LAB_00459cdd
00459d85	Label	LAB_00459d85
00459da7	Label	LAB_00459da7
00459dd1	Label	LAB_00459dd1
00459dfb	Label	LAB_00459dfb
00459e1b	Label	LAB_00459e1b
00459e28	Function	FUN_00459e28
00459f50	Label	LAB_00459f50
00459f55	Label	LAB_00459f55
00459f7a	Label	LAB_00459f7a
00459f94	Label	LAB_00459f94
00459fc8	Function	FUN_00459fc8
00459fcf	Label	LAB_00459fcf
00459fe4	Label	LAB_00459fe4
00459fed	Label	LAB_00459fed
00459ff7	Label	LAB_00459ff7
0045a014	Function	FUN_0045a014
0045a081	Label	LAB_0045a081
0045a0c9	Label	LAB_0045a0c9
0045a114	Label	LAB_0045a114
0045a162	Label	LAB_0045a162
0045a194	Label	LAB_0045a194
0045a1d9	Label	LAB_0045a1d9
0045a226	Label	LAB_0045a226
0045a26c	Label	LAB_0045a26c
0045a2be	Label	LAB_0045a2be
0045a304	Label	LAB_0045a304
0045a352	Label	LAB_0045a352
0045a384	Label	LAB_0045a384
0045a3c7	Label	LAB_0045a3c7
0045a415	Label	LAB_0045a415
0045a49e	Label	LAB_0045a49e
0045a4d3	Label	LAB_0045a4d3
0045a516	Label	LAB_0045a516
0045a566	Label	LAB_0045a566
0045a5f2	Label	LAB_0045a5f2
0045a627	Label	LAB_0045a627
0045a66d	Label	LAB_0045a66d
0045a6b3	Label	LAB_0045a6b3
0045a735	Label	LAB_0045a735
0045a7a4	Label	LAB_0045a7a4
0045a7ed	Label	LAB_0045a7ed
0045a85c	Label	LAB_0045a85c
0045a8a5	Label	LAB_0045a8a5
0045a8d7	Label	LAB_0045a8d7
0045a924	Label	LAB_0045a924
0045a956	Label	LAB_0045a956
0045a9a6	Label	LAB_0045a9a6
0045a9e2	Label	LAB_0045a9e2
0045aa2e	Label	LAB_0045aa2e
0045aa80	Label	LAB_0045aa80
0045aa8e	Label	LAB_0045aa8e
0045aa94	Label	LAB_0045aa94
0045aab0	Label	LAB_0045aab0
0045ab18	Function	FUN_0045ab18
0045ab2b	Label	LAB_0045ab2b
0045ab46	Label	LAB_0045ab46
0045abc0	Label	LAB_0045abc0
0045abc2	Label	LAB_0045abc2
0045abdc	Function	FUN_0045abdc
0045abf3	Label	LAB_0045abf3
0045ada8	Label	LAB_0045ada8
0045adbb	Label	LAB_0045adbb
0045adc4	Function	FUN_0045adc4
0045ae5c	Label	LAB_0045ae5c
0045ae8d	Label	LAB_0045ae8d
0045ae9c	Label	LAB_0045ae9c
0045aea1	Label	LAB_0045aea1
0045aeb0	Function	FUN_0045aeb0
0045aefc	Label	LAB_0045aefc
0045af01	Label	LAB_0045af01
0045af0c	Function	FUN_0045af0c
0045af1c	Label	LAB_0045af1c
0045af6c	Label	LAB_0045af6c
0045af76	Label	LAB_0045af76
0045af7c	Function	FUN_0045af7c
0045af91	Label	LAB_0045af91
0045afd6	Label	LAB_0045afd6
0045b01d	Label	LAB_0045b01d
0045b02b	Label	LAB_0045b02b
0045b034	Label	switchD_0045b176::switchdataD_0045b034
0045b04c	Function	FUN_0045b04c
0045b06a	Label	LAB_0045b06a
0045b0b5	Label	LAB_0045b0b5
0045b0f3	Label	LAB_0045b0f3
0045b123	Label	LAB_0045b123
0045b142	Label	LAB_0045b142
0045b14e	Label	LAB_0045b14e
0045b153	Label	LAB_0045b153
0045b15d	Label	LAB_0045b15d
0045b176	Label	switchD_0045b176::switchD
0045b17e	Label	switchD_0045b176::caseD_9c42
0045b18c	Label	LAB_0045b18c
0045b199	Label	switchD_0045b176::caseD_9c43
0045b1ad	Label	switchD_0045b176::caseD_9c45
0045b1d2	Label	switchD_0045b176::caseD_9c44
0045b1f7	Label	switchD_0045b176::caseD_9c46
0045b208	Label	LAB_0045b208
0045b224	Label	LAB_0045b224
0045b22e	Label	LAB_0045b22e
0045b23f	Label	LAB_0045b23f
0045b263	Label	switchD_0045b176::caseD_9c47
0045b29e	Label	switchD_0045b176::default
0045b2a8	Function	FUN_0045b2a8
0045b2c4	Label	LAB_0045b2c4
0045b37b	Label	LAB_0045b37b
0045b384	Label	LAB_0045b384
0045b38a	Label	LAB_0045b38a
0045b399	Label	LAB_0045b399
0045b3d6	Label	LAB_0045b3d6
0045b3e4	Label	LAB_0045b3e4
0045b3f2	Label	LAB_0045b3f2
0045b3fc	Function	FUN_0045b3fc
0045b41a	Label	LAB_0045b41a
0045b462	Label	LAB_0045b462
0045b48f	Label	LAB_0045b48f
0045b496	Label	LAB_0045b496
0045b4a0	Function	FUN_0045b4a0
0045b4b5	Label	LAB_0045b4b5
0045b4dd	Label	LAB_0045b4dd
0045b4e0	Label	LAB_0045b4e0
0045b51c	Function	FUN_0045b51c
0045b5e8	Function	FUN_0045b5e8
0045b611	Label	LAB_0045b611
0045b62f	Label	LAB_0045b62f
0045b6ec	Function	FUN_0045b6ec
0045b710	Label	LAB_0045b710
0045b71e	Label	LAB_0045b71e
0045b740	Label	LAB_0045b740
0045b770	Label	LAB_0045b770
0045b791	Label	LAB_0045b791
0045b7b6	Label	LAB_0045b7b6
0045b7e8	Label	LAB_0045b7e8
0045b800	Label	LAB_0045b800
0045b816	Label	LAB_0045b816
0045b827	Label	LAB_0045b827
0045b84e	Label	LAB_0045b84e
0045b85f	Label	LAB_0045b85f
0045b87b	Label	LAB_0045b87b
0045b890	Label	LAB_0045b890
0045b894	Label	LAB_0045b894
0045b899	Label	LAB_0045b899
0045b8a0	Label	LAB_0045b8a0
0045b8bd	Label	LAB_0045b8bd
0045b8c7	Label	LAB_0045b8c7
0045b8e1	Label	LAB_0045b8e1
0045b8eb	Label	LAB_0045b8eb
0045b8f4	Function	FUN_0045b8f4
0045b91f	Label	LAB_0045b91f
0045b92d	Label	LAB_0045b92d
0045b941	Label	LAB_0045b941
0045b990	Label	LAB_0045b990
0045b99c	Label	LAB_0045b99c
0045b9c0	Label	LAB_0045b9c0
0045b9d6	Label	LAB_0045b9d6
0045ba00	Label	LAB_0045ba00
0045ba4e	Label	LAB_0045ba4e
0045ba68	Label	LAB_0045ba68
0045baa2	Label	LAB_0045baa2
0045bab8	Label	LAB_0045bab8
0045bac4	Function	FUN_0045bac4
0045bafd	Label	LAB_0045bafd
0045bb1f	Label	LAB_0045bb1f
0045bb31	Label	LAB_0045bb31
0045bb49	Label	LAB_0045bb49
0045bb55	Label	LAB_0045bb55
0045bb5f	Label	LAB_0045bb5f
0045bb61	Label	LAB_0045bb61
0045bb6c	Function	FUN_0045bb6c
0045bb9f	Label	LAB_0045bb9f
0045bbdc	Label	LAB_0045bbdc
0045bbf7	Label	LAB_0045bbf7
0045bc08	Label	LAB_0045bc08
0045bc17	Label	LAB_0045bc17
0045bc5c	Label	LAB_0045bc5c
0045be50	Function	FUN_0045be50
0045be8c	Label	LAB_0045be8c
0045bec3	Label	LAB_0045bec3
0045bed0	Function	FUN_0045bed0
0045bf03	Label	LAB_0045bf03
0045bf31	Label	LAB_0045bf31
0045bf3b	Label	LAB_0045bf3b
0045bf71	Label	LAB_0045bf71
0045bf8d	Label	LAB_0045bf8d
0045bf9d	Label	LAB_0045bf9d
0045bfb9	Label	LAB_0045bfb9
0045bfdc	Label	LAB_0045bfdc
0045c02a	Label	LAB_0045c02a
0045c03d	Label	LAB_0045c03d
0045c051	Label	LAB_0045c051
0045c05f	Label	LAB_0045c05f
0045c070	Function	FUN_0045c070
0045c0a0	Function	FUN_0045c0a0
0045c0dc	Label	LAB_0045c0dc
0045c0e7	Label	LAB_0045c0e7
0045c113	Label	LAB_0045c113
0045c128	Label	LAB_0045c128
0045c141	Label	LAB_0045c141
0045c14b	Label	LAB_0045c14b
0045c594	Function	FUN_0045c594
0045c5fa	Label	LAB_0045c5fa
0045c61d	Label	LAB_0045c61d
0045c631	Label	LAB_0045c631
0045c645	Label	LAB_0045c645
0045c65b	Label	LAB_0045c65b
0045cbbe	Function	FUN_0045cbbe
0045cd7a	Function	FUN_0045cd7a
0045cd95	Function	FUN_0045cd95
0045ce94	Function	FUN_0045ce94
0045cebf	Function	FUN_0045cebf
0045cef4	Function	FUN_0045cef4
0045cf02	Function	FUN_0045cf02
0045cf10	Function	FUN_0045cf10
0045cf23	Function	FUN_0045cf23
0045cf2e	Function	FUN_0045cf2e
0045cf39	Function	FUN_0045cf39
0045cf3a	Label	LAB_0045cf3a
0045cf58	Label	LAB_0045cf56+2
0045cf65	Label	LAB_0045cf61+4
0045cf73	Label	LAB_0045cf6f+4
0045cf81	Label	LAB_0045cf7f+2
0045cf87	Label	LAB_0045cf85+2
0045cf8b	Label	LAB_0045cf8b
0045cf96	Label	LAB_0045cf94+2
0045cf9c	Label	LAB_0045cf9a+2
0045cfaa	Function	FUN_0045cfaa
0045cfca	Label	LAB_0045cfca
0045cfe8	Label	LAB_0045cfe8
0045d10e	Function	FUN_0045d10e
0045d10f	Label	LAB_0045d10f
0045d12d	Label	LAB_0045d12b+2
0045d13a	Label	LAB_0045d136+4
0045d148	Label	LAB_0045d144+4
0045d156	Label	LAB_0045d154+2
0045d15c	Label	LAB_0045d15c
0045d15e	Label	LAB_0045d15c+2
0045d16a	Label	LAB_0045d168+2
0045d170	Label	LAB_0045d16e+2
0045d2cc	Function	FUN_0045d2cc
0045d2cd	Label	LAB_0045d2cd
0045d2eb	Label	LAB_0045d2e9+2
0045d2f9	Label	LAB_0045d2f5+4
0045d30f	Label	LAB_0045d30b+4
0045d31e	Label	LAB_0045d31c+2
0045d327	Label	LAB_0045d327
0045d32c	Label	LAB_0045d32a+2
0045d330	Label	LAB_0045d330
0045d332	Label	LAB_0045d332
0045d334	Label	LAB_0045d332+2
0045d340	Label	LAB_0045d33e+2
0045d346	Label	LAB_0045d344+2
0045d482	Function	FUN_0045d482
0045d483	Label	LAB_0045d483
0045d4a1	Label	LAB_0045d49f+2
0045d4af	Label	LAB_0045d4ab+4
0045d4c5	Label	LAB_0045d4c1+4
0045d4d4	Label	LAB_0045d4d2+2
0045d4da	Label	LAB_0045d4da
0045d4dc	Label	LAB_0045d4da+2
0045d4e8	Label	LAB_0045d4e6+2
0045d4ee	Label	LAB_0045d4ec+2
0045d5f8	Function	FUN_0045d5f8
0045d5f9	Label	LAB_0045d5f9
0045d617	Label	LAB_0045d615+2
0045d624	Label	LAB_0045d620+4
0045d633	Label	LAB_0045d631+2
0045d639	Label	LAB_0045d639
0045d63b	Label	LAB_0045d639+2
0045d647	Label	LAB_0045d645+2
0045d64d	Label	LAB_0045d64b+2
0045d739	Function	FUN_0045d739
0045d73a	Label	LAB_0045d73a
0045d758	Label	LAB_0045d756+2
0045d77f	Label	LAB_0045d77c+3
0045d785	Label	LAB_0045d783+2
0045d78e	Label	LAB_0045d78e
0045d791	Label	LAB_0045d78e+3
0045d797	Label	LAB_0045d795+2
0045d79b	Label	LAB_0045d79b
0045d79d	Label	LAB_0045d79b+2
0045d7a1	Label	LAB_0045d7a1
0045d7ac	Label	LAB_0045d7aa+2
0045d7b2	Label	LAB_0045d7b0+2
0045d7c4	Function	FUN_0045d7c4
0045d7c5	Label	LAB_0045d7c5
0045d7e3	Label	LAB_0045d7e1+2
0045d80a	Label	LAB_0045d807+3
0045d810	Label	LAB_0045d80e+2
0045d816	Label	LAB_0045d814+2
0045d81a	Label	LAB_0045d81a
0045d825	Label	LAB_0045d823+2
0045d82b	Label	LAB_0045d829+2
0045d839	Function	FUN_0045d839
0045d83a	Label	LAB_0045d83a
0045d858	Label	LAB_0045d856+2
0045d86d	Label	LAB_0045d86a+3
0045d873	Label	LAB_0045d871+2
0045d879	Label	LAB_0045d877+2
0045d87d	Label	LAB_0045d87d
0045d888	Label	LAB_0045d886+2
0045d88e	Label	LAB_0045d88c+2
0045d903	Function	FUN_0045d903
0045d916	Label	LAB_0045d916
0045d92a	Function	FUN_0045d92a
0045d93d	Label	LAB_0045d93d
0045d93f	Label	LAB_0045d93d+2
0045dab9	Function	FUN_0045dab9
0045dabb	Label	LAB_0045daba+1
0045dac0	Label	LAB_0045dabf+1
0045daca	Label	LAB_0045daca
0045daed	Label	LAB_0045daea+3
0045daf5	Label	LAB_0045daf5
0045db00	Label	LAB_0045dafe+2
0045db06	Label	LAB_0045db04+2
0045db0c	Label	LAB_0045db0a+2
0045db20	Label	DAT_0045db20
0045db21	Function	FUN_0045db21
0045db2c	Label	LAB_0045db2b+1
0045db31	Label	LAB_0045db30+1
0045db3b	Label	LAB_0045db3b
0045db5e	Label	LAB_0045db5b+3
0045db6a	Label	LAB_0045db6a
0045db91	Label	LAB_0045db91
0045db99	Label	LAB_0045db97+2
0045db9f	Label	LAB_0045db9d+2
0045dba5	Label	LAB_0045dba3+2
0045dbb9	Label	DAT_0045dbb9
0045dbba	Function	FUN_0045dbba
0045dbbc	Label	LAB_0045dbbb+1
0045dbc1	Label	LAB_0045dbc0+1
0045dbcb	Label	LAB_0045dbcb
0045dbee	Label	LAB_0045dbeb+3
0045dbf6	Label	LAB_0045dbf6
0045dbf8	Label	LAB_0045dbf6+2
0045dc04	Label	LAB_0045dc02+2
0045dc0a	Label	LAB_0045dc08+2
0045dc10	Label	LAB_0045dc0e+2
0045dd04	Function	FUN_0045dd04
0045de8b	Function	FUN_0045de8b
0045df96	Function	FUN_0045df96
0045df98	Label	LAB_0045df98
0045dfaf	Label	LAB_0045dfaf
0045dfd1	Label	LAB_0045dfd1
0045dfda	Label	LAB_0045dfda
0045dfe6	Label	LAB_0045dfe6
0045dfe9	Label	LAB_0045dfe9
0045dff2	Label	LAB_0045dff2
0045dff3	Function	FUN_0045dff3
0045dff7	Label	LAB_0045dff7
0045e00e	Label	LAB_0045e00e
0045e041	Label	LAB_0045e041
0045e04a	Label	LAB_0045e04a
0045e062	Label	LAB_0045e062
0045e075	Label	LAB_0045e075
0045e084	Label	LAB_0045e084
0045e09d	Label	LAB_0045e09d
0045e54d	Function	FUN_0045e54d
0045e551	Label	LAB_0045e551
0045e565	Label	LAB_0045e565
0045e576	Label	LAB_0045e576
0045e582	Label	LAB_0045e582
0045e594	Function	FUN_0045e594
0045e5b8	Function	FUN_0045e5b8
0045e5e2	Label	LAB_0045e5e2
0045e647	Label	LAB_0045e647
0045e682	Label	LAB_0045e682
0045e692	Label	LAB_0045e692
0045e69e	Label	LAB_0045e69e
0045e6a5	Label	LAB_0045e6a5
0045e6ac	Label	LAB_0045e6ac
0045e6b1	Label	LAB_0045e6b1
0045e6b6	Label	LAB_0045e6b6
0045e6ee	Label	LAB_0045e6ee
0045e6fd	Label	LAB_0045e6fd
0045e715	Label	LAB_0045e715
0045e71f	Label	LAB_0045e71f
0045e728	Label	LAB_0045e728
0045e730	Label	LAB_0045e730
0045e73a	Label	LAB_0045e73a
0045e74e	Label	LAB_0045e74e
0045e75a	Label	LAB_0045e75a
0045e75c	Label	LAB_0045e75c
0045e765	Label	LAB_0045e765
0045e76f	Function	FUN_0045e76f
0045e7a2	Label	LAB_0045e7a2
0045e7ac	Label	LAB_0045e7ac
0045e7cf	Label	LAB_0045e7cf
0045e7f9	Label	LAB_0045e7f9
0045e818	Label	LAB_0045e818
0045e82b	Label	LAB_0045e82b
0045e831	Label	LAB_0045e831
0045e859	Label	LAB_0045e859
0045e874	Label	LAB_0045e874
0045e883	Label	LAB_0045e883
0045e8a2	Label	LAB_0045e8a2
0045e8ae	Label	LAB_0045e8ae
0045e8b0	Label	LAB_0045e8b0
0045e8d3	Label	LAB_0045e8d3
0045e8de	Label	LAB_0045e8de
0045e8e6	Function	FUN_0045e8e6
0045e90e	Function	FUN_0045e90e
0045e90f	Label	LAB_0045e90f
0045e913	Label	LAB_0045e913
0045e917	Label	LAB_0045e917
0045e92d	Label	LAB_0045e92d
0045e937	Function	FUN_0045e937
0045e973	Label	LAB_0045e973
0045e9a2	Label	LAB_0045e9a2
0045e9a4	Label	LAB_0045e9a4
0045e9a8	Label	LAB_0045e9a8
0045e9c5	Label	LAB_0045e9c5
0045e9d4	Label	LAB_0045e9d4
0045e9e0	Label	LAB_0045e9e0
0045e9e2	Label	LAB_0045e9e2
0045e9f1	Label	LAB_0045e9f1
0045e9fb	Label	LAB_0045e9fb
0045e9fe	Label	LAB_0045e9fe
0045ea00	Label	LAB_0045ea00
0045ea08	Function	FUN_0045ea08
0045ea3a	Label	LAB_0045ea3a
0045ea44	Label	LAB_0045ea44
0045ea47	Label	LAB_0045ea47
0045ea4b	Label	LAB_0045ea4b
0045ea62	Label	LAB_0045ea62
0045ea64	Label	LAB_0045ea64
0045ea6e	Label	LAB_0045ea6e
0045ea71	Label	LAB_0045ea71
0045ea76	Label	LAB_0045ea76
0045ea97	Label	LAB_0045ea97
0045eabf	Label	LAB_0045eabf
0045eacc	Function	FUN_0045eacc
0045eaff	Label	LAB_0045eaff
0045eb01	Label	LAB_0045eb01
0045eb05	Function	FUN_0045eb05
0045ebf1	Function	FUN_0045ebf1
0045ec16	Label	LAB_0045ec16
0045ec3a	Label	LAB_0045ec3a
0045ec4a	Label	LAB_0045ec4a
0045ec4e	Label	LAB_0045ec4e
0045ec51	Label	LAB_0045ec51
0045ec6c	Function	FUN_0045ec6c
0045ec7b	Label	LAB_0045ec7b
0045ec87	Label	LAB_0045ec87
0045ec90	Label	LAB_0045ec90
0045eca5	Function	FUN_0045eca5
0045ecba	Function	FUN_0045ecba
0045ecc5	Label	LAB_0045ecc5
0045ecc6	Function	FUN_0045ecc6
0045ecdd	Label	LAB_0045ecdd
0045ed2b	Function	FUN_0045ed2b
0045ed47	Label	LAB_0045ed47
0045ed5a	Label	LAB_0045ed5a
0045ed7d	Label	LAB_0045ed7d
0045ed8b	Label	LAB_0045ed8b
0045eda0	Label	LAB_0045eda0
0045edb9	Label	LAB_0045edb9
0045edcd	Label	LAB_0045edcd
0045edd6	Function	FUN_0045edd6
0045ee03	Label	LAB_0045ee03
0045ee12	Label	LAB_0045ee12
0045ee1d	Label	LAB_0045ee1d
0045ee3f	Label	LAB_0045ee3f
0045ee52	Label	LAB_0045ee52
0045ee7e	Label	LAB_0045ee7e
0045ee99	Label	LAB_0045ee99
0045eeba	Label	LAB_0045eeba
0045eece	Label	LAB_0045eece
0045eee3	Label	LAB_0045eee3
0045eef7	Label	LAB_0045eef7
0045ef4e	Label	LAB_0045ef4e
0045ef67	Label	LAB_0045ef67
0045ef6c	Label	LAB_0045ef6c
0045ef8a	Label	LAB_0045ef8a
0045ef95	Label	LAB_0045ef95
0045efde	Label	LAB_0045efde
0045eff7	Label	LAB_0045eff7
0045f010	Label	LAB_0045f010
0045f03c	Label	LAB_0045f03c
0045f058	Label	LAB_0045f058
0045f07b	Label	LAB_0045f07b
0045f087	Label	LAB_0045f087
0045f08e	Label	LAB_0045f08e
0045f0a1	Function	FUN_0045f0a1
0045f0d1	Function	FUN_0045f0d1
0045f0ea	Label	LAB_0045f0ea
0045f0f1	Label	LAB_0045f0f1
0045f10a	Label	LAB_0045f10a
0045f116	Label	LAB_0045f116
0045f128	Label	LAB_0045f128
0045f136	Label	LAB_0045f136
0045f13a	Label	LAB_0045f13a
0045f16b	Label	LAB_0045f16b
0045f16e	Label	LAB_0045f16e
0045f183	Label	LAB_0045f183
0045f198	Label	LAB_0045f198
0045f1a1	Label	LAB_0045f1a1
0045f1b1	Label	LAB_0045f1b1
0045f1c0	Function	FUN_0045f1c0
0045f1ff	Function	FUN_0045f1ff
0045f215	Label	LAB_0045f215
0045f218	Function	thunk_FUN_004620db
0045f21d	Function	FUN_0045f21d
0045f225	Function	FUN_0045f225
0045f22f	Function	FUN_0045f22f
0045f235	Label	LAB_0045f235
0045f240	Label	LAB_0045f240
0045f244	Label	LAB_0045f244
0045f24f	Label	LAB_0045f24f
0045f254	Function	FUN_0045f254
0045f280	Label	LAB_0045f280
0045f296	Function	FUN_0045f296
0045f2c7	Label	LAB_0045f2c7
0045f2d3	Label	LAB_0045f2d3
0045f2db	Label	LAB_0045f2db
0045f2e7	Label	LAB_0045f2e7
0045f2eb	Label	LAB_0045f2eb
0045f2f0	Label	LAB_0045f2f0
0045f2fe	Label	LAB_0045f2fe
0045f310	Label	LAB_0045f310
0045f31e	Label	LAB_0045f31e
0045f324	Label	LAB_0045f324
0045f33d	Label	LAB_0045f33d
0045f35d	Label	LAB_0045f35d
0045f37b	Label	LAB_0045f37b
0045f38a	Function	FUN_0045f38a
0045f3b4	Label	LAB_0045f3b4
0045f3ca	Label	LAB_0045f3ca
0045f3d7	Label	LAB_0045f3d7
0045f3f8	Label	LAB_0045f3f8
0045f405	Label	LAB_0045f405
0045f418	Label	LAB_0045f418
0045f428	Function	FUN_0045f428
0045f43f	Label	LAB_0045f43f
0045f457	Function	FUN_0045f457
0045f468	Label	LAB_0045f468
0045f47f	Label	LAB_0045f47f
0045f4bf	Label	LAB_0045f4bf
0045f4cc	Label	LAB_0045f4cc
0045f4cf	Label	LAB_0045f4cf
0045f4dc	Label	LAB_0045f4dc
0045f4eb	Label	LAB_0045f4eb
0045f4fb	Label	LAB_0045f4fb
0045f503	Function	FUN_0045f503
0045f517	Function	FUN_0045f517
0045f518	Function	FUN_0045f518
0045f530	Function	FUN_0045f530
0045f54e	Label	LAB_0045f54e
0045f556	Function	FUN_0045f556
0045f574	Function	FUN_0045f574
0045f58e	Label	LAB_0045f58e
0045f5d6	Function	FUN_0045f5d6
0045f5fa	Label	LAB_0045f5fa
0045f60d	Label	LAB_0045f60d
0045f61a	Label	LAB_0045f61a
0045f657	Label	LAB_0045f657
0045f677	Label	LAB_0045f677
0045f686	Label	LAB_0045f686
0045f693	Label	LAB_0045f693
0045f699	Function	FUN_0045f699
0045f6c5	Label	LAB_0045f6c5
0045f6e8	Label	LAB_0045f6e8
0045f6eb	Label	LAB_0045f6eb
0045f6f1	Label	LAB_0045f6f1
0045f6f3	Label	LAB_0045f6f3
0045f6fa	Function	FUN_0045f6fa
0045f70f	Label	LAB_0045f70f
0045f712	Label	LAB_0045f712
0045f72d	Label	LAB_0045f72d
0045f73b	Label	LAB_0045f73b
0045f73c	Label	LAB_0045f73c
0045f758	Label	LAB_0045f758
0045f75f	Label	LAB_0045f75f
0045f76f	Label	LAB_0045f76f
0045f774	Label	LAB_0045f774
0045f77e	Label	LAB_0045f77e
0045f78f	Label	LAB_0045f78f
0045f7ac	Label	LAB_0045f7ac
0045f7af	Label	LAB_0045f7af
0045f7bc	Label	LAB_0045f7bc
0045f7d7	Label	LAB_0045f7d7
0045f7e6	Label	LAB_0045f7e6
0045f7e9	Label	LAB_0045f7e9
0045f7f2	Label	LAB_0045f7f2
0045f7f9	Label	LAB_0045f7f9
0045f813	Label	LAB_0045f813
0045f815	Label	LAB_0045f815
0045f832	Label	LAB_0045f832
0045f842	Label	LAB_0045f842
0045f849	Label	LAB_0045f849
0045f854	Label	LAB_0045f854
0045f860	Function	FUN_0045f860
0045f867	Function	FUN_0045f867
0045f86f	Function	FUN_0045f86f
0045f883	Label	LAB_0045f883
0045f89f	Label	LAB_0045f89f
0045f8a4	Label	LAB_0045f8a4
0045f8b2	Label	LAB_0045f8b2
0045f8c6	Label	LAB_0045f8c6
0045f8d0	Function	FUN_0045f8d0
0045f8e8	Function	FUN_0045f8e8
0045f90e	Label	LAB_0045f90e
0045f933	Label	LAB_0045f933
0045f943	Label	LAB_0045f943
0045f94d	Function	FUN_0045f94d
0045f968	Label	LAB_0045f968
0045f96f	Label	LAB_0045f96f
0045f98a	Label	LAB_0045f98a
0045f9b5	Function	FUN_0045f9b5
0045f9dd	Label	LAB_0045f9dd
0045f9e5	Label	LAB_0045f9e5
0045f9ed	Label	LAB_0045f9ed
0045f9f0	Label	LAB_0045f9f0
0045f9f7	Label	LAB_0045f9f7
0045fa2f	Label	LAB_0045fa2f
0045fa3d	Label	LAB_0045fa3d
0045fa43	Function	FUN_0045fa43
0045fa81	Label	LAB_0045fa81
0045fa88	Function	FUN_0045fa88
0045fa8e	Label	LAB_0045fa8e
0045fa92	Label	LAB_0045fa92
0045fa97	Label	LAB_0045fa97
0045faab	Label	LAB_0045faab
0045fabc	Label	LAB_0045fabc
0045fad2	Label	LAB_0045fad2
0045fae0	Function	FUN_0045fae0
0045fae8	Label	LAB_0045fae8
0045fb54	Label	LAB_0045fb54
0045fb59	Label	LAB_0045fb59
0045fb7a	Label	LAB_0045fb7a
0045fb81	Label	LAB_0045fb81
0045fb98	Label	LAB_0045fb98
0045fb9d	Label	LAB_0045fb9d
0045fba5	Function	FUN_0045fba5
0045fbe2	Function	FUN_0045fbe2
0045fc05	Function	FUN_0045fc05
0045fc06	Function	FUN_0045fc06
0045fc10	Function	FUN_0045fc10
0045fc32	Label	LAB_0045fc32
0045fc44	Function	FUN_0045fc44
0045fc70	Function	FUN_0045fc70
0045fc76	Label	LAB_0045fc76
0045fc83	Label	LAB_0045fc83
0045fca0	Label	LAB_0045fca0
0045fca7	Function	FUN_0045fca7
0045fcab	Label	LAB_0045fcab
0045fcb7	Label	LAB_0045fcb7
0045fcc0	Label	LAB_0045fcc0
0045fce6	Label	LAB_0045fce6
0045fce9	Label	LAB_0045fce9
0045fcf7	Label	LAB_0045fcf7
0045fd12	Label	LAB_0045fd12
0045fd13	Function	FUN_0045fd13
0045fd2c	Function	FUN_0045fd2c
0045fd2e	Label	LAB_0045fd2e
0045fd48	Label	LAB_0045fd48
0045fd4b	Function	FUN_0045fd4b
0045fd5e	Label	LAB_0045fd5e
0045fd76	Label	LAB_0045fd76
0045fd93	Function	FUN_0045fd93
0045fda2	Label	LAB_0045fda2
0045fda7	Label	LAB_0045fda7
0045fdc4	Function	FUN_0045fdc4
0045fde1	Label	LAB_0045fde1
0045fdf3	Label	LAB_0045fdf3
0045fe06	Label	LAB_0045fe06
0045fe25	Label	LAB_0045fe25
0045fe46	Label	LAB_0045fe46
0045fe48	Label	LAB_0045fe48
0045fe5b	Label	LAB_0045fe5b
0045fe5f	Function	FUN_0045fe5f
0045fe83	Label	LAB_0045fe83
0045fe8c	Label	LAB_0045fe8c
0045fe95	Label	LAB_0045fe95
0045fea0	Label	LAB_0045fea0
0045febc	Label	LAB_0045febc
0045fec5	Label	LAB_0045fec5
0045fed0	Label	LAB_0045fed0
0045fed2	Label	LAB_0045fed2
0045fed8	Function	FUN_0045fed8
0045fefc	Label	LAB_0045fefc
0045ff21	Label	LAB_0045ff21
0045ff42	Label	LAB_0045ff42
0045ff48	Function	FUN_0045ff48
0045ff5e	Label	LAB_0045ff5e
0045ff63	Function	FUN_0045ff63
0045ff82	Label	LAB_0045ff82
0045ff9e	Label	LAB_0045ff9e
0045ffa2	Label	LAB_0045ffa2
0045ffb9	Label	LAB_0045ffb9
0045ffd7	Label	LAB_0045ffd7
0045ffdf	Label	LAB_0045ffdf
0045fff0	Function	FUN_0045fff0
00460022	Function	FUN_00460022
00460036	Label	LAB_00460036
0046003b	Function	FUN_0046003b
00460063	Label	LAB_00460063
00460078	Label	LAB_00460078
0046007d	Label	LAB_0046007d
00460081	Label	LAB_00460081
0046008c	Label	LAB_0046008c
004600a9	Label	LAB_004600a9
004600b4	Function	FUN_004600b4
004600bd	Label	LAB_004600bd
004600c3	Label	LAB_004600c3
004600cb	Function	thunk_FUN_00463144
004600d0	Function	FUN_004600d0
004600e4	Label	LAB_004600e4
004600e9	Function	FUN_004600e9
0046010a	Function	FUN_0046010a
00460126	Label	LAB_00460126
00460149	Label	LAB_00460149
00460153	Label	LAB_00460153
0046015d	Label	LAB_0046015d
0046017b	Label	LAB_0046017b
004601c8	Label	LAB_004601c8
004601ec	Label	LAB_004601ec
00460208	Label	LAB_00460208
0046020d	Label	LAB_0046020d
00460215	Function	FUN_00460215
0046022f	Label	LAB_0046022f
00460248	Label	LAB_00460248
00460281	Label	LAB_00460281
00460283	Label	LAB_00460283
0046030e	Function	entry
0046038c	Function	FUN_0046038c
004603a2	Label	LAB_004603a2
004603a6	Label	LAB_004603a6
004603b5	Label	LAB_004603b5
004603be	Label	LAB_004603be
004603c7	Label	LAB_004603c7
004603d1	Function	FUN_004603d1
004603ec	Label	LAB_004603ec
00460408	Label	LAB_00460408
0046040c	Label	LAB_0046040c
004604e6	Function	FUN_004604e6
00460506	Label	LAB_00460506
0046050e	Function	FUN_0046050e
00460545	Function	FUN_00460545
00460557	Function	FUN_00460557
0046055c	Function	FUN_0046055c
0046056a	Function	FUN_0046056a
00460581	Function	FUN_00460581
004605bc	Function	FUN_004605bc
004605c7	Label	LAB_004605c7
004605ce	Label	LAB_004605ce
004605db	Label	LAB_004605db
004605e8	Function	FUN_004605e8
004605f1	Label	LAB_004605f1
004605f8	Label	LAB_004605f8
00460604	Label	LAB_00460604
00460610	Label	LAB_00460610
00460623	Function	FUN_00460623
00460628	Function	FUN_00460628
00460629	Function	thunk_FUN_004603d1
0046062e	Function	thunk_FUN_004604e6
00460633	Function	FUN_00460633
00460662	Label	LAB_00460662
00460698	Label	LAB_00460698
004606bb	Label	LAB_004606bb
004606d9	Label	LAB_004606d9
004606fe	Label	LAB_004606fe
0046072e	Label	LAB_0046072e
00460737	Function	FUN_00460737
00460779	Function	FUN_00460779
004607a3	Function	FUN_004607a3
004607b7	Label	LAB_004607b7
004607c6	Label	LAB_004607c6
004607d5	Label	LAB_004607d5
004607df	Label	LAB_004607df
004607e8	Label	LAB_004607e8
004607f4	Function	FUN_004607f4
00460803	Function	FUN_00460803
00460836	Label	LAB_00460836
00460844	Function	FUN_00460844
00460857	Label	LAB_00460857
0046088d	Label	LAB_0046088d
00460899	Function	FUN_00460899
004608ae	Function	FUN_004608ae
004608e3	Label	LAB_004608e3
004608e8	Function	FUN_004608e8
00460927	Label	LAB_00460927
00460946	Label	LAB_00460946
0046094f	Label	LAB_0046094f
00460957	Function	FUN_00460957
00460964	Label	LAB_00460964
00460965	Function	FUN_00460965
00460993	Label	LAB_00460993
0046099a	Label	LAB_0046099a
004609b7	Label	LAB_004609b7
004609ba	Label	LAB_004609ba
004609da	Label	LAB_004609da
00460a05	Label	LAB_00460a05
00460a17	Label	LAB_00460a17
00460a1d	Function	FUN_00460a1d
00460a27	Label	LAB_00460a27
00460a38	Label	LAB_00460a38
00460a52	Label	LAB_00460a52
00460a74	Function	FUN_00460a74
00460aa1	Label	LAB_00460aa1
00460aa6	Function	FUN_00460aa6
00460ab0	Function	FUN_00460ab0
00460af2	Label	LAB_00460af2
00460b22	Label	LAB_00460b22
00460b3e	Label	LAB_00460b3e
00460b44	Label	LAB_00460b44
00460b6c	Label	LAB_00460b6c
00460b7c	Label	LAB_00460b7c
00460b9a	Function	FUN_00460b9a
00460bcc	Label	LAB_00460bcc
00460bce	Label	LAB_00460bce
00460bd9	Label	LAB_00460bd9
00460bde	Function	FUN_00460bde
00460bf7	Label	LAB_00460bf7
00460c1d	Function	FUN_00460c1d
00460c2d	Function	FUN_00460c2d
00460c5a	Label	LAB_00460c5a
00460cb2	Label	LAB_00460cb2
00460cbb	Label	LAB_00460cbb
00460ccd	Label	LAB_00460ccd
00460cd3	Label	LAB_00460cd3
00460cf9	Label	LAB_00460cf9
00460d04	Label	LAB_00460d04
00460d2f	Label	LAB_00460d2f
00460d41	Label	LAB_00460d41
00460d4a	Label	LAB_00460d4a
00460d55	Label	LAB_00460d55
00460d6a	Label	LAB_00460d6a
00460d81	Label	LAB_00460d81
00460d8f	Label	LAB_00460d8f
00460dba	Label	LAB_00460dba
00460dd7	Label	LAB_00460dd7
00460ddb	Label	LAB_00460ddb
00460df0	Label	LAB_00460df0
00460e0e	Label	LAB_00460e0e
00460e24	Label	LAB_00460e24
00460e41	Label	LAB_00460e41
00460e51	Label	LAB_00460e51
00460e5e	Label	LAB_00460e5e
00460e7f	Label	LAB_00460e7f
00460e9e	Label	LAB_00460e9e
00460ebd	Label	LAB_00460ebd
00460ed9	Label	LAB_00460ed9
00460efb	Label	LAB_00460efb
00460f07	Function	FUN_00460f07
00460f34	Label	LAB_00460f34
00460f55	Label	LAB_00460f55
00460f7f	Label	LAB_00460f7f
00460f80	Label	LAB_00460f80
00460fb9	Label	LAB_00460fb9
00460fbc	Label	LAB_00460fbc
00460fd9	Label	LAB_00460fd9
00460ff5	Label	LAB_00460ff5
00460ffe	Label	LAB_00460ffe
0046100e	Label	LAB_0046100e
00461015	Label	LAB_00461015
0046101c	Label	LAB_0046101c
00461022	Label	LAB_00461022
00461031	Label	LAB_00461031
0046103b	Label	LAB_0046103b
0046103f	Label	LAB_0046103f
00461041	Label	LAB_00461041
00461045	Function	FUN_00461045
0046104d	Label	LAB_0046104d
0046105c	Label	LAB_0046105c
00461067	Label	LAB_00461067
0046107c	Label	LAB_0046107c
00461093	Label	LAB_00461093
0046109c	Label	LAB_0046109c
0046109f	Label	LAB_0046109f
004610a4	Function	FUN_004610a4
004610b2	Label	LAB_004610b2
004610c3	Label	LAB_004610c3
004610c8	Function	FUN_004610c8
004610d6	Label	LAB_004610d6
004610eb	Function	FUN_004610eb
00461121	Label	LAB_00461121
00461128	Label	LAB_00461128
0046112f	Label	LAB_0046112f
0046113a	Label	LAB_0046113a
00461149	Function	FUN_00461149
00461165	Label	LAB_00461165
00461172	Label	LAB_00461172
00461187	Label	LAB_00461187
00461194	Label	LAB_00461194
004611a3	Label	LAB_004611a3
004611be	Label	LAB_004611be
004611c6	Label	LAB_004611c6
004611d9	Label	LAB_004611d9
004611e3	Label	LAB_004611e3
004611f3	Label	LAB_004611f3
00461201	Label	LAB_00461201
0046120d	Label	LAB_0046120d
00461216	Label	LAB_00461216
00461221	Label	LAB_00461221
00461232	Label	LAB_00461232
00461237	Label	LAB_00461237
0046123e	Function	FUN_0046123e
00461245	Function	FUN_00461245
00461282	Label	LAB_00461282
00461289	Label	LAB_00461289
0046128e	Label	LAB_0046128e
0046129c	Label	LAB_0046129c
004612b6	Label	LAB_004612b6
004612d1	Label	LAB_004612d1
004612db	Label	LAB_004612db
004612df	Label	LAB_004612df
004612e9	Label	LAB_004612e9
0046132f	Label	LAB_0046132f
0046133d	Label	LAB_0046133d
00461356	Label	LAB_00461356
00461380	Label	LAB_00461380
0046138e	Label	LAB_0046138e
00461398	Label	LAB_00461398
0046139f	Label	LAB_0046139f
004613a4	Label	LAB_004613a4
004613d6	Label	LAB_004613d6
004613ec	Label	LAB_004613ec
00461401	Label	LAB_00461401
0046140a	Label	LAB_0046140a
0046141d	Label	LAB_0046141d
00461426	Label	LAB_00461426
00461430	Label	LAB_00461430
0046144a	Label	LAB_0046144a
00461451	Label	LAB_00461451
0046146e	Label	LAB_0046146e
00461481	Label	LAB_00461481
004614a6	Label	LAB_004614a6
004614aa	Label	LAB_004614aa
004614b2	Label	LAB_004614b2
004614ce	Label	LAB_004614ce
004614d2	Label	LAB_004614d2
004614e6	Label	LAB_004614e6
004614e8	Label	LAB_004614e8
00461519	Label	LAB_00461519
00461522	Label	LAB_00461522
0046153e	Label	LAB_0046153e
0046154a	Label	LAB_0046154a
00461568	Label	LAB_00461568
0046156d	Label	LAB_0046156d
00461590	Label	LAB_00461590
004615ad	Label	LAB_004615ad
004615b4	Label	LAB_004615b4
004615ff	Label	LAB_004615ff
00461608	Label	LAB_00461608
00461627	Label	LAB_00461627
00461653	Label	LAB_00461653
0046167c	Label	LAB_0046167c
00461694	Label	LAB_00461694
004616a8	Label	LAB_004616a8
004616ba	Label	LAB_004616ba
004616be	Label	LAB_004616be
004616ca	Label	LAB_004616ca
004616d1	Label	LAB_004616d1
004616e8	Label	LAB_004616e8
004616f4	Label	LAB_004616f4
00461701	Label	LAB_00461701
0046172e	Function	FUN_0046172e
00461731	Label	LAB_00461731
00461744	Label	LAB_00461744
00461746	Function	FUN_00461746
00461779	Label	LAB_00461779
00461795	Label	LAB_00461795
00461799	Label	LAB_00461799
004617c7	Label	LAB_004617c7
004617dc	Label	LAB_004617dc
004617e4	Label	LAB_004617e4
004617e9	Label	LAB_004617e9
004617ee	Function	FUN_004617ee
00461819	Label	LAB_00461819
00461830	Label	LAB_00461830
00461847	Label	LAB_00461847
00461856	Label	LAB_00461856
00461873	Label	LAB_00461873
00461877	Label	LAB_00461877
0046188b	Label	LAB_0046188b
00461895	Label	LAB_00461895
004618ac	Label	LAB_004618ac
004618c7	Label	LAB_004618c7
004618cb	Label	LAB_004618cb
004618dc	Label	LAB_004618dc
004618ec	Label	LAB_004618ec
004618f4	Label	LAB_004618f4
004618f9	Function	FUN_004618f9
00461906	Label	LAB_00461906
0046190f	Label	LAB_0046190f
00461913	Label	LAB_00461913
00461922	Label	LAB_00461922
00461928	Label	LAB_00461928
0046192f	Label	LAB_0046192f
0046196d	Function	FUN_0046196d
0046197c	Label	LAB_0046197c
00461980	Label	LAB_00461980
004619e9	Label	LAB_004619e9
004619f2	Function	FUN_004619f2
00461a03	Function	FUN_00461a03
00461a1b	Label	LAB_00461a1b
00461a20	Label	LAB_00461a20
00461a2e	Label	LAB_00461a2e
00461a4a	Label	LAB_00461a4a
00461a4d	Function	FUN_00461a4d
00461a50	Function	FUN_00461a50
00461ab5	Function	FUN_00461ab5
00461adf	Label	LAB_00461adf
00461ae9	Label	LAB_00461ae9
00461afa	Label	LAB_00461afa
00461b04	Label	LAB_00461b04
00461b1c	Label	LAB_00461b1c
00461b49	Label	LAB_00461b49
00461b6a	Label	LAB_00461b6a
00461b77	Label	LAB_00461b77
00461b9f	Label	LAB_00461b9f
00461bab	Label	LAB_00461bab
00461bb8	Label	LAB_00461bb8
00461be2	Label	LAB_00461be2
00461c00	Label	LAB_00461c00
00461c02	Label	LAB_00461c02
00461c5d	Label	LAB_00461c5d
00461c7b	Label	LAB_00461c7b
00461cd2	Label	LAB_00461cd2
00461cda	Label	LAB_00461cda
00461cff	Label	LAB_00461cff
00461d0f	Label	LAB_00461d0f
00461d14	Label	LAB_00461d14
00461d2a	Label	LAB_00461d2a
00461d3a	Label	LAB_00461d3a
00461d3f	Label	LAB_00461d3f
00461d48	Label	LAB_00461d48
00461d53	Function	FUN_00461d53
00461d9c	Function	FUN_00461d9c
00461da2	Label	LAB_00461da2
00461dbb	Label	LAB_00461dbb
00461dc0	Function	FUN_00461dc0
00461dd8	Label	LAB_00461dd8
00461dda	Label	LAB_00461dda
00461dfe	Label	LAB_00461dfe
00461e01	Label	LAB_00461e01
00461e16	Label	LAB_00461e16
00461e53	Label	LAB_00461e53
00461e58	Label	LAB_00461e58
00461e5a	Label	LAB_00461e5a
00461eb2	Label	LAB_00461eb2
00461edf	Label	LAB_00461edf
00461ee9	Function	FUN_00461ee9
00461f08	Label	LAB_00461f08
00461f14	Label	LAB_00461f14
00461f33	Label	LAB_00461f33
00461f79	Label	LAB_00461f79
00461f80	Label	LAB_00461f80
00461fd1	Label	LAB_00461fd1
00461fed	Label	LAB_00461fed
0046203c	Label	LAB_0046203c
004620b1	Label	LAB_004620b1
004620bb	Function	FUN_004620bb
004620d0	Function	FUN_004620d0
004620db	Function	FUN_004620db
004620e7	Function	FUN_004620e7
00462116	Label	LAB_00462116
00462124	Function	FUN_00462124
00462144	Label	LAB_00462144
00462152	Label	LAB_00462152
00462159	Label	LAB_00462159
00462188	Label	LAB_00462188
0046218c	Label	LAB_0046218c
004621a0	Function	FUN_004621a0
004621b5	Label	LAB_004621b5
004621c9	Label	LAB_004621c9
004621cb	Label	LAB_004621cb
004621db	Function	FUN_004621db
004621f8	Label	LAB_004621f8
004621fd	Function	FUN_004621fd
00462227	Label	LAB_00462227
00462254	Label	LAB_00462254
0046225f	Label	LAB_0046225f
00462298	Function	FUN_00462298
004622b9	Label	LAB_004622b9
004622c5	Label	LAB_004622c5
004622c9	Label	LAB_004622c9
004622ce	Function	FUN_004622ce
00462318	Function	FUN_00462318
00462353	Function	FUN_00462353
00462373	Label	LAB_00462373
00462379	Label	LAB_00462379
00462380	Label	LAB_00462380
00462390	Label	LAB_00462390
00462396	Function	FUN_00462396
0046239d	Function	FUN_0046239d
004623a5	Function	FUN_004623a5
004623c4	Label	LAB_004623c4
00462401	Label	LAB_00462401
00462415	Label	LAB_00462415
0046242b	Label	LAB_0046242b
00462443	Label	LAB_00462443
00462475	Label	LAB_00462475
00462483	Label	LAB_00462483
00462493	Label	LAB_00462493
0046249d	Label	LAB_0046249d
004624b5	Label	LAB_004624b5
004624c3	Label	LAB_004624c3
004624d4	Label	LAB_004624d4
004624e2	Label	LAB_004624e2
004624ec	Label	LAB_004624ec
004624f0	Label	LAB_004624f0
004624f7	Label	LAB_004624f7
00462504	Label	LAB_00462504
00462510	Label	LAB_00462510
0046251d	Label	LAB_0046251d
00462529	Label	LAB_00462529
00462534	Label	LAB_00462534
0046253f	Label	LAB_0046253f
0046254c	Label	LAB_0046254c
00462555	Label	LAB_00462555
0046256f	Label	LAB_0046256f
0046257c	Label	LAB_0046257c
0046258b	Label	LAB_0046258b
0046258c	Label	LAB_0046258c
004625cc	Label	LAB_004625cc
004625e0	Label	LAB_004625e0
004625e4	Label	LAB_004625e4
004625ec	Function	FUN_004625ec
0046261f	Label	LAB_0046261f
00462644	Label	LAB_00462644
00462671	Label	LAB_00462671
00462685	Label	LAB_00462685
00462695	Label	LAB_00462695
004626af	Label	LAB_004626af
004626b6	Label	LAB_004626b6
004626c3	Label	LAB_004626c3
004626cf	Label	LAB_004626cf
004626da	Label	LAB_004626da
004626e1	Function	FUN_004626e1
004626e8	Label	LAB_004626e8
0046270d	Label	LAB_0046270d
0046271a	Label	LAB_0046271a
00462720	Function	FUN_00462720
00462744	Label	LAB_00462744
00462759	Label	LAB_00462759
00462767	Label	LAB_00462767
00462776	Label	LAB_00462776
004627a1	Label	LAB_004627a1
004627aa	Label	LAB_004627aa
004627af	Label	LAB_004627af
004627b5	Function	FUN_004627b5
004627cc	Label	LAB_004627cc
004627d5	Label	LAB_004627d5
004627ec	Label	LAB_004627ec
00462800	Label	LAB_00462800
0046280e	Label	LAB_0046280e
00462810	Label	LAB_00462810
00462836	Label	LAB_00462836
00462843	Label	LAB_00462843
00462850	Label	LAB_00462850
0046286c	Label	LAB_0046286c
00462873	Label	LAB_00462873
0046287b	Label	LAB_0046287b
004628a3	Label	LAB_004628a3
004628ad	Label	LAB_004628ad
004628c8	Label	LAB_004628c8
004628ce	Label	LAB_004628ce
004628d8	Function	FUN_004628d8
004628f5	Label	LAB_004628f5
0046290a	Label	LAB_0046290a
0046291a	Label	LAB_0046291a
0046292b	Label	LAB_0046292b
00462931	Label	LAB_00462931
00462936	Function	FUN_00462936
00462954	Label	LAB_00462954
00462973	Label	LAB_00462973
00462979	Function	FUN_00462979
004629a0	Label	LAB_004629a0
004629c4	Label	LAB_004629c4
004629d9	Label	LAB_004629d9
004629e7	Label	LAB_004629e7
004629ec	Label	LAB_004629ec
00462a46	Label	LAB_00462a46
00462a5a	Label	LAB_00462a5a
00462a68	Label	LAB_00462a68
00462a73	Function	FUN_00462a73
00462a8a	Label	LAB_00462a8a
00462ab1	Label	LAB_00462ab1
00462ad6	Label	LAB_00462ad6
00462af4	Label	LAB_00462af4
00462b15	Label	LAB_00462b15
00462b3a	Label	LAB_00462b3a
00462b54	Label	LAB_00462b54
00462b7d	Label	LAB_00462b7d
00462bb9	Label	LAB_00462bb9
00462bba	Label	LAB_00462bba
00462be4	Label	LAB_00462be4
00462bf2	Label	LAB_00462bf2
00462c1b	Label	LAB_00462c1b
00462c24	Label	LAB_00462c24
00462c2d	Label	LAB_00462c2d
00462c45	Label	LAB_00462c45
00462c65	Label	LAB_00462c65
00462c77	Label	LAB_00462c77
00462c93	Label	LAB_00462c93
00462cbb	Label	LAB_00462cbb
00462cc4	Label	LAB_00462cc4
00462cf7	Label	LAB_00462cf7
00462d03	Label	LAB_00462d03
00462d1b	Label	LAB_00462d1b
00462d34	Label	LAB_00462d34
00462d46	Label	LAB_00462d46
00462d54	Label	LAB_00462d54
00462d5e	Label	LAB_00462d5e
00462d6f	Label	LAB_00462d6f
00462d7c	Label	LAB_00462d7c
00462d7f	Label	LAB_00462d7f
00462d8a	Function	FUN_00462d8a
00462da4	Label	LAB_00462da4
00462dc6	Label	LAB_00462dc6
00462dfc	Label	LAB_00462dfc
00462e15	Label	LAB_00462e15
00462e3f	Label	LAB_00462e3f
00462e63	Label	LAB_00462e63
00462e6a	Label	LAB_00462e6a
00462e71	Label	LAB_00462e71
00462e9c	Label	LAB_00462e9c
00462eae	Label	LAB_00462eae
00462eb5	Label	LAB_00462eb5
00462ecf	Label	LAB_00462ecf
00462eda	Label	LAB_00462eda
00462ef9	Label	LAB_00462ef9
00462f02	Label	LAB_00462f02
00462f0b	Label	LAB_00462f0b
00462f31	Label	LAB_00462f31
00462f4a	Label	LAB_00462f4a
00462f5c	Label	LAB_00462f5c
00462f6a	Label	LAB_00462f6a
00462f70	Label	LAB_00462f70
00462f7a	Function	FUN_00462f7a
00462f88	Label	LAB_00462f88
00462f9b	Label	LAB_00462f9b
00462fa1	Function	FUN_00462fa1
00462fbf	Label	LAB_00462fbf
00462fc4	Label	LAB_00462fc4
0046306d	Label	LAB_0046306d
0046307e	Function	FUN_0046307e
004630aa	Label	LAB_004630aa
004630c5	Label	LAB_004630c5
004630ec	Label	LAB_004630ec
00463100	Label	LAB_00463100
00463110	Function	FUN_00463110
00463144	Function	FUN_00463144
00463158	Label	LAB_00463158
0046315d	Function	FUN_0046315d
0046317e	Label	LAB_0046317e
00463185	Label	LAB_00463185
00463189	Function	FUN_00463189
004631bd	Label	LAB_004631bd
004631e7	Label	LAB_004631e7
004631f2	Function	FUN_004631f2
004631fd	Function	FUN_004631fd
00463208	Function	FUN_00463208
0046325f	Label	LAB_0046325f
00463261	Label	LAB_00463261
0046327d	Label	LAB_0046327d
004632a0	Label	LAB_004632a0
004632be	Label	LAB_004632be
004632dc	Function	FUN_004632dc
004632f2	Label	LAB_004632f2
004632ff	Label	LAB_004632ff
00463345	Label	LAB_00463345
0046334e	Label	LAB_0046334e
00463350	Label	LAB_00463350
0046349a	Function	FUN_0046349a
004634a3	Label	LAB_004634a3
004634c7	Function	FUN_004634c7
004634e6	Label	DAT_004634e6
0046388f	Function	FUN_0046388f
004638cd	Function	FUN_004638cd
004638ed	Label	LAB_004638ed
004638ee	Function	FUN_004638ee
00463901	Label	LAB_00463901
0046391a	Label	DAT_0046391a
00463924	Label	DAT_00463924
0046392e	Label	DAT_0046392e
0046393b	Label	DAT_0046393b
0046394b	Label	LAB_0046394b
00463950	Label	LAB_00463950
0046396c	Label	DAT_0046396c
00463973	Label	DAT_00463973
0046397d	Label	DAT_0046397d
00463984	Label	DAT_00463984
0046398e	Label	DAT_0046398e
00463995	Label	DAT_00463995
0046399c	Label	DAT_0046399c
004639a1	Function	FUN_004639a1
004639de	Label	LAB_004639de
004639e8	Label	LAB_004639e8
004639f5	Label	LAB_004639f5
004639fe	Label	DAT_004639fe
00463a03	Function	FUN_00463a03
00463a23	Label	LAB_00463a23
00463a28	Label	LAB_00463a28
00463a43	Label	LAB_00463a43
00463a48	Function	FUN_00463a48
00463a6b	Label	LAB_00463a6b
00463a81	Label	LAB_00463a81
00463a87	Function	FUN_00463a87
00463aa5	Label	LAB_00463aa5
00463ac1	Label	LAB_00463ac1
00463ad3	Function	FUN_00463ad3
00463adf	Label	LAB_00463adf
00463ae5	Label	LAB_00463ae5
00463b0a	Label	LAB_00463b0a
00463b1c	Label	LAB_00463b1c
00463b20	Function	FUN_00463b20
00463b68	Label	LAB_00463b68
00463b6d	Label	LAB_00463b6d
00463b94	Label	LAB_00463b94
00463b97	Function	FUN_00463b97
00463d1c	Function	FUN_00463d1c
00463d23	Label	LAB_00463d23
00463d33	Label	LAB_00463d33
00463d46	Label	LAB_00463d46
00463d4b	Label	LAB_00463d4b
00463d5c	Label	LAB_00463d5c
00463d61	Label	LAB_00463d61
00463d67	Function	FUN_00463d67
00463d6f	Label	LAB_00463d6f
00463d7f	Label	LAB_00463d7f
00463d92	Label	LAB_00463d92
00463d97	Label	LAB_00463d97
00463dac	Label	LAB_00463dac
00463db1	Label	LAB_00463db1
00463e96	Function	FUN_00463e96
00463ecd	Label	LAB_00463ecd
00463edc	Label	LAB_00463edc
00463efb	Label	LAB_00463efb
00463f1d	Label	LAB_00463f1d
00463f28	Label	LAB_00463f28
00463f30	Function	FUN_00463f30
00463f3f	Label	LAB_00463f3f
00463f40	Label	LAB_00463f40
00463f67	Function	FUN_00463f67
00463f81	Label	LAB_00463f81
00463f84	Label	s_0123456789abcdefghijklmnopqrstuv_00463f84
00463fa9	Function	FUN_00463fa9
00463fbf	Label	LAB_00463fbf
00463fdf	Label	LAB_00463fdf
00463ff3	Function	FUN_00463ff3
00464005	Label	LAB_00464005
0046400e	Function	FUN_0046400e
00464020	Label	s_0123456789abcdefghijklmnopqrstuv_00464020
00464045	Function	FUN_00464045
0046405b	Label	LAB_0046405b
0046407b	Label	LAB_0046407b
0046408f	Function	FUN_0046408f
004640a1	Label	LAB_004640a1
004640aa	Function	FUN_004640aa
004640b7	Label	LAB_004640b7
004640d9	Function	FUN_004640d9
004640e7	Function	FUN_004640e7
00464102	Label	LAB_00464102
00464116	Label	LAB_00464116
00464128	Label	LAB_00464128
00464138	Label	LAB_00464138
0046413a	Label	LAB_0046413a
00464140	Function	FUN_00464140
0046415d	Label	LAB_0046415d
00464160	Label	LAB_00464160
00464167	Label	LAB_00464167
0046416a	Label	LAB_0046416a
00464180	Label	LAB_00464180
00464182	Label	LAB_00464182
0046418b	Function	FUN_0046418b
004641a5	Label	LAB_004641a5
004641ae	Label	LAB_004641ae
004641c0	Label	LAB_004641c0
004641c6	Function	FUN_004641c6
004641fd	Label	LAB_004641fd
0046420e	Label	LAB_0046420e
0046427d	Label	LAB_0046427d
00464281	Label	LAB_00464281
00464282	Label	LAB_00464282
00464293	Label	LAB_00464293
0046429f	Label	LAB_0046429f
004642a2	Label	LAB_004642a2
004642ab	Function	FUN_004642ab
004642b7	Label	LAB_004642b7
004642bf	Label	LAB_004642bf
004642da	Label	LAB_004642da
004642df	Function	FUN_004642df
00464321	Label	LAB_00464321
0046432b	Label	LAB_0046432b
00464353	Label	LAB_00464353
0046435f	Label	LAB_0046435f
0046438d	Label	LAB_0046438d
00464408	Label	LAB_00464408
0046442f	Label	LAB_0046442f
00464455	Label	LAB_00464455
00464456	Label	LAB_00464456
00464464	Label	LAB_00464464
00464468	Label	LAB_00464468
00464485	Label	LAB_00464485
0046449c	Label	LAB_0046449c
004644b7	Label	LAB_004644b7
00464510	Label	LAB_00464510
0046451a	Label	LAB_0046451a
00464520	Label	LAB_00464520
0046453f	Label	LAB_0046453f
00464565	Label	LAB_00464565
00464566	Label	LAB_00464566
00464573	Label	LAB_00464573
00464578	Label	LAB_00464578
00464587	Label	LAB_00464587
00464593	Label	LAB_00464593
004645a2	Function	FUN_004645a2
004645c6	Label	LAB_004645c6
004645cb	Label	LAB_004645cb
004645d2	Function	FUN_004645d2
004645ff	Label	LAB_004645ff
0046460e	Label	LAB_0046460e
00464675	Label	LAB_00464675
00464685	Label	LAB_00464685
0046468e	Label	LAB_0046468e
004646ad	Label	LAB_004646ad
004646c5	Label	LAB_004646c5
0046471c	Function	FUN_0046471c
00464747	Label	LAB_00464747
00464775	Label	LAB_00464775
0046477e	Function	FUN_0046477e
0046479b	Label	LAB_0046479b
004647ac	Label	LAB_004647ac
004647c0	Label	LAB_004647c0
004647df	Label	LAB_004647df
004647e4	Label	LAB_004647e4
004647ec	Label	LAB_004647ec
004648b2	Function	FUN_004648b2
004648f1	Label	LAB_004648f1
004648fa	Label	LAB_004648fa
00464b00	Function	FUN_00464b00
00464b90	Label	LAB_00464b90
00464c60	Label	LAB_00464c60
00464c6b	Label	LAB_00464c6b
00464c78	Label	LAB_00464c78
00464c8b	Label	LAB_00464c8b
00464ca0	Label	LAB_00464ca0
00464cb3	Label	LAB_00464cb3
00464cc8	Label	LAB_00464cc8
00464cdb	Label	LAB_00464cdb
00464cf0	Label	LAB_00464cf0
00464d15	Function	FUN_00464d15
00464d20	Function	FUN_00464d20
00464d29	Function	FUN_00464d29
00464d63	Function	FUN_00464d63
00464d7a	Label	LAB_00464d7a
00464d84	Label	LAB_00464d84
00464da0	Label	LAB_00464da0
00464db3	Label	LAB_00464db3
00464de2	Label	LAB_00464de2
00464dea	Label	LAB_00464dea
00464ded	Label	LAB_00464ded
00464df4	Label	LAB_00464df4
00464e01	Label	LAB_00464e01
00464e10	Label	LAB_00464e10
00464e44	Label	LAB_00464e44
00464e7f	Label	LAB_00464e7f
00464e8a	Label	LAB_00464e8a
00464e91	Label	LAB_00464e91
00464ec6	Label	LAB_00464ec6
00464ece	Label	LAB_00464ece
00464ed1	Label	LAB_00464ed1
00464ed8	Label	LAB_00464ed8
00464ee7	Label	LAB_00464ee7
00464ee9	Label	LAB_00464ee9
00464ef2	Label	LAB_00464ef2
00464efa	Label	LAB_00464efa
00464f19	Function	FUN_00464f19
00464f5d	Label	LAB_00464f5d
00464f6c	Function	FUN_00464f6c
00464f8a	Label	LAB_00464f8a
00464f9d	Label	LAB_00464f9d
00464fa3	Function	FUN_00464fa3
00464fdb	Label	LAB_00464fdb
00464ff6	Label	LAB_00464ff6
00464ff8	Label	LAB_00464ff8
00465004	Function	FUN_00465004
0046501c	Label	LAB_0046501c
0046502f	Label	LAB_0046502f
0046503c	Label	LAB_0046503c
00465040	Label	LAB_00465040
00465044	Label	LAB_00465044
0046507c	Function	FUN_0046507c
0046509f	Label	LAB_0046509f
004650a2	Function	FUN_004650a2
004650ac	Function	FUN_004650ac
004650d8	Label	LAB_004650d8
004650e4	Label	LAB_004650e4
004650f0	Label	LAB_004650f0
004650fc	Label	LAB_004650fc
00465108	Label	LAB_00465108
00465112	Label	LAB_00465112
00465136	Label	LAB_00465136
00465145	Label	LAB_00465145
00465159	Label	LAB_00465159
0046516d	Label	LAB_0046516d
00465175	Label	LAB_00465175
00465178	Label	LAB_00465178
004651c6	Function	FUN_004651c6
004651df	Label	LAB_004651df
004651e1	Label	LAB_004651e1
00465204	Label	LAB_00465204
00465214	Label	LAB_00465214
00465222	Label	LAB_00465222
0046522d	Label	LAB_0046522d
0046525d	Label	LAB_0046525d
00465260	Label	LAB_00465260
00465267	Label	LAB_00465267
00465269	Function	FUN_00465269
0046527e	Label	LAB_0046527e
0046528f	Label	LAB_0046528f
00465293	Label	LAB_00465293
0046529c	Label	LAB_0046529c
004652a4	Label	LAB_004652a4
004652b0	Label	LAB_004652b0
004652b4	Label	LAB_004652b4
004652c1	Label	LAB_004652c1
004652cc	Function	FUN_004652cc
004652ec	Label	LAB_004652ec
0046530b	Label	LAB_0046530b
00465315	Label	LAB_00465315
00465329	Label	LAB_00465329
00465335	Label	LAB_00465335
0046533d	Function	FUN_0046533d
00465369	Label	LAB_00465369
0046536f	Label	LAB_0046536f
00465371	Label	LAB_00465371
0046537e	Label	LAB_0046537e
004653aa	Label	LAB_004653aa
004653d6	Label	LAB_004653d6
004653dc	Label	LAB_004653dc
004653ec	Label	LAB_004653ec
004653fd	Label	LAB_004653fd
00465407	Label	LAB_00465407
00465423	Label	LAB_00465423
00465437	Label	LAB_00465437
0046544f	Label	LAB_0046544f
00465454	Label	LAB_00465454
0046546d	Label	LAB_0046546d
0046548f	Label	LAB_0046548f
004654c8	Label	LAB_004654c8
004654d7	Label	LAB_004654d7
0046550f	Label	LAB_0046550f
00465521	Label	LAB_00465521
00465527	Label	LAB_00465527
0046553d	Label	LAB_0046553d
00465556	Label	LAB_00465556
0046556b	Label	LAB_0046556b
0046557f	Label	LAB_0046557f
00465588	Function	FUN_00465588
00465596	Label	LAB_00465596
004655ab	Label	LAB_004655ab
004655ae	Label	LAB_004655ae
004655c3	Label	LAB_004655c3
004655c5	Label	LAB_004655c5
004655cc	Label	LAB_004655cc
004655e8	Label	LAB_004655e8
004655fc	Label	LAB_004655fc
0046560f	Label	LAB_0046560f
00465610	Label	LAB_00465610
00465615	Label	LAB_00465615
0046563b	Label	LAB_0046563b
00465659	Label	LAB_00465659
0046565b	Label	LAB_0046565b
0046565e	Label	LAB_0046565e
00465680	Label	LAB_00465680
00465686	Label	LAB_00465686
00465695	Label	LAB_00465695
004656a7	Label	LAB_004656a7
004656a8	Label	LAB_004656a8
004656ab	Label	LAB_004656ab
004656bd	Label	LAB_004656bd
004656d0	Label	LAB_004656d0
004656df	Label	LAB_004656df
00465713	Label	LAB_00465713
00465725	Label	LAB_00465725
0046573b	Label	LAB_0046573b
00465750	Label	LAB_00465750
0046575e	Label	LAB_0046575e
00465763	Label	LAB_00465763
0046576f	Label	LAB_0046576f
0046577c	Function	FUN_0046577c
00465784	Label	LAB_00465784
0046579f	Label	LAB_0046579f
004657ae	Label	LAB_004657ae
004657ff	Label	LAB_004657ff
00465816	Label	LAB_00465816
00465820	Label	LAB_00465820
00465823	Label	LAB_00465823
00465864	Label	LAB_00465864
0046586c	Label	LAB_0046586c
0046588c	Label	LAB_0046588c
00465893	Function	FUN_00465893
0046589d	Label	LAB_0046589d
004658a3	Label	LAB_004658a3
004658a8	Label	LAB_004658a8
004658ae	Label	LAB_004658ae
004658b3	Label	LAB_004658b3
004658b9	Label	LAB_004658b9
004658bf	Label	LAB_004658bf
004658c5	Label	LAB_004658c5
004658cb	Label	LAB_004658cb
004658e7	Label	LAB_004658e7
004658ec	Label	LAB_004658ec
00465902	Label	LAB_00465902
00465907	Label	LAB_00465907
00465923	Label	LAB_00465923
00465933	Label	LAB_00465933
00465947	Label	LAB_00465947
00465957	Label	LAB_00465957
00465977	Label	LAB_00465977
0046597c	Label	LAB_0046597c
00465996	Label	LAB_00465996
0046599b	Label	LAB_0046599b
004659bb	Label	LAB_004659bb
004659cf	Label	LAB_004659cf
004659e7	Label	LAB_004659e7
004659fb	Label	LAB_004659fb
00465a1b	Label	LAB_00465a1b
00465a20	Label	LAB_00465a20
00465a3a	Label	LAB_00465a3a
00465a3f	Label	LAB_00465a3f
00465a5f	Label	LAB_00465a5f
00465a73	Label	LAB_00465a73
00465a8b	Label	LAB_00465a8b
00465a9f	Label	LAB_00465a9f
00465abf	Label	LAB_00465abf
00465ac4	Label	LAB_00465ac4
00465ade	Label	LAB_00465ade
00465ae3	Label	LAB_00465ae3
00465b03	Label	LAB_00465b03
00465b17	Label	LAB_00465b17
00465b2f	Label	LAB_00465b2f
00465b43	Label	LAB_00465b43
00465b63	Label	LAB_00465b63
00465b68	Label	LAB_00465b68
00465b82	Label	LAB_00465b82
00465b87	Label	LAB_00465b87
00465ba7	Label	LAB_00465ba7
00465bbb	Label	LAB_00465bbb
00465bd3	Label	LAB_00465bd3
00465be7	Label	LAB_00465be7
00465c07	Label	LAB_00465c07
00465c0c	Label	LAB_00465c0c
00465c26	Label	LAB_00465c26
00465c2b	Label	LAB_00465c2b
00465c4b	Label	LAB_00465c4b
00465c5f	Label	LAB_00465c5f
00465c77	Label	LAB_00465c77
00465c8b	Label	LAB_00465c8b
00465cab	Label	LAB_00465cab
00465cb0	Label	LAB_00465cb0
00465cca	Label	LAB_00465cca
00465ccf	Label	LAB_00465ccf
00465cef	Label	LAB_00465cef
00465d03	Label	LAB_00465d03
00465d1b	Label	LAB_00465d1b
00465d2f	Function	__fdivp_sti_st
00465d42	Function	FUN_00465d42
00465db4	Function	__adj_fdiv_m64
00465ddb	Label	LAB_00465ddb
00465df8	Label	LAB_00465df8
00465e00	Function	FUN_00465e00
00465e27	Label	LAB_00465e27
00465e44	Label	LAB_00465e44
00465e98	Function	FUN_00465e98
00465ea2	Function	FUN_00465ea2
00465ea9	Function	FUN_00465ea9
00465ef5	Function	FUN_00465ef5
00465f3d	Function	FUN_00465f3d
00465f61	Label	LAB_00465f61
00465f66	Label	LAB_00465f66
00465f6c	Function	FUN_00465f6c
00465fb2	Label	LAB_00465fb2
00465fe5	Label	LAB_00465fe5
00465feb	Label	LAB_00465feb
00465ff4	Label	LAB_00465ff4
00465ff6	Label	LAB_00465ff6
00466000	Function	FUN_00466000
00466025	Label	LAB_00466025
0046602d	Label	LAB_0046602d
00466035	Label	LAB_00466035
00466037	Label	LAB_00466037
0046603d	Label	LAB_0046603d
00466045	Function	thunk_FUN_00466000
0046606d	Function	FUN_0046606d
0046609c	Label	LAB_0046609c
004660a9	Function	FUN_004660a9
004660cf	Label	LAB_004660cf
004660ea	Function	FUN_004660ea
00466115	Label	LAB_00466115
00466132	Label	LAB_00466132
00466136	Label	LAB_00466136
0046616b	Label	LAB_0046616b
00466171	Label	LAB_00466171
00466179	Label	LAB_00466179
00466193	Label	LAB_00466193
00466197	Label	LAB_00466197
004661a5	Label	LAB_004661a5
004661b7	Label	LAB_004661b7
004661c8	Label	LAB_004661c8
004661e8	Label	LAB_004661e8
004661ed	Label	LAB_004661ed
004661f4	Label	LAB_004661f4
00466207	Function	FUN_00466207
00466243	Label	LAB_00466243
0046626d	Label	LAB_0046626d
00466285	Label	LAB_00466285
0046629d	Label	LAB_0046629d
004662bd	Label	LAB_004662bd
004662c9	Label	LAB_004662c9
004662db	Label	LAB_004662db
00466305	Label	LAB_00466305
0046632d	Label	LAB_0046632d
0046632f	Label	LAB_0046632f
0046633b	Label	LAB_0046633b
00466345	Label	LAB_00466345
00466363	Label	LAB_00466363
00466395	Label	LAB_00466395
004663a1	Label	LAB_004663a1
004663ab	Label	LAB_004663ab
004663bd	Label	LAB_004663bd
004663d5	Label	LAB_004663d5
004663d8	Label	LAB_004663d8
00466474	Function	FUN_00466474
00466482	Label	LAB_00466482
004664a6	Label	LAB_004664a6
004664bf	Function	FUN_004664bf
004664cf	Label	LAB_004664cf
004664e3	Label	LAB_004664e3
004664eb	Label	LAB_004664eb
00466507	Label	LAB_00466507
0046650f	Label	LAB_0046650f
00466510	Function	FUN_00466510
00466566	Label	LAB_00466566
004665a1	Label	LAB_004665a1
004665a7	Label	LAB_004665a7
004665cd	Label	LAB_004665cd
004665d2	Label	LAB_004665d2
0046665b	Label	LAB_0046665b
00466667	Label	LAB_00466667
00466675	Label	LAB_00466675
0046667d	Function	FUN_0046667d
0046669d	Label	LAB_0046669d
004666a8	Function	thunk_FUN_00466957
004666ad	Function	FUN_004666ad
004666b7	Label	LAB_004666b7
004666cc	Function	FUN_004666cc
004666f5	Label	LAB_004666f5
004666f9	Label	LAB_004666f9
00466708	Function	FUN_00466708
00466722	Function	FUN_00466722
00466734	Label	LAB_00466734
0046673d	Label	LAB_0046673d
00466745	Label	LAB_00466745
00466748	Label	LAB_00466748
00466751	Label	LAB_00466751
00466759	Label	LAB_00466759
0046675c	Function	FUN_0046675c
00466787	Label	LAB_00466787
00466790	Label	LAB_00466790
00466794	Label	LAB_00466794
004667b4	Label	LAB_004667b4
004667ba	Label	LAB_004667ba
004667c7	Function	FUN_004667c7
004667dc	Label	LAB_004667dc
004667ef	Label	LAB_004667ef
004667f1	Label	LAB_004667f1
00466807	Label	LAB_00466807
0046682b	Label	LAB_0046682b
00466831	Function	FUN_00466831
0046687a	Label	LAB_00466879+1
004668e6	Function	FUN_004668e6
004668e8	Function	FUN_004668e8
0046690f	Label	LAB_0046690f
00466944	Label	LAB_00466944
00466957	Function	FUN_00466957
00466aa0	Function	KERNEL32.DLL::ExitThread
00466aa6	Function	KERNEL32.DLL::CreateThread
00466aac	Function	KERNEL32.DLL::CreateEventA
00466ab2	Function	KERNEL32.DLL::GetCurrentThread
00466ab8	Function	KERNEL32.DLL::SetEvent
00466abe	Function	KERNEL32.DLL::WriteConsoleA
00466ac4	Function	KERNEL32.DLL::LocalFree
00466aca	Function	KERNEL32.DLL::TlsFree
00466ad0	Function	KERNEL32.DLL::TlsSetValue
00466ad6	Function	KERNEL32.DLL::TlsAlloc
00466adc	Function	KERNEL32.DLL::TlsGetValue
00466ae2	Function	KERNEL32.DLL::ReleaseMutex
00466ae8	Function	KERNEL32.DLL::WaitForSingleObject
00466aee	Function	KERNEL32.DLL::CreateMutexA
00466af4	Function	KERNEL32.DLL::GetCurrentThreadId
00466b12	Function	KERNEL32.DLL::DeleteFileA
00466b24	Function	KERNEL32.DLL::FileTimeToDosDateTime
00466b2a	Function	KERNEL32.DLL::FileTimeToLocalFileTime
00466b30	Function	KERNEL32.DLL::GetTickCount
00466b36	Function	KERNEL32.DLL::GetTimeZoneInformation
00466b3c	Function	KERNEL32.DLL::GetLocalTime
00466b42	Function	KERNEL32.DLL::LocalAlloc
00466b48	Function	KERNEL32.DLL::GetCurrentProcessId
00466b4e	Function	KERNEL32.DLL::CloseHandle
00466b54	Function	KERNEL32.DLL::GetFileType
00466b5a	Function	KERNEL32.DLL::GetLastError
00466b60	Function	KERNEL32.DLL::GetModuleHandleA
00466b66	Function	KERNEL32.DLL::GetVersion
00466b6c	Function	KERNEL32.DLL::GetCommandLineA
00466b72	Function	KERNEL32.DLL::GetModuleFileNameA
00466b78	Function	KERNEL32.DLL::GetEnvironmentStrings
00466b7e	Function	KERNEL32.DLL::ExitProcess
00466b84	Function	KERNEL32.DLL::GetStdHandle
00466b96	Function	KERNEL32.DLL::SetConsoleMode
00466b9c	Function	KERNEL32.DLL::GetConsoleMode
00466ba2	Function	KERNEL32.DLL::ReadConsoleInputA
00466ba8	Function	KERNEL32.DLL::RemoveDirectoryA
00466bae	Function	KERNEL32.DLL::GetCurrentDirectoryA
00466bb4	Function	KERNEL32.DLL::SetCurrentDirectoryA
00466bba	Function	KERNEL32.DLL::CreateDirectoryA
00466bc0	Function	KERNEL32.DLL::GetDiskFreeSpaceA
00466bc6	Function	KERNEL32.DLL::GetFullPathNameA
00466bcc	Function	KERNEL32.DLL::FindNextFileA
00466bd2	Function	KERNEL32.DLL::FindClose
00466bd8	Function	KERNEL32.DLL::FindFirstFileA
00466bde	Function	KERNEL32.DLL::WriteFile
00466be4	Function	KERNEL32.DLL::SetFilePointer
00466bea	Function	KERNEL32.DLL::ReadFile
00466bf0	Function	KERNEL32.DLL::CreateFileA
00466c02	Function	WINMM.DLL::mmioSetInfo
00466c08	Function	WINMM.DLL::mmioAdvance
00466c0e	Function	WINMM.DLL::mmioGetInfo
00466c14	Function	WINMM.DLL::mmioSeek
00466c1a	Function	WINMM.DLL::mmioAscend
00466c20	Function	WINMM.DLL::mmioRead
00466c26	Function	WINMM.DLL::mmioDescend
00466c2c	Function	WINMM.DLL::mmioOpenA
00466c38	Function	WINMM.DLL::mmioClose
00466c3e	Function	COMDLG32.DLL::GetOpenFileNameA
00466c44	Function	SIMD_W95.DLL::SIMD_StopTune
00466c4a	Function	SIMD_W95.DLL::SIMD_PlayTune
00466c50	Function	SIMD_W95.DLL::SIMD_InitDriver
00466c56	Function	WINMM.DLL::midiOutGetDevCapsA
00466c5c	Function	WINMM.DLL::midiOutGetNumDevs
00466c62	Function	DSOUND.DLL::DirectSoundCreate
00466c68	Function	MSACM32.DLL::acmMetrics
00466c6e	Function	SIMD_W95.DLL::SIMD_RemoveDriver
00466c74	Function	DDRAW.DLL::DirectDrawCreate
00466c7a	Function	WINMM.DLL::timeGetTime
00470000	Label	DAT_00470000
00470004	Label	s_andrew_00470004
0047000c	Label	s_e_config_0047000c
00470010	Label	s_nfig_0047000c+4
00470014	Label	s__0047000c+8
00470018	Label	s_Error_in_configuration_file_00470018
00470034	Label	s_ECSTATICA_must_be_in_current_dir_00470034
0047006c	Label	s_Ecstatica001_0047006c
0047007c	Label	DAT_0047007c
00470080	Label	s_CDpath_00470080
00470088	Label	DAT_00470088
00470089	Label	DAT_00470089
0047008a	Label	DAT_0047008a
0047008b	Label	DAT_0047008b
0047008c	Label	s_Can't_open_CDpath_0047008c
004700a0	Label	s_languag.txt_004700a0
004700ac	Label	s_Error_writing_configuration_file_004700ac
004700d0	Label	s_Error_writing_configuration_file_004700d0
004700f4	Label	s_M%cchten_Sie_einen_Teil_des_Spie_004700f4
00470124	Label	s_Festplatte_installieren_?_00470124
00470140	Label	s_sur_votre_disque_dur?_00470140
00470158	Label	s_Voulez-vous_installer_une_partie_00470158
00470180	Label	s_to_your_hard_disk?_00470180
00470194	Label	s_Do_you_want_to_install_some_of_t_00470194
004701bc	Label	s_M%cchten_Sie_einen_gr%c%ceren_Te_004701bc
004701ec	Label	s_auf_Ihrer_Festplatte_installiere_004701ec
00470210	Label	s_Voulez-vous_installer_une_plus_g_00470210
0047025c	Label	s_Do_you_want_to_install_more_of_t_0047025c
00470284	Label	s_Error_writing_configuration_file_00470284
004702a8	Label	s_Error_writing_configuration_file_004702a8
004702cc	Label	s_Das_Spiel_ist_bereits_vollst%cnd_004702cc
004702fc	Label	s_Le_jeu_est_deja_install%c_004702fc
00470318	Label	s_The_game_is_already_fully_instal_00470318
0047033c	Label	s_tscreen.raw_0047033c
00470340	Label	s_een.raw_0047033c+4
00470344	Label	s_raw_0047033c+8
00470348	Label	s_insufficient_memory_for_texture_s_00470348
00470370	Label	s_%sCODE\ECSTATIC.FAN_00470370
00470384	Label	s_Die_ECSTATICA_CD_mu%c_sich_in_Ih_00470384
004703b8	Label	s_befinden,_wenn_Sie_das_Spiel_spi_004703b8
004703e8	Label	s_votre_lecteur_CD-ROM_pour_jouer_a_004703e8
00470410	Label	s_Vous_devez_avoir_le_compact_disq_00470410
00470444	Label	s_drive_to_play_the_game._00470444
0047045c	Label	s_You_must_have_the_ECSTATICA_CD_i_0047045c
0047048c	Label	DAT_0047048c
00470490	Label	s_%sactions\_00470490
0047049c	Label	s_files\ECSTATIC_0047049c
004704ac	Label	s_files\ECST2_004704ac
004704b8	Label	s_Can't_open_main_file_004704b8
004704d0	Label	s_%sfiles\ECSTATIC_004704d0
004704e4	Label	s_Can't_open_secondary_file_004704e4
00470500	Label	s_gbnklogo.raw_00470500
00470510	Label	s_psyglogo.raw_00470510
00470520	Label	s_aasglogo.raw_00470520
00470530	Label	s_insufficient_memory_for_Part_nam_00470530
00470558	Label	DAT_00470558
00470559	Label	DAT_00470559
0047055c	Label	DAT_0047055c
00470560	Label	s_Chest_00470560
00470561	Label	s_hest_00470560+1
00470564	Label	s_t_00470560+4
00470568	Label	DAT_00470568
00470569	Label	DAT_00470569
0047056c	Label	DAT_0047056c
00470570	Label	s_Left_upper_arm_00470570
00470571	Label	s_eft_upper_arm_00470570+1
00470574	Label	s_upper_arm_00470570+4
00470578	Label	s_er_arm_00470570+8
0047057c	Label	s_rm_00470570+0xc
0047057e	Label	s__00470570+0xe
00470580	Label	s_Right_upper_arm_00470580
00470581	Label	s_ight_upper_arm_00470580+1
00470584	Label	s_t_upper_arm_00470580+4
00470588	Label	s_per_arm_00470580+8
0047058c	Label	s_arm_00470580+0xc
00470590	Label	s_Left_forearm_00470590
00470591	Label	s_eft_forearm_00470590+1
00470594	Label	s_forearm_00470590+4
00470598	Label	s_earm_00470590+8
0047059c	Label	s__00470590+0xc
004705a0	Label	s_Right_forearm_004705a0
004705a1	Label	s_ight_forearm_004705a0+1
004705a4	Label	s_t_forearm_004705a0+4
004705a8	Label	s_rearm_004705a0+8
004705ac	Label	s_m_004705a0+0xc
004705b0	Label	s_Left_hand_004705b0
004705b1	Label	s_eft_hand_004705b0+1
004705b4	Label	s_hand_004705b0+4
004705b8	Label	s_d_004705b0+8
004705bc	Label	s_Left_hold_004705bc
004705c0	Label	s_hold_004705bc+4
004705c4	Label	s_d_004705bc+8
004705c8	Label	s_Right_hold_004705c8
004705c9	Label	s_ight_hold_004705c8+1
004705cc	Label	s_t_hold_004705c8+4
004705d0	Label	s_ld_004705c8+8
004705d2	Label	s__004705c8+0xa
004705d4	Label	s_Right_hand_004705d4
004705d8	Label	s_t_hand_004705d4+4
004705dc	Label	s_nd_004705d4+8
004705de	Label	s__004705d4+0xa
004705e0	Label	DAT_004705e0
004705e4	Label	DAT_004705e4
004705e6	Label	DAT_004705e6
004705e8	Label	s_Left_thigh_004705e8
004705e9	Label	s_eft_thigh_004705e8+1
004705ec	Label	s_thigh_004705e8+4
004705f0	Label	s_gh_004705e8+8
004705f2	Label	s__004705e8+0xa
004705f4	Label	s_Right_thigh_004705f4
004705f5	Label	s_ight_thigh_004705f4+1
004705f8	Label	s_t_thigh_004705f4+4
004705fc	Label	s_igh_004705f4+8
00470600	Label	s_Left_shin_00470600
00470601	Label	s_eft_shin_00470600+1
00470604	Label	s_shin_00470600+4
00470608	Label	s_n_00470600+8
0047060c	Label	s_Right_shin_0047060c
0047060d	Label	s_ight_shin_0047060c+1
00470610	Label	s_t_shin_0047060c+4
00470614	Label	s_in_0047060c+8
00470616	Label	s__0047060c+0xa
00470618	Label	s_Left_foot_00470618
00470619	Label	s_eft_foot_00470618+1
0047061c	Label	s_foot_00470618+4
00470620	Label	s_t_00470618+8
00470624	Label	s_Right_foot_00470624
00470625	Label	s_ight_foot_00470624+1
00470628	Label	s_t_foot_00470624+4
0047062c	Label	s_ot_00470624+8
0047062e	Label	s__00470624+0xa
00470630	Label	s_Left_heel_00470630
00470631	Label	s_eft_heel_00470630+1
00470634	Label	s_heel_00470630+4
00470638	Label	s_l_00470630+8
0047063c	Label	s_Right_heel_0047063c
0047063d	Label	s_ight_heel_0047063c+1
00470640	Label	s_t_heel_0047063c+4
00470644	Label	s_el_0047063c+8
00470646	Label	s__0047063c+0xa
00470648	Label	s_Left_ear_00470648
00470649	Label	s_eft_ear_00470648+1
0047064c	Label	s_ear_00470648+4
00470650	Label	s__00470648+8
00470654	Label	s_Right_ear_00470654
00470655	Label	s_ight_ear_00470654+1
00470658	Label	s_t_ear_00470654+4
0047065c	Label	s_r_00470654+8
00470660	Label	s_Left_calf_00470660
00470661	Label	s_eft_calf_00470660+1
00470664	Label	s_calf_00470660+4
00470668	Label	s_f_00470660+8
0047066c	Label	s_Right_calf_0047066c
0047066d	Label	s_ight_calf_0047066c+1
00470670	Label	s_t_calf_0047066c+4
00470674	Label	s_lf_0047066c+8
00470676	Label	s__0047066c+0xa
00470678	Label	s_L_finger_tips_00470678
00470679	Label	s_finger_tips_00470678+1
0047067c	Label	s_nger_tips_00470678+4
00470680	Label	s_tips_00470678+8
00470684	Label	s_s_00470678+0xc
00470688	Label	s_R_finger_tips_00470688
00470689	Label	s_finger_tips_00470688+1
0047068c	Label	s_nger_tips_00470688+4
00470690	Label	s_tips_00470688+8
00470694	Label	s_s_00470688+0xc
00470698	Label	s_L_index_finger_00470698
00470699	Label	s_index_finger_00470698+1
0047069c	Label	s_dex_finger_00470698+4
004706a0	Label	s_finger_00470698+8
004706a4	Label	s_er_00470698+0xc
004706a6	Label	s__00470698+0xe
004706a8	Label	s_R_index_finger_004706a8
004706a9	Label	s_index_finger_004706a8+1
004706ac	Label	s_dex_finger_004706a8+4
004706b0	Label	s_finger_004706a8+8
004706b4	Label	s_er_004706a8+0xc
004706b6	Label	s__004706a8+0xe
004706b8	Label	s_L_index_tip_004706b8
004706b9	Label	s_index_tip_004706b8+1
004706bc	Label	s_dex_tip_004706b8+4
004706c0	Label	s_tip_004706b8+8
004706c4	Label	s_R_index_tip_004706c4
004706c5	Label	s_index_tip_004706c4+1
004706c8	Label	s_dex_tip_004706c4+4
004706cc	Label	s_tip_004706c4+8
004706d0	Label	s_insufficient_memory_for_Thing_na_004706d0
004706fc	Label	DAT_004706fc
004706fd	Label	DAT_004706fd
004706fe	Label	DAT_004706fe
004706ff	Label	DAT_004706ff
00470700	Label	s_Joanne_00470700
00470701	Label	s_oanne_00470700+1
00470702	Label	s_anne_00470700+2
00470703	Label	s_nne_00470700+3
00470708	Label	DAT_00470708
00470709	Label	DAT_00470709
0047070a	Label	DAT_0047070a
0047070b	Label	DAT_0047070b
0047070c	Label	DAT_0047070c
0047070d	Label	DAT_0047070d
0047070e	Label	DAT_0047070e
0047070f	Label	DAT_0047070f
00470710	Label	s_BulletC_00470710
00470711	Label	s_ulletC_00470710+1
00470712	Label	s_lletC_00470710+2
00470713	Label	s_letC_00470710+3
00470714	Label	s_etC_00470710+4
00470718	Label	s_BloodSpu_00470718
00470719	Label	s_loodSpu_00470718+1
0047071a	Label	s_oodSpu_00470718+2
0047071b	Label	s_odSpu_00470718+3
0047071c	Label	s_dSpu_00470718+4
00470720	Label	s__00470718+8
00470724	Label	DAT_00470724
00470725	Label	DAT_00470725
00470726	Label	DAT_00470726
00470727	Label	DAT_00470727
00470728	Label	DAT_00470728
0047072c	Label	DAT_0047072c
00470730	Label	DAT_00470730
00470731	Label	DAT_00470731
00470732	Label	DAT_00470732
00470733	Label	DAT_00470733
00470738	Label	s_panda1_00470738
00470739	Label	s_anda1_00470738+1
0047073a	Label	s_nda1_00470738+2
0047073b	Label	s_da1_00470738+3
00470740	Label	DAT_00470740
00470741	Label	DAT_00470741
00470742	Label	DAT_00470742
00470743	Label	DAT_00470743
00470748	Label	DAT_00470748
00470749	Label	DAT_00470749
0047074a	Label	DAT_0047074a
0047074b	Label	DAT_0047074b
00470750	Label	DAT_00470750
00470751	Label	DAT_00470751
00470752	Label	DAT_00470752
00470753	Label	DAT_00470753
00470758	Label	DAT_00470758
00470759	Label	DAT_00470759
0047075a	Label	DAT_0047075a
0047075b	Label	DAT_0047075b
00470760	Label	DAT_00470760
00470761	Label	DAT_00470761
00470762	Label	DAT_00470762
00470763	Label	DAT_00470763
00470768	Label	DAT_00470768
00470769	Label	DAT_00470769
0047076a	Label	DAT_0047076a
0047076b	Label	DAT_0047076b
00470770	Label	DAT_00470770
00470771	Label	DAT_00470771
00470772	Label	DAT_00470772
00470773	Label	DAT_00470773
00470778	Label	DAT_00470778
00470779	Label	DAT_00470779
0047077a	Label	DAT_0047077a
0047077b	Label	DAT_0047077b
00470780	Label	DAT_00470780
00470781	Label	DAT_00470781
00470782	Label	DAT_00470782
00470783	Label	s_hold2_00470783
0047078c	Label	DAT_0047078c
0047078d	Label	DAT_0047078d
0047078e	Label	DAT_0047078e
0047078f	Label	s_hold3_0047078f
00470798	Label	DAT_00470798
00470799	Label	DAT_00470799
0047079a	Label	DAT_0047079a
0047079b	Label	s_pidl1_0047079b
004707a4	Label	DAT_004707a4
004707a5	Label	DAT_004707a5
004707a6	Label	DAT_004707a6
004707a7	Label	s_pidl3_004707a7
004707b0	Label	DAT_004707b0
004707b1	Label	DAT_004707b1
004707b2	Label	DAT_004707b2
004707b3	Label	s_pidl4_004707b3
004707bc	Label	DAT_004707bc
004707bd	Label	DAT_004707bd
004707be	Label	DAT_004707be
004707bf	Label	s_pidl2_004707bf
004707c8	Label	DAT_004707c8
004707c9	Label	DAT_004707c9
004707ca	Label	DAT_004707ca
004707cb	Label	s_pidl5_004707cb
004707d4	Label	DAT_004707d4
004707d5	Label	DAT_004707d5
004707d6	Label	DAT_004707d6
004707d7	Label	s_pidl6_004707d7
004707e0	Label	DAT_004707e0
004707e1	Label	DAT_004707e1
004707e2	Label	DAT_004707e2
004707e3	Label	s_pids1_004707e3
004707ec	Label	DAT_004707ec
004707ed	Label	DAT_004707ed
004707ee	Label	DAT_004707ee
004707ef	Label	s_pids4_004707ef
004707f8	Label	DAT_004707f8
004707f9	Label	DAT_004707f9
004707fa	Label	DAT_004707fa
004707fb	Label	s_pids5_004707fb
00470804	Label	DAT_00470804
00470805	Label	DAT_00470805
00470806	Label	DAT_00470806
00470807	Label	s_pids2_00470807
00470810	Label	s_w_spids3_00470810
00470811	Label	s__spids3_00470810+1
00470812	Label	s_spids3_00470810+2
00470813	Label	s_pids3_00470810+3
0047081c	Label	DAT_0047081c
0047081d	Label	DAT_0047081d
0047081e	Label	DAT_0047081e
0047081f	Label	s_pids6_0047081f
00470828	Label	DAT_00470828
00470829	Label	DAT_00470829
0047082a	Label	DAT_0047082a
0047082b	Label	s_xorc1_0047082b
00470834	Label	DAT_00470834
00470835	Label	DAT_00470835
00470836	Label	DAT_00470836
00470837	Label	s_xorc2_00470837
00470840	Label	DAT_00470840
00470841	Label	DAT_00470841
00470842	Label	DAT_00470842
00470843	Label	s_xorc3_00470843
0047084c	Label	s_w_strol_0047084c
0047084d	Label	s__strol_0047084c+1
0047084e	Label	s_strol_0047084c+2
0047084f	Label	s_trol_0047084c+3
00470854	Label	s_w_strol1_00470854
00470855	Label	s__strol1_00470854+1
00470856	Label	s_strol1_00470854+2
00470857	Label	s_trol1_00470854+3
00470860	Label	s_w_strol2_00470860
00470861	Label	s__strol2_00470860+1
00470862	Label	s_strol2_00470860+2
00470863	Label	s_trol2_00470860+3
0047086c	Label	DAT_0047086c
0047086d	Label	DAT_0047086d
0047086e	Label	DAT_0047086e
0047086f	Label	DAT_0047086f
00470874	Label	DAT_00470874
00470875	Label	DAT_00470875
00470876	Label	DAT_00470876
00470877	Label	DAT_00470877
0047087c	Label	DAT_0047087c
0047087d	Label	DAT_0047087d
0047087e	Label	DAT_0047087e
0047087f	Label	DAT_0047087f
00470884	Label	DAT_00470884
00470885	Label	DAT_00470885
00470886	Label	DAT_00470886
00470887	Label	DAT_00470887
0047088c	Label	DAT_0047088c
0047088d	Label	DAT_0047088d
0047088e	Label	DAT_0047088e
0047088f	Label	DAT_0047088f
00470894	Label	DAT_00470894
00470895	Label	DAT_00470895
00470896	Label	DAT_00470896
00470897	Label	DAT_00470897
0047089c	Label	DAT_0047089c
0047089d	Label	DAT_0047089d
0047089e	Label	DAT_0047089e
0047089f	Label	DAT_0047089f
004708a4	Label	DAT_004708a4
004708a5	Label	DAT_004708a5
004708a6	Label	DAT_004708a6
004708a7	Label	DAT_004708a7
004708ac	Label	DAT_004708ac
004708ad	Label	DAT_004708ad
004708ae	Label	DAT_004708ae
004708af	Label	DAT_004708af
004708b4	Label	DAT_004708b4
004708b5	Label	DAT_004708b5
004708b6	Label	DAT_004708b6
004708b7	Label	DAT_004708b7
004708bc	Label	DAT_004708bc
004708bd	Label	DAT_004708bd
004708be	Label	DAT_004708be
004708bf	Label	DAT_004708bf
004708c4	Label	DAT_004708c4
004708c5	Label	DAT_004708c5
004708c6	Label	DAT_004708c6
004708c7	Label	DAT_004708c7
004708cc	Label	DAT_004708cc
004708cd	Label	DAT_004708cd
004708ce	Label	DAT_004708ce
004708cf	Label	DAT_004708cf
004708d4	Label	DAT_004708d4
004708d5	Label	DAT_004708d5
004708d6	Label	DAT_004708d6
004708d7	Label	DAT_004708d7
004708dc	Label	DAT_004708dc
004708dd	Label	DAT_004708dd
004708de	Label	DAT_004708de
004708df	Label	DAT_004708df
004708e4	Label	DAT_004708e4
004708e5	Label	DAT_004708e5
004708e6	Label	DAT_004708e6
004708e7	Label	DAT_004708e7
004708ec	Label	DAT_004708ec
004708ed	Label	DAT_004708ed
004708ee	Label	DAT_004708ee
004708ef	Label	DAT_004708ef
004708f4	Label	DAT_004708f4
004708f5	Label	DAT_004708f5
004708f6	Label	DAT_004708f6
004708f7	Label	DAT_004708f7
004708fc	Label	DAT_004708fc
004708fd	Label	DAT_004708fd
004708fe	Label	DAT_004708fe
004708ff	Label	DAT_004708ff
00470904	Label	DAT_00470904
00470905	Label	DAT_00470905
00470906	Label	DAT_00470906
00470907	Label	DAT_00470907
0047090c	Label	DAT_0047090c
0047090d	Label	DAT_0047090d
0047090e	Label	DAT_0047090e
0047090f	Label	DAT_0047090f
00470914	Label	DAT_00470914
00470915	Label	DAT_00470915
00470916	Label	DAT_00470916
00470917	Label	DAT_00470917
0047091c	Label	DAT_0047091c
0047091d	Label	DAT_0047091d
0047091e	Label	DAT_0047091e
0047091f	Label	s_yclp2_0047091f
00470928	Label	DAT_00470928
00470929	Label	DAT_00470929
0047092a	Label	DAT_0047092a
0047092b	Label	s_yclp3_0047092b
00470934	Label	DAT_00470934
00470935	Label	DAT_00470935
00470936	Label	DAT_00470936
00470937	Label	DAT_00470937
0047093c	Label	DAT_0047093c
0047093d	Label	DAT_0047093d
0047093e	Label	DAT_0047093e
0047093f	Label	DAT_0047093f
00470944	Label	DAT_00470944
00470945	Label	DAT_00470945
00470946	Label	DAT_00470946
00470947	Label	DAT_00470947
0047094c	Label	s_w_samuel1_0047094c
0047094d	Label	s__samuel1_0047094c+1
0047094e	Label	s_samuel1_0047094c+2
0047094f	Label	s_amuel1_0047094c+3
00470958	Label	DAT_00470958
00470959	Label	DAT_00470959
0047095a	Label	DAT_0047095a
0047095b	Label	DAT_0047095b
00470960	Label	DAT_00470960
00470961	Label	DAT_00470961
00470962	Label	DAT_00470962
00470963	Label	DAT_00470963
00470968	Label	DAT_00470968
00470969	Label	DAT_00470969
0047096a	Label	DAT_0047096a
0047096b	Label	DAT_0047096b
00470970	Label	DAT_00470970
00470971	Label	DAT_00470971
00470972	Label	DAT_00470972
00470973	Label	DAT_00470973
00470978	Label	DAT_00470978
00470979	Label	DAT_00470979
0047097a	Label	DAT_0047097a
0047097b	Label	DAT_0047097b
00470980	Label	DAT_00470980
00470981	Label	DAT_00470981
00470982	Label	DAT_00470982
00470983	Label	DAT_00470983
00470988	Label	s_w_sprit_00470988
00470989	Label	s__sprit_00470988+1
0047098a	Label	s_sprit_00470988+2
0047098b	Label	s_prit_00470988+3
00470990	Label	s_w_sprit2_00470990
00470991	Label	s__sprit2_00470990+1
00470992	Label	s_sprit2_00470990+2
00470993	Label	s_prit2_00470990+3
0047099c	Label	s_w_sprit3_0047099c
0047099d	Label	s__sprit3_0047099c+1
0047099e	Label	s_sprit3_0047099c+2
0047099f	Label	s_prit3_0047099c+3
004709a8	Label	DAT_004709a8
004709a9	Label	DAT_004709a9
004709aa	Label	DAT_004709aa
004709ab	Label	DAT_004709ab
004709b0	Label	DAT_004709b0
004709b1	Label	DAT_004709b1
004709b2	Label	DAT_004709b2
004709b3	Label	DAT_004709b3
004709b8	Label	DAT_004709b8
004709b9	Label	DAT_004709b9
004709ba	Label	DAT_004709ba
004709bb	Label	DAT_004709bb
004709c0	Label	s_w_stond_004709c0
004709c1	Label	s__stond_004709c0+1
004709c2	Label	s_stond_004709c0+2
004709c3	Label	s_tond_004709c0+3
004709c8	Label	s_w_stond2_004709c8
004709c9	Label	s__stond2_004709c8+1
004709ca	Label	s_stond2_004709c8+2
004709cb	Label	s_tond2_004709c8+3
004709d4	Label	s_w_stond3_004709d4
004709d5	Label	s__stond3_004709d4+1
004709d6	Label	s_stond3_004709d4+2
004709d7	Label	s_tond3_004709d4+3
004709e0	Label	DAT_004709e0
004709e1	Label	DAT_004709e1
004709e2	Label	DAT_004709e2
004709e3	Label	DAT_004709e3
004709e8	Label	s_w_dorc3_004709e8
004709e9	Label	s__dorc3_004709e8+1
004709ea	Label	s_dorc3_004709e8+2
004709eb	Label	s_orc3_004709e8+3
004709f0	Label	DAT_004709f0
004709f1	Label	DAT_004709f1
004709f2	Label	DAT_004709f2
004709f3	Label	DAT_004709f3
004709f8	Label	DAT_004709f8
004709f9	Label	DAT_004709f9
004709fa	Label	DAT_004709fa
004709fb	Label	DAT_004709fb
00470a00	Label	DAT_00470a00
00470a01	Label	DAT_00470a01
00470a02	Label	DAT_00470a02
00470a03	Label	DAT_00470a03
00470a08	Label	DAT_00470a08
00470a09	Label	DAT_00470a09
00470a0a	Label	DAT_00470a0a
00470a0b	Label	DAT_00470a0b
00470a10	Label	s_w_demon_00470a10
00470a11	Label	s__demon_00470a10+1
00470a12	Label	s_demon_00470a10+2
00470a13	Label	s_emon_00470a10+3
00470a18	Label	s_w_demon2_00470a18
00470a19	Label	s__demon2_00470a18+1
00470a1a	Label	s_demon2_00470a18+2
00470a1b	Label	s_emon2_00470a18+3
00470a24	Label	s_w_demon3_00470a24
00470a25	Label	s__demon3_00470a24+1
00470a26	Label	s_demon3_00470a24+2
00470a27	Label	s_emon3_00470a24+3
00470a30	Label	DAT_00470a30
00470a31	Label	DAT_00470a31
00470a32	Label	DAT_00470a32
00470a33	Label	DAT_00470a33
00470a38	Label	DAT_00470a38
00470a39	Label	DAT_00470a39
00470a3a	Label	DAT_00470a3a
00470a3b	Label	s_agol2_00470a3b
00470a44	Label	DAT_00470a44
00470a45	Label	DAT_00470a45
00470a46	Label	DAT_00470a46
00470a47	Label	s_agol3_00470a47
00470a50	Label	DAT_00470a50
00470a51	Label	DAT_00470a51
00470a52	Label	DAT_00470a52
00470a53	Label	DAT_00470a53
00470a58	Label	DAT_00470a58
00470a59	Label	DAT_00470a59
00470a5a	Label	DAT_00470a5a
00470a5b	Label	DAT_00470a5b
00470a60	Label	DAT_00470a60
00470a61	Label	DAT_00470a61
00470a62	Label	DAT_00470a62
00470a63	Label	DAT_00470a63
00470a68	Label	s_w_hunbac_00470a68
00470a69	Label	s__hunbac_00470a68+1
00470a6a	Label	s_hunbac_00470a68+2
00470a6b	Label	s_unbac_00470a68+3
00470a74	Label	DAT_00470a74
00470a75	Label	DAT_00470a75
00470a76	Label	DAT_00470a76
00470a77	Label	DAT_00470a77
00470a7c	Label	DAT_00470a7c
00470a7d	Label	DAT_00470a7d
00470a7e	Label	DAT_00470a7e
00470a7f	Label	DAT_00470a7f
00470a84	Label	DAT_00470a84
00470a85	Label	DAT_00470a85
00470a86	Label	DAT_00470a86
00470a87	Label	DAT_00470a87
00470a8c	Label	DAT_00470a8c
00470a8d	Label	DAT_00470a8d
00470a8e	Label	DAT_00470a8e
00470a8f	Label	DAT_00470a8f
00470a94	Label	DAT_00470a94
00470a95	Label	DAT_00470a95
00470a96	Label	DAT_00470a96
00470a97	Label	DAT_00470a97
00470a9c	Label	DAT_00470a9c
00470a9d	Label	DAT_00470a9d
00470a9e	Label	DAT_00470a9e
00470a9f	Label	DAT_00470a9f
00470aa4	Label	DAT_00470aa4
00470aa5	Label	DAT_00470aa5
00470aa6	Label	DAT_00470aa6
00470aa7	Label	s_nite2_00470aa7
00470ab0	Label	DAT_00470ab0
00470ab1	Label	DAT_00470ab1
00470ab2	Label	DAT_00470ab2
00470ab3	Label	s_nite3_00470ab3
00470abc	Label	s_w_gnite_00470abc
00470abd	Label	s__gnite_00470abc+1
00470abe	Label	s_gnite_00470abc+2
00470abf	Label	s_nite_00470abc+3
00470ac4	Label	s_w_gnite2_00470ac4
00470ac5	Label	s__gnite2_00470ac4+1
00470ac6	Label	s_gnite2_00470ac4+2
00470ac7	Label	s_nite2_00470ac4+3
00470ad0	Label	s_w_gnite3_00470ad0
00470ad1	Label	s__gnite3_00470ad0+1
00470ad2	Label	s_gnite3_00470ad0+2
00470ad3	Label	s_nite3_00470ad0+3
00470adc	Label	s_w_creep_00470adc
00470add	Label	s__creep_00470adc+1
00470ade	Label	s_creep_00470adc+2
00470adf	Label	s_reep_00470adc+3
00470ae4	Label	s_w_creep2_00470ae4
00470ae5	Label	s__creep2_00470ae4+1
00470ae6	Label	s_creep2_00470ae4+2
00470ae7	Label	s_reep2_00470ae4+3
00470af0	Label	DAT_00470af0
00470af1	Label	DAT_00470af1
00470af2	Label	DAT_00470af2
00470af3	Label	s_reep3_00470af3
00470afc	Label	s_w_fairy_00470afc
00470afd	Label	s__fairy_00470afc+1
00470afe	Label	s_fairy_00470afc+2
00470aff	Label	s_airy_00470afc+3
00470b04	Label	DAT_00470b04
00470b05	Label	DAT_00470b05
00470b06	Label	DAT_00470b06
00470b07	Label	s_airy2_00470b07
00470b10	Label	DAT_00470b10
00470b11	Label	DAT_00470b11
00470b12	Label	DAT_00470b12
00470b13	Label	s_airy3_00470b13
00470b1c	Label	DAT_00470b1c
00470b1d	Label	DAT_00470b1d
00470b1e	Label	DAT_00470b1e
00470b1f	Label	s_airy4_00470b1f
00470b28	Label	DAT_00470b28
00470b29	Label	DAT_00470b29
00470b2a	Label	DAT_00470b2a
00470b2b	Label	s_airy5_00470b2b
00470b34	Label	DAT_00470b34
00470b35	Label	DAT_00470b35
00470b36	Label	DAT_00470b36
00470b37	Label	s_airy6_00470b37
00470b40	Label	DAT_00470b40
00470b41	Label	DAT_00470b41
00470b42	Label	DAT_00470b42
00470b43	Label	DAT_00470b43
00470b48	Label	DAT_00470b48
00470b49	Label	DAT_00470b49
00470b4a	Label	DAT_00470b4a
00470b4b	Label	DAT_00470b4b
00470b50	Label	DAT_00470b50
00470b51	Label	DAT_00470b51
00470b52	Label	DAT_00470b52
00470b53	Label	DAT_00470b53
00470b58	Label	DAT_00470b58
00470b59	Label	DAT_00470b59
00470b5a	Label	DAT_00470b5a
00470b5b	Label	DAT_00470b5b
00470b60	Label	DAT_00470b60
00470b61	Label	DAT_00470b61
00470b62	Label	DAT_00470b62
00470b63	Label	DAT_00470b63
00470b68	Label	DAT_00470b68
00470b69	Label	DAT_00470b69
00470b6a	Label	DAT_00470b6a
00470b6b	Label	DAT_00470b6b
00470b70	Label	DAT_00470b70
00470b71	Label	DAT_00470b71
00470b72	Label	DAT_00470b72
00470b73	Label	DAT_00470b73
00470b78	Label	DAT_00470b78
00470b79	Label	DAT_00470b79
00470b7a	Label	DAT_00470b7a
00470b7b	Label	DAT_00470b7b
00470b80	Label	DAT_00470b80
00470b81	Label	DAT_00470b81
00470b82	Label	DAT_00470b82
00470b83	Label	DAT_00470b83
00470b88	Label	DAT_00470b88
00470b89	Label	DAT_00470b89
00470b8a	Label	DAT_00470b8a
00470b8b	Label	DAT_00470b8b
00470b90	Label	DAT_00470b90
00470b91	Label	DAT_00470b91
00470b92	Label	DAT_00470b92
00470b93	Label	DAT_00470b93
00470b98	Label	DAT_00470b98
00470b99	Label	DAT_00470b99
00470b9a	Label	DAT_00470b9a
00470b9b	Label	DAT_00470b9b
00470ba0	Label	DAT_00470ba0
00470ba1	Label	DAT_00470ba1
00470ba2	Label	DAT_00470ba2
00470ba3	Label	DAT_00470ba3
00470ba8	Label	DAT_00470ba8
00470ba9	Label	DAT_00470ba9
00470baa	Label	DAT_00470baa
00470bab	Label	DAT_00470bab
00470bb0	Label	DAT_00470bb0
00470bb1	Label	DAT_00470bb1
00470bb2	Label	DAT_00470bb2
00470bb3	Label	DAT_00470bb3
00470bb8	Label	DAT_00470bb8
00470bb9	Label	DAT_00470bb9
00470bba	Label	DAT_00470bba
00470bbb	Label	s_ummy1_00470bbb
00470bc4	Label	DAT_00470bc4
00470bc5	Label	DAT_00470bc5
00470bc6	Label	DAT_00470bc6
00470bc7	Label	s_ummy2_00470bc7
00470bd0	Label	DAT_00470bd0
00470bd1	Label	DAT_00470bd1
00470bd2	Label	DAT_00470bd2
00470bd3	Label	DAT_00470bd3
00470bd8	Label	DAT_00470bd8
00470bd9	Label	DAT_00470bd9
00470bda	Label	DAT_00470bda
00470bdb	Label	DAT_00470bdb
00470be0	Label	DAT_00470be0
00470be1	Label	DAT_00470be1
00470be2	Label	DAT_00470be2
00470be3	Label	DAT_00470be3
00470be8	Label	DAT_00470be8
00470be9	Label	DAT_00470be9
00470bea	Label	DAT_00470bea
00470beb	Label	DAT_00470beb
00470bf0	Label	DAT_00470bf0
00470bf1	Label	DAT_00470bf1
00470bf2	Label	DAT_00470bf2
00470bf3	Label	DAT_00470bf3
00470bf8	Label	DAT_00470bf8
00470bf9	Label	DAT_00470bf9
00470bfa	Label	DAT_00470bfa
00470bfb	Label	DAT_00470bfb
00470c00	Label	s_insufficient_memory_for_Action_n_00470c00
00470c2c	Label	s_st_swim_00470c2c
00470c2d	Label	s_t_swim_00470c2c+1
00470c30	Label	s_wim_00470c2c+4
00470c34	Label	DAT_00470c34
00470c35	Label	DAT_00470c35
00470c38	Label	DAT_00470c38
00470c3c	Label	s_poisondie_00470c3c
00470c3d	Label	s_oisondie_00470c3c+1
00470c40	Label	s_ondie_00470c3c+4
00470c44	Label	s_e_00470c3c+8
00470c48	Label	s_heroxlife_00470c48
00470c49	Label	s_eroxlife_00470c48+1
00470c4c	Label	s_xlife_00470c48+4
00470c50	Label	s_e_00470c48+8
00470c54	Label	s_insufficient_memory_for_Scene_na_00470c54
00470c80	Label	s_Start_sc_00470c80
00470c81	Label	s_tart_sc_00470c80+1
00470c84	Label	s_t_sc_00470c80+4
00470c88	Label	s__00470c80+8
00470c8c	Label	s_EndScen1_00470c8c
00470c8d	Label	s_ndScen1_00470c8c+1
00470c90	Label	s_cen1_00470c8c+4
00470c94	Label	s__00470c8c+8
00470c98	Label	s_EndScen2_00470c98
00470c99	Label	s_ndScen2_00470c98+1
00470c9c	Label	s_cen2_00470c98+4
00470ca0	Label	s__00470c98+8
00470ca4	Label	DAT_00470ca4
00470ca5	Label	DAT_00470ca5
00470ca8	Label	DAT_00470ca8
00470cac	Label	DAT_00470cac
00470cb0	Label	DAT_00470cb0
00470cb1	Label	DAT_00470cb1
00470cb4	Label	DAT_00470cb4
00470cb8	Label	DAT_00470cb8
00470cbc	Label	s_village_00470cbc
00470cbd	Label	s_illage_00470cbc+1
00470cc0	Label	s_age_00470cbc+4
00470cc4	Label	s_swimming_00470cc4
00470cc5	Label	s_wimming_00470cc4+1
00470cc8	Label	s_ming_00470cc4+4
00470ccc	Label	s__00470cc4+8
00470cd0	Label	DAT_00470cd0
00470cd1	Label	DAT_00470cd1
00470cd4	Label	DAT_00470cd4
00470cd8	Label	DAT_00470cd8
00470cdc	Label	s_fromnec_00470cdc
00470cdd	Label	s_romnec_00470cdc+1
00470ce0	Label	s_nec_00470cdc+4
00470ce4	Label	s_insufficient_memory_for_Point_na_00470ce4
00470d10	Label	s_insufficient_memory_for_Triangle_00470d10
00470d3c	Label	s_insufficient_memory_for_Code_nam_00470d3c
00470d64	Label	s_Backgrounds_00470d64
00470d65	Label	s_ackgrounds_00470d64+1
00470d68	Label	s_grounds_00470d64+4
00470d6c	Label	s_nds_00470d64+8
00470d70	Label	s_Backgrounds2_00470d70
00470d71	Label	s_ackgrounds2_00470d70+1
00470d74	Label	s_grounds2_00470d70+4
00470d78	Label	s_nds2_00470d70+8
00470d7c	Label	s__00470d70+0xc
00470d80	Label	s_Backgrounds3_00470d80
00470d81	Label	s_ackgrounds3_00470d80+1
00470d84	Label	s_grounds3_00470d80+4
00470d88	Label	s_nds3_00470d80+8
00470d8c	Label	s__00470d80+0xc
00470d90	Label	s_Backgrounds4_00470d90
00470d91	Label	s_ackgrounds4_00470d90+1
00470d94	Label	s_grounds4_00470d90+4
00470d98	Label	s_nds4_00470d90+8
00470d9c	Label	s__00470d90+0xc
00470da0	Label	s_Backgrounds5_00470da0
00470da1	Label	s_ackgrounds5_00470da0+1
00470da4	Label	s_grounds5_00470da0+4
00470da8	Label	s_nds5_00470da0+8
00470dac	Label	s__00470da0+0xc
00470db0	Label	DAT_00470db0
00470db1	Label	DAT_00470db1
00470db4	Label	DAT_00470db4
00470db8	Label	DAT_00470db8
00470dbc	Label	DAT_00470dbc
00470dbd	Label	DAT_00470dbd
00470dc0	Label	DAT_00470dc0
00470dc4	Label	DAT_00470dc4
00470dc8	Label	DAT_00470dc8
00470dc9	Label	DAT_00470dc9
00470dcc	Label	DAT_00470dcc
00470dd0	Label	DAT_00470dd0
00470dd4	Label	DAT_00470dd4
00470dd5	Label	DAT_00470dd5
00470dd8	Label	DAT_00470dd8
00470ddc	Label	DAT_00470ddc
00470ddd	Label	DAT_00470ddd
00470de0	Label	DAT_00470de0
00470de4	Label	DAT_00470de4
00470de5	Label	DAT_00470de5
00470de8	Label	DAT_00470de8
00470dec	Label	DAT_00470dec
00470ded	Label	DAT_00470ded
00470df0	Label	DAT_00470df0
00470df4	Label	DAT_00470df4
00470df5	Label	DAT_00470df5
00470df8	Label	DAT_00470df8
00470dfc	Label	DAT_00470dfc
00470dfd	Label	DAT_00470dfd
00470e00	Label	DAT_00470e00
00470e04	Label	DAT_00470e04
00470e05	Label	DAT_00470e05
00470e08	Label	DAT_00470e08
00470e0c	Label	DAT_00470e0c
00470e0d	Label	DAT_00470e0d
00470e10	Label	DAT_00470e10
00470e14	Label	DAT_00470e14
00470e15	Label	DAT_00470e15
00470e18	Label	DAT_00470e18
00470e1c	Label	s_StartUp_00470e1c
00470e1d	Label	s_tartUp_00470e1c+1
00470e20	Label	s_tUp_00470e1c+4
00470e24	Label	s_insufficient_memory_for_repertoi_00470e24
00470e54	Label	s_nothing_00470e54
00470e55	Label	s_othing_00470e54+1
00470e58	Label	s_ing_00470e54+4
00470e5c	Label	s_bad_stel_00470e5c
00470e5d	Label	s_ad_stel_00470e5c+1
00470e60	Label	s_stel_00470e5c+4
00470e64	Label	s__00470e5c+8
00470e68	Label	s_bad_run_00470e68
00470e69	Label	s_ad_run_00470e68+1
00470e6c	Label	s_run_00470e68+4
00470e70	Label	s_f_stel_p_00470e70
00470e71	Label	s__stel_p_00470e70+1
00470e74	Label	s_el_p_00470e70+4
00470e78	Label	s__00470e70+8
00470e7c	Label	DAT_00470e7c
00470e7d	Label	DAT_00470e7d
00470e80	Label	DAT_00470e80
00470e84	Label	DAT_00470e84
00470e85	Label	DAT_00470e85
00470e88	Label	DAT_00470e88
00470e8c	Label	DAT_00470e8c
00470e8d	Label	DAT_00470e8d
00470e90	Label	DAT_00470e90
00470e94	Label	DAT_00470e94
00470e95	Label	DAT_00470e95
00470e98	Label	DAT_00470e98
00470e9a	Label	DAT_00470e9a
00470e9c	Label	DAT_00470e9c
00470e9d	Label	DAT_00470e9d
00470ea0	Label	DAT_00470ea0
00470ea4	Label	s_herorun_00470ea4
00470ea5	Label	s_erorun_00470ea4+1
00470ea8	Label	s_run_00470ea4+4
00470eac	Label	s_heroswim_00470eac
00470ead	Label	s_eroswim_00470eac+1
00470eb0	Label	s_swim_00470eac+4
00470eb4	Label	s__00470eac+8
00470eb8	Label	s_herornmc_00470eb8
00470eb9	Label	s_erornmc_00470eb8+1
00470ebc	Label	s_rnmc_00470eb8+4
00470ec0	Label	s__00470eb8+8
00470ec4	Label	s_heropunh_00470ec4
00470ec5	Label	s_eropunh_00470ec4+1
00470ec8	Label	s_punh_00470ec4+4
00470ecc	Label	s__00470ec4+8
00470ed0	Label	s_herosmph_00470ed0
00470ed1	Label	s_erosmph_00470ed0+1
00470ed4	Label	s_smph_00470ed0+4
00470ed8	Label	s__00470ed0+8
00470edc	Label	s_herophmc_00470edc
00470edd	Label	s_erophmc_00470edc+1
00470ee0	Label	s_phmc_00470edc+4
00470ee4	Label	s__00470edc+8
00470ee8	Label	DAT_00470ee8
00470ee9	Label	DAT_00470ee9
00470eec	Label	DAT_00470eec
00470ef0	Label	DAT_00470ef0
00470ef4	Label	DAT_00470ef4
00470ef5	Label	DAT_00470ef5
00470ef8	Label	DAT_00470ef8
00470efc	Label	s_insufficient_memory_for_sound_na_00470efc
00470f28	Label	DAT_00470f28
00470f29	Label	DAT_00470f29
00470f2c	Label	DAT_00470f2c
00470f30	Label	DAT_00470f30
00470f31	Label	DAT_00470f31
00470f34	Label	DAT_00470f34
00470f38	Label	DAT_00470f38
00470f39	Label	DAT_00470f39
00470f3c	Label	DAT_00470f3c
00470f40	Label	s_STNSTEP1_00470f40
00470f41	Label	s_TNSTEP1_00470f40+1
00470f44	Label	s_TEP1_00470f40+4
00470f48	Label	s__00470f40+8
00470f4c	Label	DAT_00470f4c
00470f4d	Label	DAT_00470f4d
00470f50	Label	DAT_00470f50
00470f54	Label	DAT_00470f54
00470f55	Label	DAT_00470f55
00470f58	Label	DAT_00470f58
00470f5a	Label	DAT_00470f5a
00470f5c	Label	DAT_00470f5c
00470f5d	Label	DAT_00470f5d
00470f60	Label	DAT_00470f60
00470f64	Label	DAT_00470f64
00470f65	Label	DAT_00470f65
00470f68	Label	DAT_00470f68
00470f6c	Label	DAT_00470f6c
00470f6d	Label	DAT_00470f6d
00470f70	Label	DAT_00470f70
00470f74	Label	s_LEAVES2_00470f74
00470f75	Label	s_EAVES2_00470f74+1
00470f78	Label	s_ES2_00470f74+4
00470f7c	Label	DAT_00470f7c
00470f7d	Label	DAT_00470f7d
00470f80	Label	DAT_00470f80
00470f84	Label	DAT_00470f84
00470f85	Label	DAT_00470f85
00470f88	Label	DAT_00470f88
00470f8c	Label	DAT_00470f8c
00470f8d	Label	DAT_00470f8d
00470f90	Label	DAT_00470f90
00470f94	Label	DAT_00470f94
00470f95	Label	DAT_00470f95
00470f98	Label	DAT_00470f98
00470f9c	Label	s_insufficient_memory_for_MapArea_n_00470f9c
00470fc8	Label	s_insufficient_memory_for_Texture_n_00470fc8
00470ff4	Label	s_FLOOR_00470ff4
00470ff5	Label	s_LOOR_00470ff4+1
00470ff8	Label	s_R_00470ff4+4
00470ffc	Label	s_WALLS_00470ffc
00470ffd	Label	s_ALLS_00470ffc+1
00471000	Label	s_S_00470ffc+4
00471004	Label	s_insufficient_memory_for_Token_st_00471004
0047102c	Label	s_Can't_find_shading_data_file_0047102c
00471070	Label	s_Can't_allocate_TuneBuffer_00471070
0047108c	Label	DAT_0047108c
0047108d	Label	DAT_0047108d
0047108e	Label	DAT_0047108e
0047108f	Label	DAT_0047108f
00471094	Label	DAT_00471094
00471095	Label	DAT_00471095
00471096	Label	DAT_00471096
00471097	Label	DAT_00471097
0047109c	Label	DAT_0047109c
0047109d	Label	DAT_0047109d
0047109e	Label	DAT_0047109e
0047109f	Label	DAT_0047109f
004710a4	Label	DAT_004710a4
004710a5	Label	DAT_004710a5
004710a6	Label	DAT_004710a6
004710a7	Label	DAT_004710a7
004710ac	Label	DAT_004710ac
004710ad	Label	DAT_004710ad
004710ae	Label	DAT_004710ae
004710af	Label	DAT_004710af
004710b4	Label	DAT_004710b4
004710b5	Label	DAT_004710b5
004710b6	Label	DAT_004710b6
004710b7	Label	DAT_004710b7
004710bc	Label	s_Can't_load_music_file:_Driver_no_004710bc
004710e8	Label	s_Unknown_sound_driver_004710e8
00471100	Label	s_No_TuneBuffer_00471100
00471110	Label	s_Music_file_%s_too_large_00471110
00471128	Label	s_Can't_find_music_file_%s_00471128
00471144	Label	s_Music_file_%d/%d_too_large_00471144
00471160	Label	s_insufficient_memory_for_Bitmap[2_00471160
00471184	Label	s_insufficient_memory_for_Bitmap[3_00471184
004711a8	Label	s_insufficient_memory_for_MaskMap[_004711a8
004711cc	Label	s_insufficient_memory_for_MaskMap[_004711cc
004711f0	Label	s_insufficient_memory_for_MaskMap[_004711f0
00471214	Label	s_insufficient_memory_for_LongScre_00471214
00471238	Label	s_insufficient_memory_for_LongMask_00471238
004712a4	Label	s_p:\pallette.raw_004712a4
004712a8	Label	s_allette.raw_004712a4+4
004712ac	Label	s_tte.raw_004712a4+8
004712b0	Label	s_raw_004712a4+0xc
004712b4	Label	s_pallette.raw_004712b4
004712b8	Label	s_ette.raw_004712b4+4
004712bc	Label	s_.raw_004712b4+8
004712c0	Label	s__004712b4+0xc
004712c4	Label	s_p:\tscreen.raw_004712c4
004712c8	Label	s_screen.raw_004712c4+4
004712cc	Label	s_en.raw_004712c4+8
004712d0	Label	s_aw_004712c4+0xc
004712d2	Label	s__004712c4+0xe
004712d4	Label	s_Access_denied_004712d4
004712e4	Label	s_No_more_handles_004712e4
004712f4	Label	s_File_not_found_004712f4
00471304	Label	s_Unknown_error_00471304
00471314	Label	s_title_s.raw_00471314
00471320	Label	s_Can't_load_title_picture_00471320
00471339	Label	DAT_00471339
00471341	Label	DAT_00471341
00471349	Label	DAT_00471349
00471351	Label	DAT_00471351
00471359	Label	DAT_00471359
00471361	Label	DAT_00471361
00471369	Label	DAT_00471369
00471371	Label	DAT_00471371
00471379	Label	DAT_00471379
00471391	Label	DAT_00471391
00471399	Label	DAT_00471399
004713a1	Label	DAT_004713a1
004713a9	Label	DAT_004713a9
004713b1	Label	DAT_004713b1
004713b9	Label	DAT_004713b9
004713d0	Label	s_shadow.dat_004713d0
004713f8	Label	s_can't_load_shadow_tab_file_004713f8
00471414	Label	s_hirespth_00471414
00471420	Label	s_antialia.dat_00471420
00471430	Label	s_***_QUICK_SAVED_GAME_***_00471430
0047144c	Label	s_No_slot_selected!_0047144c
00471460	Label	s_No_game_selected!_00471460
00471474	Label	s_Save_screen_shot?_00471474
0047177c	Label	DAT_0047177c
0047183c	Label	s_Japanese_text_in_HiRes_only_0047183c
00471858	Label	s_ReadPixel_not_implemented_for_Mo_00471858
0047187c	Label	s_Can't_get_message_0047187c
00471890	Label	s_shademap.dat_00471890
00471b58	Label	s_%sSCENES_00471b58
00471be8	Label	DAT_00471be8
00471bec	Label	s_Unterminated_string_in_00471bec
00471c04	Label	DAT_00471c04
00471c08	Label	DAT_00471c08
00471c0c	Label	s_Can't_find_text_translation_file_00471c0c
00471c30	Label	s_p:\actors\*._00471c30
00471c40	Label	s_actors\*._00471c40
00471c4c	Label	DAT_00471c4c
00471c54	Label	s_p:\actors\%s\*._00471c54
00471c64	Label	s_actors\%s\*._00471c64
00471c74	Label	s_p:\actors\%s\%s\*._00471c74
00471c88	Label	s_actors\%s\%s\*._00471c88
00471c98	Label	s_p:\scenes\*._00471c98
00471ca8	Label	s_scenes\*._00471ca8
00471cb4	Label	s_p:\scenes\%s\*._00471cb4
00471cc4	Label	s_scenes\%s\*._00471cc4
00471cd4	Label	s_p:\scenes\%s\%s\*._00471cd4
00471ce8	Label	s_scenes\%s\%s\*._00471ce8
00471cf8	Label	s_p:\rep\*._00471cf8
00471d04	Label	s_rep\*._00471d04
00471d0c	Label	s_p:\rep\%s\*._00471d0c
00471d1c	Label	s_rep\%s\*._00471d1c
00471d28	Label	s_p:\rep\%s\%s\*._00471d28
00471d38	Label	s_rep\%s\%s\*._00471d38
00471d48	Label	s_p:\actions\*._00471d48
00471d58	Label	s_actions\*._00471d58
00471d64	Label	s_p:\actions\%s\*._00471d64
00471d78	Label	s_actions\%s\*._00471d78
00471d88	Label	s_p:\actions\%s\%s\*._00471d88
00471d9c	Label	s_actions\%s\%s\*._00471d9c
00471db0	Label	s_%sactions_00471db0
00471dbc	Label	s_Full_Action_Dir_overflow_00471dbc
00471dd8	Label	s_%sactions\%s_00471dd8
00471eec	Label	s_motion.txt_00471eec
00471ef8	Label	s_can't_open_motion_file_00471ef8
00471f10	Label	DAT_00471f10
00471f14	Label	s_ACTION_00471f14
00471f1c	Label	s_Reading_motion_file_00471f1c
00471f34	Label	s_ACTIONV_00471f34
00471f3c	Label	s_Reading_VECTOR_motion_file_00471f3c
00471f58	Label	s_FRAME_00471f58
00471f60	Label	s_frame_%d_00471f60
00471f6c	Label	DAT_00471f6c
00471f70	Label	DAT_00471f70
00471f74	Label	DAT_00471f74
00471f78	Label	s_%hd_%hd_%hd_%hd_%hd_%hd_%hd_%hd_%_00471f78
00471fac	Label	s_%d_%d_%d_%s_00471fac
00471fb8	Label	DAT_00471fb8
00471fbc	Label	DAT_00471fbc
00471fc0	Label	DAT_00471fc0
00471fc4	Label	DAT_00471fc4
00471fc8	Label	DAT_00471fc8
00471fcc	Label	DAT_00471fcc
00471fd0	Label	DAT_00471fd0
00471fd4	Label	DAT_00471fd4
00471fd8	Label	DAT_00471fd8
00471fdc	Label	DAT_00471fdc
00471fe0	Label	DAT_00471fe0
00471fe4	Label	DAT_00471fe4
00471fe8	Label	DAT_00471fe8
00471fec	Label	DAT_00471fec
00471ff0	Label	DAT_00471ff0
00471ff4	Label	s_Unknown_part_name_in_motion_file_00471ff4
0047201c	Label	s_ClearTab_overflow!_0047201c
00472080	Label	s_2_part_limb_has_no_2nd_part_00472080
0047209c	Label	s_2_part_limb_has_no_extremity_0047209c
004720bc	Label	s_insufficient_memory_for_Code_str_004720bc
004720e4	Label	s_insufficient_memory_for_LineOfCo_004720e4
00472114	Label	s_insufficient_memory_for_LineOfCo_00472114
00472144	Label	s_insufficient_memory_for_MapArea_s_00472144
00472188	Label	DAT_00472188
004721b0	Label	s_Actor:_%s_004721b0
004721bc	Label	s_Code:_%s_004721bc
004721c8	Label	s_Can't_find_DeadCode_004721c8
004721dc	Label	DAT_004721dc
004721e0	Label	DAT_004721e0
004721e4	Label	DAT_004721e4
004721e8	Label	DAT_004721e8
004721ec	Label	s_CHASE:_004721ec
004721f0	Label	s_E:_004721ec+4
004721f4	Label	s__004721ec+8
004721f8	Label	s__004721ec+0xc
004721fc	Label	s_RETREAT:_004721fc
00472200	Label	s_EAT:_004721fc+4
00472204	Label	s__004721fc+8
00472208	Label	s__004721fc+0xc
0047220c	Label	s_WANDER:_0047220c
00472210	Label	s_ER:_0047220c+4
00472214	Label	s__0047220c+8
00472218	Label	s__0047220c+0xc
0047221c	Label	s_JOYSTICK:_0047221c
00472220	Label	s_TICK:_0047221c+4
00472224	Label	s_:_0047221c+8
00472228	Label	s__0047221c+0xc
0047222c	Label	s_DYING:_0047222c
00472230	Label	s_G:_0047222c+4
00472234	Label	s__0047222c+8
00472238	Label	s__0047222c+0xc
0047223c	Label	DAT_0047223c
00472240	Label	DAT_00472240
00472244	Label	DAT_00472244
00472248	Label	DAT_00472248
0047224c	Label	s_ATTACK:_0047224c
00472250	Label	s_CK:_0047224c+4
00472254	Label	s__0047224c+8
00472258	Label	s__0047224c+0xc
0047225c	Label	s_GET_HIT:_0047225c
00472260	Label	s_HIT:_0047225c+4
00472264	Label	s__0047225c+8
00472268	Label	s__0047225c+0xc
0047226c	Label	s_RECOVERING:_0047226c
00472270	Label	s_VERING:_0047226c+4
00472274	Label	s_NG:_0047226c+8
00472278	Label	s__0047226c+0xc
0047227c	Label	s_GO_CLOSER:_0047227c
00472280	Label	s_LOSER:_0047227c+4
00472284	Label	s_R:_0047227c+8
00472288	Label	s__0047227c+0xc
0047228c	Label	s_DEAD:_0047228c
00472290	Label	s_:_0047228c+4
00472294	Label	s__0047228c+8
00472298	Label	s__0047228c+0xc
0047229c	Label	s_TURN_LEFT:_0047229c
004722a0	Label	s__LEFT:_0047229c+4
004722a4	Label	s_T:_0047229c+8
004722a8	Label	s__0047229c+0xc
004722ac	Label	s_TURN_RIGHT:_004722ac
004722b0	Label	s__RIGHT:_004722ac+4
004722b4	Label	s_HT:_004722ac+8
004722b8	Label	s__004722ac+0xc
004722bc	Label	s_EXTERNAL:_004722bc
004722c0	Label	s_RNAL:_004722bc+4
004722c4	Label	s_:_004722bc+8
004722c8	Label	s__004722bc+0xc
004722cc	Label	s_FOLLOW:_004722cc
004722d0	Label	s_OW:_004722cc+4
004722d4	Label	s__004722cc+8
004722d8	Label	s__004722cc+0xc
004722dc	Label	s_NO_ACTION_004722dc
004722e0	Label	s_CTION_004722dc+4
004722e4	Label	s_N_004722dc+8
004722e8	Label	s_NO_REP_004722e8
004722ec	Label	s_EP_004722e8+4
004722ee	Label	s__004722e8+6
004722f0	Label	DAT_004722f0
004722f4	Label	DAT_004722f4
004722f8	Label	s_??_Obj_004722f8
00472300	Label	s_%5d_%10s_%s_%5d_%5d_%10s_%4x_%8s_00472300
00472344	Label	s_Actor_has_-2_RepName_00472344
0047235c	Label	s_unknown_behaviour_mode_0047235c
004723ec	Label	DAT_004723ec
004723f4	Label	DAT_004723f4
004723fc	Label	s_stuck_004723fc
00472404	Label	s_-----_00472404
0047240c	Label	s_%10s_%s_%s_0047240c
00472418	Label	s_olddie2_00472418
00472420	Label	s_Can't_find_scene:_'olddie2'_00472420
0047243c	Label	s_following_action_not_found_0047243c
00472458	Label	s_***Scene***_00472458
00472464	Label	s_Action:_%s_00472464
00472470	Label	s_Code:_%s_00472470
0047247c	Label	s_Can't_find_code_in_'Interact_Cod_0047247c
004724a0	Label	s_can't_spawn_action_004724a0
004724b4	Label	s_2_part_limb_has_no_2nd_part_004724b4
004724d0	Label	s_2_part_limb_has_no_extremity_004724d0
004724f0	Label	s_Can't_find_PickedUpCode_004724f0
00472508	Label	s_Can't_find_HitCode_00472508
0047251c	Label	s_Can't_find_GetHitCode_0047251c
00472534	Label	s_Out_of_memory!_00472534
00472544	Label	DAT_00472544
00472548	Label	DAT_00472548
0047254c	Label	s_Action_directory_too_large_0047254c
00472568	Label	s_No_action_directory_00472568
004725b8	Label	s_Recurse_>_5_004725b7+1
004725c4	Label	DAT_004725c4
004725c8	Label	DAT_004725c8
004725cc	Label	DAT_004725cc
004725d4	Label	DAT_004725d4
004725ec	Label	s_StartUp_004725ec
004725f4	Label	s_StartGame_004725f4
00472600	Label	s_StartF1_00472600
00472608	Label	s_StartF2_00472608
00472610	Label	s_StartF3_00472610
00472618	Label	s_StartF4_00472618
00472620	Label	s_StartF5_00472620
00472628	Label	s_StartF6_00472628
00472630	Label	s_StartF7_00472630
00472638	Label	s_StartF8_00472638
00472640	Label	s_StartF9_00472640
00472648	Label	s_StartF10_00472648
00472654	Label	s_StartF11_00472654
00472660	Label	s_StartF12_00472660
0047266c	Label	DAT_0047266c
00472670	Label	s_Can't_find_start_code_00472670
00472688	Label	s_Can't_delete_actor_in_display_li_00472688
004726ac	Label	s_Can't_delete_root_part!_004726ac
004726c4	Label	s_No_part_to_delete!_004726c4
004726d8	Label	s_Can't_delete_part_of_limb!_004726d8
0047271c	Label	DAT_0047271c
00472720	Label	s_load_saved_screen_no._out_of_ran_00472720
00472744	Label	s_saved\XXXX.ecs_00472744
00472748	Label	s_d\XXXX.ecs_00472744+4
0047274c	Label	s_XX.ecs_00472744+8
00472750	Label	s_cs_00472744+0xc
00472752	Label	s__00472744+0xe
00472754	Label	DAT_00472754
00472758	Label	s_Error:_Bad_requester_id_00472758
00472770	Label	s_Ecstatica001_00472770
004727b0	Label	s_DoInfoReq_overflow_004727b0
004727c4	Label	DAT_004727c4
004727c8	Label	s_Select_game_to_load_004727c8
004727dc	Label	s_Select_slot_and_type_in_name_to_s_004727dc
00472804	Label	s_Select_MIDI_output_device_00472804
00472820	Label	s_Select_level_of_difficulty_00472820
0047283c	Label	s_Wahlen_Sie_die_Grose_des_zu_0047283c
00472858	Label	s_installierenden_Programms_00472858
00472874	Label	s_Standard_8_Meg_00472874
0047288c	Label	s_Medium_55_Meg_0047288c
004728a4	Label	s_Extra_85_Meg_004728a4
004728bc	Label	s_Alles_180_Meg_004728bc
004728d4	Label	s_Selectionnez_un_niveau_d'install_004728d4
004728fc	Label	s_Moyen_55_Meg_004728fc
00472914	Label	s_Complet_180_Meg_00472914
0047292c	Label	s_Select_level_of_install_required_0047292c
00472950	Label	s_Extra_39_Meg_00472950
00472968	Label	s_+_LoRes_Views_84_Meg_00472968
00472980	Label	s_+_HiRes_Views_136_Meg_00472980
00472998	Label	s_Settings_00472998
004729a4	Label	s_Bad_request_number_004729a4
00472a1c	Label	s_Deleting_files_00472a1c
00472a2c	Label	s_hires_00472a2c
00472a34	Label	s_views_00472a34
00472a3c	Label	s_graphics_00472a3c
00472a48	Label	s_lowgraph_00472a48
00472a54	Label	s_visib_00472a54
00472a5c	Label	s_saved_00472a5c
00472a64	Label	s_files_00472a64
00472a6c	Label	s_Subtitles_ON_00472a6c
00472a88	Label	s_Subtitles_OFF_00472a88
00472aa4	Label	s_Music_ON_00472aa4
00472ac0	Label	s_Music_OFF_00472ac0
00472adc	Label	s_Sound_effects_ON_00472adc
00472af8	Label	s_Sound_effects_OFF_00472af8
00472b14	Label	s_Difficulty_level_EASY_00472b14
00472b30	Label	s_Difficulty_level_MEDIUM_00472b30
00472b4c	Label	s_Difficulty_level_HARD_00472b4c
00472b68	Label	s_Resolution_HIGH_00472b68
00472b84	Label	s_Resolution_LOW_00472b84
00472ba0	Label	s_Can't_find_current_directory_00472ba0
00472bc0	Label	s_No_current_directory_00472bc0
00472bd8	Label	s_ECSTAT_2_00472bd8
00472bdc	Label	s_AT_2_00472bd8+4
00472be0	Label	s__00472bd8+8
00472be4	Label	s_C:\ECSTAT_2_00472be4
00472be8	Label	s_CSTAT_2_00472be4+4
00472bec	Label	s_T_2_00472be4+8
00472bf0	Label	s_Directory_to_install_to:_00472bf0
00472c0c	Label	s_Can't_install_to_same_directory_00472c0c
00472c2c	Label	s_A_directory_must_be_specified_00472c2c
00472c4c	Label	s_A_root_directory_is_not_acceptab_00472c4c
00472c70	Label	s_Path_must_begin_with_drive_lette_00472c70
00472c9c	Label	s_Invalid_drive_specified_00472c9c
00472cb4	Label	s_Can't_install_to_drive_'A:'_or_'_00472cb4
00472cd8	Label	s_Can't_create_specified_directory_00472cd8
00472cfc	Label	s_%s\e_config_00472cfc
00472d08	Label	s_Error_in_configuration_file_00472d08
00472d24	Label	s_install_ECSTATICA._00472d24
00472d38	Label	s_You_do_not_have_sufficient_disk_s_00472d38
00472d64	Label	s_install_more_of_ECSTATICA._00472d64
00472d80	Label	s_You_do_not_have_sufficient_disk_s_00472d80
00472de8	Label	s_Das_Spiel_ist_bereits_in_dieser_G_00472de8
00472e14	Label	s_oder_in_einer_gr%c%ceren_Menge_i_00472e14
00472e40	Label	s_Vous_avez_deja_install%c_ce_nive_00472e40
00472e64	Label	s_d'installation_ou_un_meilleur._00472e64
00472e84	Label	s_or_greater_00472e84
00472e90	Label	s_You_have_already_installed_to_th_00472e90
00472ebc	Label	s_the_requested_level_of_install_00472ebc
00472edc	Label	s_You_do_not_have_sufficient_disk_s_00472edc
00472f08	Label	s_%s\saved_00472f08
00472f14	Label	s_Can't_create_Saved_Game_director_00472f14
00472f38	Label	s_Copying_files_00472f38
00472f48	Label	s_ecstatic_00472f48
00472f54	Label	s_shademap.dat_00472f54
00472f64	Label	s_pallette.raw_00472f64
00472f74	Label	s_shadow.dat_00472f74
00472f80	Label	s_languag.txt_00472f80
00472f8c	Label	s_tscreen.raw_00472f8c
00472f98	Label	s_psyglogo.raw_00472f98
00472fa8	Label	s_aasglogo.raw_00472fa8
00472fb8	Label	s_ultramid.ini_00472fb8
00472fc8	Label	s_ultramid.exe_00472fc8
00472fd8	Label	s_offsets_00472fd8
00472fe0	Label	s_%s\CDPath_00472fe0
00472fec	Label	DAT_00472fec
00472ff0	Label	s_Can't_save_CDpath_00472ff0
00473004	Label	s_Error_writing_configuration_file_00473004
00473028	Label	DAT_00473028
00473029	Label	DAT_00473029
0047302a	Label	DAT_0047302a
0047302b	Label	DAT_0047302b
0047302c	Label	s_files\ECSTATIC_0047302c
0047303c	Label	s_files\ECST2_0047303c
00473048	Label	s_Can't_open_main_file_00473048
00473060	Label	s_%sfiles\ECSTATIC_00473060
00473074	Label	s_Can't_open_secondary_file_00473074
00473090	Label	s_Error_writing_configuration_file_00473090
004730b4	Label	s_Install_cancelled_due_to_error_004730b4
004730d4	Label	s_Installation_complete_004730d4
004730ec	Label	s_direct_from_CD-ROM?_(this_may_be_004730ec
00473114	Label	s_Install_cancelled._Do_you_want_t_00473114
00473144	Label	s_direct_from_CD-ROM?_(this_may_be_00473144
0047316c	Label	s_Install_cancelled._Do_you_want_t_0047316c
0047319c	Label	s_%s\%s_0047319c
004731a4	Label	s_Can't_create_subdirectory_004731a4
004731c0	Label	s_%s\%s%s_004731c0
004731c8	Label	DAT_004731c8
004731cc	Label	s_Can't_read_%s_004731cc
004731dc	Label	s_Can't_write_%s_004731dc
004731ec	Label	s_Can't_find_file:_004731ec
00473200	Label	s_%s\%s*.*_00473200
0047320c	Label	s_Can't_find_files_in:_0047320c
00473224	Label	DAT_00473224
0047322c	Label	s_%s%s*.*_0047322c
00473234	Label	s_%s%s%s_00473234
00473284	Label	s_Unexpected_InfoNum_00473284
00473298	Label	DAT_00473298
0047329c	Label	s_Cancel_0047329c
004732a4	Label	DAT_004732a4
004732a8	Label	DAT_004732a8
004732ac	Label	DAT_004732ac
004732b4	Label	DAT_004732b4
004732bc	Label	DAT_004732bc
004732c4	Label	DAT_004732c4
004732cc	Label	DAT_004732cc
004732d0	Label	s_English_004732d0
004732d8	Label	s_Deutsch_004732d8
004732e0	Label	s_Francais_004732e0
004732ec	Label	DAT_004732ec
004732f4	Label	s_Medium_004732f4
004732fc	Label	DAT_004732fc
00473304	Label	DAT_00473304
0047330c	Label	s_Uninstall_0047330c
00473318	Label	s_Settings..._00473318
00473324	Label	s_Load_game..._00473324
00473334	Label	s_Save_game..._00473334
00473344	Label	s_Start_game_(Female)_00473344
00473358	Label	s_Start_game_00473358
00473380	Label	s_unexpected_ev_%d._00473380
00473394	Label	s_attempt_to_access_nonexistant_Pa_00473394
004733bc	Label	s_attempt_to_access_nonexistant_Pa_004733bc
0047343c	Label	s_attempt_to_access_nonexistant_Th_0047343c
00473468	Label	s_attempt_to_access_nonexistant_Th_00473468
00473494	Label	s_Nonexistant_action_name:_%d_00473494
004734b0	Label	s_attempt_to_access_nonexistant_Ac_004734b0
004734dc	Label	s_attempt_to_access_nonexistant_Ac_004734dc
00473560	Label	s_attempt_to_access_nonexistant_Sc_00473560
0047358c	Label	s_attempt_to_access_nonexistant_Sc_0047358c
00473610	Label	s_attempt_to_access_nonexistant_Co_00473610
00473638	Label	s_attempt_to_access_nonexistant_Co_00473638
004736f0	Label	s_attempt_to_access_nonexistant_Re_004736f0
00473720	Label	s_attempt_to_access_nonexistant_Re_00473720
00473750	Label	s_attempt_to_access_nonexistant_So_00473750
0047377c	Label	s_attempt_to_access_nonexistant_So_0047377c
00473800	Label	s_Nonexistant_Texture_name:_%d_00473800
00473820	Label	s_attempt_to_access_nonexistant_Te_00473820
0047384c	Label	s_attempt_to_access_nonexistant_Te_0047384c
004738d8	Label	s_attempt_to_access_nonexistant_Po_004738d8
00473904	Label	s_attempt_to_access_nonexistant_Po_00473904
00473930	Label	s_attempt_to_access_nonexistant_Tr_00473930
0047395c	Label	s_attempt_to_access_nonexistant_Tr_0047395c
00473988	Label	s__00473988
00473994	Label	s_ev_NO_EVENT_00473994
004739ac	Label	s_ev_ROTATE_004739ac
004739c4	Label	s_ev_OFFSET_004739c4
004739dc	Label	s_ev_COLOUR_004739dc
004739f4	Label	s_ev_VECTOR1_004739f4
00473a0c	Label	s_ev_VECTOR2_00473a0c
00473a24	Label	s_ev_VECTOR3_00473a24
00473a3c	Label	s_ev_ADD_PART_00473a3c
00473a54	Label	s_ev_ADD_THING_00473a54
00473a6c	Label	s_ev_TYPE_00473a6c
00473a84	Label	s_ev_ADD_PART_TO_THING_00473a84
00473a9c	Label	s_ev_PSEUDO_ACTION_00473a9c
00473ab4	Label	s_ev_PSEUDO_ACTION_2_00473ab4
00473acc	Label	s_ev_PSEUDO_KEY_00473acc
00473ae4	Label	s_ev_DISP_PNT_00473ae4
00473afc	Label	s_ev_FLAGS_00473afc
00473b14	Label	s_ev_MOVE_ACT_00473b14
00473b2c	Label	s_ev_RAND_ACT_00473b2c
00473b44	Label	s_ev_RAND_INFO_00473b44
00473b5c	Label	s_ev_ROTATE_THING_00473b5c
00473b74	Label	s_ev_MOVE_THING_00473b74
00473b8c	Label	s_ev_START_POSITION_00473b8c
00473ba4	Label	s_ev_THING_FLAGS_00473ba4
00473bbc	Label	s_ev_SCRIPT_MOVE_00473bbc
00473bd4	Label	s_ev_SCRIPT_TURN_00473bd4
00473bec	Label	s_ev_SPAWN_ACTION_00473bec
00473c04	Label	s_ev_PSEUDO_SCENE_00473c04
00473c1c	Label	s_ev_PSEUDO_SCRIPT_00473c1c
00473c34	Label	s_ev_NEXT_SCENE_00473c34
00473c4c	Label	s_ev_ANCHOR_PART_00473c4c
00473c64	Label	s_ev_LOOSEN_JOINT_00473c64
00473c7c	Label	s_ev_UNLOOSEN_JOINT_00473c7c
00473c94	Label	s_ev_POSITION_00473c94
00473cac	Label	s_ev_2_PART_LIMB_00473cac
00473cc4	Label	s_ev_FIX_PART_00473cc4
00473cdc	Label	s_ev_UNFIX_PART_00473cdc
00473cf4	Label	s_ev_UNMAKE_LIMB_00473cf4
00473d0c	Label	s_ev_REORIENT_THING_00473d0c
00473d24	Label	s_ev_ABSOLUTE_POS_00473d24
00473d3c	Label	s_ev_ABSOLUTE_ROT_00473d3c
00473d54	Label	s_ev_ADD_POINT_00473d54
00473d6c	Label	s_ev_OFFSET_POINT_00473d6c
00473d84	Label	s_ev_ADD_TRIANGLE_00473d84
00473d9c	Label	s_ev_COLOUR_TRIANGLE_00473d9c
00473db4	Label	s_ev_TRIANGLE_FLAGS_00473db4
00473dcc	Label	s_ev_TRI_SHADE_NAME_00473dcc
00473de4	Label	s_ev_INTERACT_00473de4
00473dfc	Label	s_ev_POINT_TO_POINT_00473dfc
00473e14	Label	s_ev_HELD_OFFSET_00473e14
00473e2c	Label	s_ev_HELD_ROTATE_00473e2c
00473e44	Label	s_ev_HELD_OFF_LEFT_00473e44
00473e5c	Label	s_ev_HELD_ROT_LEFT_00473e5c
00473e74	Label	s_ev_BACKGROUND_00473e74
00473e8c	Label	s_ev_PSEUDO_SCENE_2_00473e8c
00473ea4	Label	s_ev_PSEUDO_REP_00473ea4
00473ebc	Label	s_ev_REP_ENTRY_00473ebc
00473ed4	Label	s_ev_ACTOR_REP_00473ed4
00473eec	Label	s_ev_DEF_ROTATE_00473eec
00473f04	Label	s_ev_DEF_OFFSET_00473f04
00473f1c	Label	s_ev_DEF_VECTOR1_00473f1c
00473f34	Label	s_ev_DEF_VECTOR2_00473f34
00473f4c	Label	s_ev_DEF_COLOUR_00473f4c
00473f64	Label	s_ev_DEF_FLAGS_00473f64
00473f7c	Label	s_ev_DEF_POSITION_00473f7c
00473f94	Label	s_ev_CUT_PART_00473f94
00473fac	Label	s_ev_THING_CODE_00473fac
00473fc4	Label	s_ev_PART_TEXTURE_00473fc4
00473fdc	Label	s_ev_END_ACTION_00473fdc
00473ff4	Label	s_ev_SHADE_00473ff4
0047400c	Label	s_ev_MAKE_QUAD_0047400c
00474024	Label	s_ev_TRI_TEX_NAME_00474024
0047403c	Label	s_ev_TRI_TEXTURE1_0047403c
00474054	Label	s_ev_TRI_TEXTURE2_00474054
0047406c	Label	s_ev_TRI_TEXTURE3_0047406c
00474084	Label	s_ev_THING_CODE_2_00474084
0047409c	Label	s_**_unknown_event_type_0047409c
004740b4	Label	s_%4.4x_%4.4x_%4.4x_004740b4
004740cc	Label	DAT_004740cc
004740d4	Label	s_***_error_***_004740d4
004740e4	Label	DAT_004740e4
0047414c	Label	DAT_0047414c
00474150	Label	DAT_00474150
00474154	Label	DAT_00474154
00474156	Label	DAT_00474156
00474158	Label	s_Unknown_name_indicator_in_token_%_00474158
0047417c	Label	s_Unknown_name_indicator_0047417c
00474194	Label	s_Actor_'%s'_exists,_overwrite?_00474194
004741b4	Label	s_Found_FIXED_part_004741b4
004741c8	Label	s_Action_'%s'_exists,_overwrite?_004741c8
004741e8	Label	s_Found_FIXED_event_in_action_004741e8
00474204	Label	s_Can't_remove_Rep._without_name_00474204
00474224	Label	s_Can't_remove_Rep._not_in_reperto_00474224
0047424c	Label	s_Repertoire_'%s'_exists,_overwrit_0047424c
00474270	Label	s_unexpected_event_type_in_reperto_00474270
00474298	Label	s_unexpected_event_type_in_reperto_00474298
004742c0	Label	s_token_store_overflow_004742c0
004742d8	Label	s_NOT_Present_004742d8
004742d9	Label	s_OT_Present_004742d8+1
004742e4	Label	s_CheckActor_004742e4
004742f0	Label	s_Sound_in_Scene_004742f0
00474300	Label	s_Sound_in_Action_00474300
00474310	Label	s_Sound_in_Actor_00474310
00474320	Label	s_Sound_in_Rep_00474320
00474330	Label	s_Sound_in_other_Sound_00474330
00474348	Label	s_Loading_Sound_over_existing_Soun_00474348
0047436c	Label	s_Loading_Sound_without_name_0047436c
00474388	Label	DAT_00474388
0047438c	Label	s_Can't_load_file_0047438c
0047439c	Label	s_Not_a_Fantasy_file!_0047439c
004743b0	Label	DAT_004743b0
004743b4	Label	DAT_004743b4
004743b8	Label	s_Can't_open_printer!_004743b8
004743cc	Label	s_Bad_file_version:_check_&_re-sav_004743cc
004743f0	Label	s_name_too_long_004743f0
00474400	Label	s_part_name_%d_'%s'_00474400
00474414	Label	s_actor_name_%d_'%s'_00474414
00474428	Label	s_action_name_%d_'%s'_00474428
00474440	Label	s_scene_name_%d_'%s'_00474440
00474454	Label	s_point_name_%d_'%s'_00474454
00474468	Label	s_tri_name_%d_'%s'_00474468
0047447c	Label	s_code_name_%d_'%s'_0047447c
00474490	Label	s_rep._name_%d_'%s'_00474490
004744a4	Label	s_sound_name_%d_'%s'_004744a4
004744b8	Label	s_map_area_name_%d_'%s'_004744b8
004744d0	Label	s_texture_name_%d_'%s'_004744d0
004744e8	Label	s_Scene_'%s'_exists,_overwrite?_004744e8
00474508	Label	s_Found_FIXED_event_in_scene_00474508
00474524	Label	s_Too_many_different_Part_names!!_00474524
00474544	Label	s_Part_name_store_overflow!!_00474544
00474560	Label	s_Too_many_different_Actor_names!!_00474560
00474584	Label	s_Actor_name_store_overflow!!_00474584
004745a0	Label	s_too_many_different_Action_names_004745a0
004745c0	Label	s_Action_name_store_overflow_004745c0
004745dc	Label	s_too_many_different_Scene_names_004745dc
004745fc	Label	s_Scene_name_store_overflow_004745fc
00474618	Label	s_too_many_different_Code_names_00474618
00474638	Label	s_Code_name_store_overflow_00474638
00474654	Label	s_too_many_different_Repertoire_na_00474654
00474678	Label	s_Repertoire_name_store_overflow_00474678
00474698	Label	s_too_many_different_Sound_names_00474698
004746b8	Label	s_Sound_name_store_overflow_004746b8
004746d4	Label	s_too_many_different_MapArea_names_004746d4
004746f8	Label	s_MapArea_name_store_overflow_004746f8
00474714	Label	s_too_many_different_Texture_names_00474714
00474738	Label	s_Texture_name_store_overflow_00474738
00474754	Label	s_too_many_different_Point_names_00474754
00474774	Label	s_Point_name_store_overflow_00474774
00474790	Label	s_too_many_different_Triangle_name_00474790
004747b4	Label	s_Triangle_name_store_overflow_004747b4
004747d4	Label	s_unknown_type_=_%d_004747d4
004747e8	Label	s_unknown_event_type_in_merge_name_004747e8
0047480c	Label	s_sondoor1_0047480c
00474818	Label	s_Can't_find_sondoor1_name_00474818
00474834	Label	s_sorclear_00474834
00474840	Label	s_Can't_find_sorclear_name_00474840
004748ac	Label	s_offsets_004748ac
004748b4	Label	s_Can't_open_offsets_file_004748b4
00474984	Label	s_Can't_load_negative_camera_00474984
004749a0	Label	s_views\XXXX.raw_004749a0
004749b0	Label	s_hires\XXXX.raw_004749b0
004749c0	Label	DAT_004749c0
004749c4	Label	DAT_004749c4
004749c8	Label	s_packed_info_too_big!_004749c8
004749e0	Label	s_Can't_load_view_004749e0
00474a1c	Label	s_graphics\_00474a1c
00474a28	Label	s_lowgraph\_00474a28
00474a34	Label	s_Not_enough_memory_for_Graphic_00474a34
00474a54	Label	s_Save_screen_shot_only_in_HiRes_00474a54
00474a74	Label	DAT_00474a74
00474a7c	Label	s_File_name:_00474a7c
00474a88	Label	s_scrnshot\_00474a88
00474a94	Label	DAT_00474a94
00474a98	Label	s_Saved_%s_00474a98
00474aa4	Label	s_Can't_save_screen_shot_00474aa4
00474abc	Label	s_views\XXXX.pa3_00474abc
00474acc	Label	s_views\XXXX.pa2_00474acc
00474adc	Label	s_views\XXXX.pal_00474adc
00474aec	Label	s_visib\XXXX.vis_00474aec
00474afc	Label	DAT_00474afc
00474b04	Label	s_Not_a_valid_visibility_map_00474b04
00474b20	Label	s_visibility_info_too_big!_00474b20
00474b5c	Label	s_Can't_load_view_00474b5c
00474b6c	Label	s_Vil/Zombi_00474b6c
00474b78	Label	s_Vil/SmGal_00474b78
00474b84	Label	s_Vil/Galag_00474b84
00474b90	Label	s_Vil/Cyclo_00474b90
00474b9c	Label	s_Vil/Wolf_00474b9c
00474ba8	Label	s_Vil/Red_D_00474ba8
00474bb4	Label	s_Sml_Galag_00474bb4
00474bc0	Label	s_Mushroom_00474bc0
00474bcc	Label	s_Mummy_00474bcc
00474bd8	Label	s_Galagon_00474bd8
00474be4	Label	s_Amazon_00474be4
00474bf0	Label	s_Fish_00474bf0
00474bfc	Label	s_Fairy_Blu_00474bfc
00474c08	Label	s_Fairy_Grn_00474c08
00474c14	Label	s_Red_Devil_00474c14
00474c20	Label	s_Good_Nite_00474c20
00474c2c	Label	s_Bad_Nite_00474c2c
00474c38	Label	s_Skeleton_00474c38
00474c44	Label	s_Hunchback_00474c44
00474c50	Label	s_Werewolf_00474c50
00474c5c	Label	s_Bat_Stone_00474c5c
00474c68	Label	s_Demon_00474c68
00474c74	Label	s_Eel_Eye_00474c74
00474c80	Label	s_Ken_Dorc_00474c80
00474c8c	Label	s_Statue_00474c8c
00474c98	Label	s_Red_Dwarf_00474c98
00474ca4	Label	s_Sprite_00474ca4
00474cb0	Label	s_Monk_00474cb0
00474cbc	Label	s_Sml_Grn_S_00474cbc
00474cc8	Label	s_Sml_Blk_S_00474cc8
00474cd4	Label	s_Grn_Spidr_00474cd4
00474ce0	Label	s_Zombie_00474ce0
00474cec	Label	s_Cyclops_00474cec
00474cf8	Label	s_Stone_Trl_00474cf8
00474d04	Label	s_Orc_00474d04
00474d10	Label	s_Barbarian_00474d10
00474d1c	Label	s_Blk_Spidr_00474d1c
00474d28	Label	s_Blob_00474d28
00474d34	Label	s_Slime_00474d34
00474d40	Label	s_Beholder_00474d40
00474d4c	Label	s_Ghost_00474d4c
00474d58	Label	s_Goblin_00474d58
00474d64	Label	s_*nothing*_00474d64
00474d8c	Label	s_in_Swap_In_Actor_00474d8c
00474da0	Label	s_Can't_find_Holding_Part_00474da0
00474db8	Label	s_Missing_scene_in_'swap_in_actor'_00474db8
00474ddc	Label	s_Actor_not_in_scene_in_'swap_in_a_00474ddc
00474e04	Label	DAT_00474e04
00474e08	Label	s_Missing_action_in_'swap_in_actor_00474e08
00474e3c	Label	s_sonopndoor_00474e3c
00474ec0	Label	s_Scene_name_error_in_boolean!_00474ec0
00474ee0	Label	s_Number_expected_after_'Activated_00474ee0
00474f08	Label	s_Number_expected_after_'Activated_00474f08
00474f30	Label	s_Random_number_not_initialized_00474f30
00474f50	Label	s_Number_expected_after_'HitPoints_00474f50
00474f78	Label	s_Number_expected_after_'MagicBelo_00474f78
00474f9c	Label	s_2_numbers_expected_after_'Camera_00474f9c
00474fc4	Label	s_2_numbers_expected_after_'Camera_00474fc4
00474fec	Label	s_Unexpected_token_in_boolean_expr_00474fec
00475014	Label	s_Missing_scene_00475014
00475024	Label	s_Unexpected_DrawScene_in_code_00475024
00475044	Label	s_Unexpected_AddScene_in_code_00475044
00475060	Label	s_unexpected_token_'to_DRAW_ROOF'_00475060
00475080	Label	s_2_numbers_expected_after_'SmartB_00475080
004750a8	Label	s_2_numbers_expected_after_'SmartB_004750a8
004750d0	Label	s_Number_expected_after_'Subtitle'_004750d0
004750f4	Label	s_String_expected_after_'Subtitle_X_004750f4
00475118	Label	s_Number_expected_after_'AmbiantSo_00475118
00475140	Label	s_Number_expected_after_'AmbiantSo_00475140
00475168	Label	s_Number_expected_after_'AmbiantSo_00475168
00475194	Label	s_Number_expected_after_MapAreaHei_00475194
004751c0	Label	s_Number_expected_after_'Fade...'_004751c0
004751e0	Label	s_Number_expected_after_'StartTune_004751e0
00475204	Label	DAT_00475204
00475208	Label	s_2_numbers_expected_after_'PutGra_00475208
00475230	Label	s_2_numbers_expected_after_'PutGra_00475230
00475258	Label	s_String_expected_after_'PutGraphi_00475258
00475284	Label	s_Graphic_file_name_too_long!_00475284
004752a0	Label	s_String_expected_after_'ClearGrap_004752a0
004752c8	Label	s_String_expected_after_'LoadGraph_004752c8
004752ec	Label	s_Unexpected_RenderViews_in_code!_004752ec
00475364	Label	s_Scene_name_expected_00475364
00475378	Label	s_Too_many_parameters_00475378
0047538c	Label	s_Actor_name_expected_0047538c
004753a0	Label	s_Number_expected_004753a0
004753b0	Label	s_Code_name_expected_004753b0
004753c4	Label	s_Action_name_expected_004753c4
004753dc	Label	s_Sound_name_expected_004753dc
004753f0	Label	s_Repertoire_name_expected_004753f0
0047540c	Label	s_MapArea_name_expected_0047540c
00475424	Label	s_Numbers_expected_00475424
00475438	Label	s_Unexpected_name_00475438
00475448	Label	s_Error:_'%s'_00475448
004754c0	Label	s_'%s'_%d_004754c0
004754d0	Label	s_Can't_load_action:_004754d0
004754e4	Label	s_'%s'_004754e4
004754f0	Label	s_Action_name_not_in_directory:_004754f0
00475510	Label	s_Unknown_return_from_CheckActionL_00475510
00475538	Label	s_Can't_find_rep_00475538
00475548	Label	s_%ssounds\%s.fan_00475548
00475558	Label	s_Can't_find_sound_00475558
0047556c	Label	s_%sscenes\%s.fan_0047556c
0047557c	Label	s_%sscenes\%s\%s.fan_0047557c
00475590	Label	s_%srep\%s.fan_00475590
004755a0	Label	s_%srep\%s\%s.fan_004755a0
004755b0	Label	s_Can't_find_Rep_004755b0
004755c0	Label	s_%sactors\%s.fan_004755c0
004755d0	Label	s_%sactors\%s\%s.fan_004755d0
004755e4	Label	s_Can't_find_Actor_004755e4
004755f8	Label	s_%sactions\%s\%s_004755f8
00475608	Label	s_%sactions\%s_00475608
00475618	Label	s_Can't_find_actor_00475618
0047562c	Label	s_Actor_not_found_0047562c
0047563c	Label	s_Can't_find_scene_0047563c
00475650	Label	s_%stextures\%s.fan_00475650
00475664	Label	s_Can't_find_texture_00475664
00475678	Label	s_Can't_remove_NULL_scene_00475678
00475690	Label	s_Removing_scene_'%s'_00475690
004756a4	Label	s_Can't_remove_Scene_in_active_lis_004756a4
004756c8	Label	s_Can't_remove_Scene_without_name_004756c8
004756e8	Label	s_Can't_remove_Scene_not_in_SceneT_004756e8
0047570c	Label	s_Can't_remove_Scene_with_current_T_0047570c
00475734	Label	s_Removed_scene_'%s'_00475734
00475748	Label	s_Actor_'%s'_00475748
00475754	Label	s_Can't_remove_Actor_in_active_lis_00475754
00475778	Label	s_Can't_remove_Actor_without_name_00475778
00475798	Label	s_Can't_remove_main_Actor_00475798
004757b0	Label	s_Can't_remove_Actor_not_in_ThingT_004757b0
004757d4	Label	s_Can't_remove_Actor_with_current_T_004757d4
004757fc	Label	s_Sound_storage_overflow_004757fc
00475814	Label	s_Removing_sound_'%s'_00475814
00475828	Label	s_Can't_remove_Sound_without_name_00475828
00475848	Label	s_Can't_remove_Sound_-_name_out_of_00475848
00475870	Label	s_Can't_remove_Sound_not_in_SoundT_00475870
00475894	Label	s_Texture_storage_overflow_00475894
004758b0	Label	s_Can't_remove_Texture_without_nam_004758b0
004758d4	Label	s_Can't_remove_Texture_-_name_out_o_004758d4
00475900	Label	s_Can't_remove_Texture_not_in_Text_00475900
00475928	Label	s_Removing_rep._'%s'_00475928
0047593c	Label	s_Can't_remove_Rep._without_name_0047593c
0047595c	Label	s_Can't_remove_Rep._not_in_reperto_0047595c
00475984	Label	s_Can't_remove_Rep._in_use_by_acto_00475984
004759a8	Label	s_Can't_remove_Rep._named_in_actor_004759a8
004759cc	Label	s_Can't_remove_Rep_with_current_Ti_004759cc
004759f0	Label	s_Removing_action_'%s'_004759f0
00475a08	Label	s_Can't_remove_Action_without_name_00475a08
00475a2c	Label	s_Can't_remove_Action_not_in_Actio_00475a2c
00475a54	Label	s_Can't_remove_Action_in_use_by_ac_00475a54
00475a78	Label	s_Can't_remove_Action_with_current_00475a78
00475aa0	Label	s_Event_heap_overflow_00475aa0
00475ab4	Label	s_Action_heap_overflow_00475ab4
00475acc	Label	s_Script_heap_overflow_00475acc
00475ae4	Label	s_Actor_heap_overflow_00475ae4
00475af8	Label	s_Part_heap_overflow_00475af8
00475b0c	Label	s_Scene_heap_overflow_00475b0c
00475b20	Label	s_Repertoire_heap_overflow_00475b20
00475b3c	Label	s_Point_heap_overflow_00475b3c
00475b50	Label	s_Triangle_heap_overflow_00475b50
00475b68	Label	s_Key_heap_overflow_00475b68
00475b7c	Label	s_Freeing_Sound_with_DSBuffer!!!!_00475b7c
00475b9c	Label	s_Sound_heap_overflow_00475b9c
00475bb0	Label	s_Texture_heap_overflow_00475bb0
00475bc8	Label	s_Timed_Action_heap_overflow_00475bc8
00475be4	Label	s_save_game_no._out_of_range_00475be4
00475c00	Label	s_saved\XXXX.ecs_00475c00
00475c10	Label	DAT_00475c10
00475c14	Label	s_Can't_find_Script_in_SaveGame_00475c14
00475c34	Label	s_RootScene_..._00475c34
00475c44	Label	s_MapArea_ElementNum_out_of_range_00475c44
00475c64	Label	s_Can't_open_file_to_save_game_00475c64
00475c84	Label	s_load_game_no._out_of_range_00475c84
00475ca0	Label	DAT_00475ca0
00475ca4	Label	s_Game_was_saved_in_old_version_00475ca4
00475cc4	Label	s_Can't_load_game_00475cc4
00475cd4	Label	s_%s_missing_in_LoadGame_00475cd4
00475cec	Label	s_can't_find_scene_in_progress_00475cec
00475d0c	Label	s_actor_not_in_scene_in_progress_00475d0c
00475d2c	Label	s_actor_'%s'_scene_'%s'_00475d2c
00475d44	Label	s_program_terminated_due_to_error_00475d44
00475d64	Label	s_Can't_find_%s_for_%s_00475d64
00475d7c	Label	s_Can't_find_HeldByPart_00475d7c
00475d94	Label	s_Can't_find_HeldByPart->Thing_00475d94
00475db4	Label	s_MapArea_ElementNum_out_of_range_00475db4
00475dd4	Label	s_MapArea_not_found_in_LoadGame_00475dd4
00475df4	Label	s_End_of_SavedGame_file_problem_00475df4
00475e14	Label	s_Can't_find_saved_game_file_00475e14
00475e30	Label	DAT_00475e30
00475e38	Label	s_llife_00475e38
00475e40	Label	s_magibar1_00475e40
00475e4c	Label	s_lmbar_00475e4c
00475e54	Label	s_ClearTab_overflow!_00475e54
00475e68	Label	DAT_00475e68
00475e70	Label	s_Too_many_graphics_at_once!_00475e70
00475e8c	Label	s_Can't_load_graphic_'%s'_00475e8c
00475ea4	Label	s_Graphic_'%s'_not_loaded!_00475ea4
00475ec0	Label	s_Can't_load_temp_graphic_'%s'_00475ec0
00475ee0	Label	s_life1_00475ee0
00475ee8	Label	s_life2_00475ee8
00475ef0	Label	s_life3_00475ef0
00475ef8	Label	s_llife1_00475ef8
00475f00	Label	s_llife2_00475f00
00475f08	Label	s_llife3_00475f08
00475f10	Label	s_armour3_00475f10
00475f18	Label	s_armour2_00475f18
00475f20	Label	s_larmour3_00475f20
00475f2c	Label	s_larmour2_00475f2c
00475f38	Label	s_hndicon1_00475f38
00475f44	Label	s_swdicon1_00475f44
00475f50	Label	s_rodicon1_00475f50
00475f5c	Label	s_lhand2_00475f5c
00475f64	Label	s_lsword1_00475f64
00475f6c	Label	s_lrod1_00475f6c
00475f74	Label	s_graphics\_00475f74
00475f80	Label	s_iconpage.raw_00475f80
00475f90	Label	s_ringicon_00475f90
00475f9c	Label	s_amuicon1_00475f9c
00475fa8	Label	s_lampicon_00475fa8
00475fb4	Label	s_shdicon1_00475fb4
00475fc0	Label	s_shdicon2_00475fc0
00475fcc	Label	s_scrlicon_00475fcc
00475fd8	Label	s_amuicon2_00475fd8
00475fe4	Label	s_kingicon_00475fe4
00475ff0	Label	s_elder1_00475ff0
00475ff8	Label	s_elder2_00475ff8
00476000	Label	s_elder3_00476000
00476008	Label	s_elder4_00476008
00476010	Label	s_elder5_00476010
00476018	Label	s_elder6_00476018
00476020	Label	s_elder7_00476020
00476028	Label	s_timer1_00476028
00476030	Label	s_powgem1_00476030
00476038	Label	s_number0_00476038
00476040	Label	s_number1_00476040
00476048	Label	s_number2_00476048
00476050	Label	s_number3_00476050
00476058	Label	s_number4_00476058
00476060	Label	s_number5_00476060
00476068	Label	s_number6_00476068
00476070	Label	s_number7_00476070
00476078	Label	s_number8_00476078
00476080	Label	s_number9_00476080
004762e4	Label	s_W32SKRNL.DLL_004762e4
004762f4	Label	s__ImteFromHModule@4_004762f4
00476308	Label	s__BaseAddrFromImte@4_00476308
0047631c	Label	s_Ecstatica2_0047631c
00476328	Label	s_Ecstatica_II_00476328
00476338	Label	s_Direct_Draw_Init_Failed_(%08lx)_00476338
0047635c	Label	s_ERROR_0047635c
00476364	Label	s_Change_screen_mode_Failed_(%08lx_00476364
00476388	Label	DAT_00476388
0047638c	Label	s_8.000_kHz,_8-Bit,_Mono_0047638c
004763a4	Label	s_8.000_kHz,_8-Bit,_Stereo_004763a4
004763c0	Label	s_8.000_kHz,_16-Bit,_Mono_004763c0
004763d8	Label	s_8.000_kHz,_16-Bit,_Stereo_004763d8
004763f4	Label	s_11.025_kHz,_8-Bit,_Mono_004763f4
0047640c	Label	s_11.025_kHz,_8-Bit,_Stereo_0047640c
00476428	Label	s_11.025_kHz,_16-Bit,_Mono_00476428
00476444	Label	s_11.025_kHz,_16-Bit,_Stereo_00476444
00476460	Label	s_22.050_kHz,_8-Bit,_Mono_00476460
00476478	Label	s_22.050_kHz,_8-Bit,_Stereo_00476478
00476494	Label	s_22.050_kHz,_16-Bit,_Mono_00476494
004764b0	Label	s_22,050_kHz,_16-Bit,_Stereo_004764b0
004764cc	Label	s_44.100_kHz,_8-Bit,_Mono_004764cc
004764e4	Label	s_44.100_kHz,_8-Bit,_Stereo_004764e4
00476500	Label	s_44.100_kHz,_16-Bit,_Mono_00476500
0047651c	Label	s_44.100_kHz,_16-Bit,_Stereo_0047651c
00476538	Label	s_Can't_release_direct_sound_buffe_00476538
0047655c	Label	s_Sound_without_DirectSound_Buffer_0047655c
00476580	Label	s_Cant_set_volume_00476580
00476590	Label	s_Direct_Sound_Error_00476590
004765a4	Label	s_Cannot_set_current_position_004765a4
004765c0	Label	s_Cannot_start_playing_sound_004765c0
004765dc	Label	s_Can't_add_buffer_for_zero_length_004765dc
00476604	Label	s_Out_of_Memory_00476604
00476614	Label	s_Cannot_add_sound_00476614
00476628	Label	s_Insufficint_memory_for_DSound_pw_00476628
0047664c	Label	s_Cannot_create_new_buffer_0047664c
00476668	Label	s_Cannot_add_this_file_00476668
00476680	Label	s_Cannot_load_wave_00476680
004766b4	Label	DAT_004766b4
004766b8	Label	s_STATIC_004766b8
004766c0	Label	DAT_004766c0
004766c4	Label	s_App_Error_004766c4
004766d0	Label	s_Cannot_allocate_timer,_aborting_004766d0
004766f0	Label	s_ACM_Metrics_failed,_aborting_004766f0
00476710	Label	s_Out_of_Memory_00476710
00476720	Label	s_Memory_startup_error._00476720
00476738	Label	s_ECSTATICA_00476738
00476744	Label	s_No_Sound_Device_-_Music_&_sound_e_00476744
00476780	Label	s_Critical_Error_00476780
00476790	Label	s_Direct_Sound_Set_Cooperative_Lev_00476790
004767bc	Label	s_Cannot_create_primary_buffer_004767bc
004767dc	Label	DAT_004767dc
004767e0	Label	DAT_004767e0
004767e4	Label	s_EnumDrivers_004767e4
004767f0	Label	s_DSSHOW_004767f0
004767f8	Label	s_Hold_on_a_sec..._004767f8
0047680c	Label	s_No_more_controls_allowed_0047680c
00476828	Label	s_Bad_wave_file_or_file_too_big_to_00476828
00476870	Label	s_msctls_trackbar32_00476870
00476884	Label	DAT_00476884
00476888	Label	DAT_00476888
0047688c	Label	s_BUTTON_0047688c
00476894	Label	s_Wave_Files_00476894
004768b8	Label	DAT_004768b8
004768bc	Label	s_File_Open_004768bc
004768c8	Label	DAT_004768c8
004768cc	Label	s_Invalid_Wave_File_004768cc
004768e0	Label	s_Wave_files_must_be_PCM_format!_004768e0
00476900	Label	s_Drivers_will_not_be_enumerated_u_00476900
0047693c	Label	s_Cannot_start_playing_0047693c
00476954	Label	s_Cannot_stop_sound_00476954
00476968	Label	s_%s:_%lu_Hz_00476968
00476978	Label	s_%s:_%ld_00476978
00476980	Label	s_Cannot_set_format_buffer_00476980
0047699c	Label	DAT_0047699c
004769a0	Label	DAT_004769a0
004769a4	Label	s_Error_0_004769a4
004769ac	Label	s_No_such_file_or_directory_004769ac
004769c6	Label	s_Argument_list_too_big_004769c6
004769dc	Label	s_Exec_format_error_004769dc
004769ee	Label	s_Bad_file_number_004769ee
004769fe	Label	s_Not_enough_memory_004769fe
00476a10	Label	s_Permission_denied_00476a10
00476a22	Label	s_File_exists_00476a22
00476a2e	Label	s_Cross-device_link_00476a2e
00476a40	Label	s_Invalid_argument_00476a40
00476a51	Label	s_File_table_overflow_00476a51
00476a65	Label	s_Too_many_open_files_00476a65
00476a79	Label	s_No_space_left_on_device_00476a79
00476a91	Label	s_Argument_too_large_00476a91
00476aa4	Label	s_Result_too_large_00476aa4
00476ab5	Label	s_Resource_deadlock_would_occur_00476ab5
00476ad3	Label	s_unknown_error_00476ad3
00476ae4	Label	DAT_00476ae4
00476ae8	Label	s_conin$_00476ae8
00476aef	Label	s_conout$_00476aef
00476d04	Label	s_Floating-point_support_not_loade_00476d04
00476d48	Label	s_Thread_has_no_thread-specific_da_00476d48
00476d70	Label	DAT_00476d70
00476d75	Label	DAT_00476d75
00476d7a	Label	DAT_00476d7a
00476d7f	Label	DAT_00476d7f
00476d83	Label	DAT_00476d83
00476d88	Label	DAT_00476d88
00476d8d	Label	DAT_00476d8d
00476d91	Label	s_acosh_00476d91
00476d97	Label	DAT_00476d97
00476d9c	Label	DAT_00476d9c
00476da0	Label	s_log10_00476da0
00476da6	Label	s_atanh_00476da6
00476dac	Label	s_atan2_00476dac
00476db2	Label	DAT_00476db2
00476db7	Label	s_dpowi_00476db7
00476dbd	Label	DAT_00476dbd
00476dc1	Label	DAT_00476dc1
00476dc5	Label	DAT_00476dc5
00476dc9	Label	DAT_00476dc9
00476dcc	Label	DAT_00476dcc
00476dcf	Label	DAT_00476dcf
00476dd2	Label	DAT_00476dd2
00476dd6	Label	s_cotan_00476dd6
00476de4	Label	s_Domain_error_00476de4
00476df1	Label	s_Argument_singularity_00476df1
00476e06	Label	s_Overflow_range_error_00476e06
00476e1b	Label	s_Underflow_range_error_00476e1b
00476e31	Label	s_Total_loss_of_significance_00476e31
00476e4c	Label	s_Partial_loss_of_significance_00476e4c
00476e69	Label	DAT_00476e69
00476e70	Label	DAT_00476e70
00476e74	Label	DAT_00476e74
00476e78	Label	DAT_00476e78
00476e80	Label	DAT_00476e80
00476e84	Label	DAT_00476e84
00476e88	Label	DAT_00476e88
00476e8c	Label	DAT_00476e8c
00476f90	Label	DAT_00476f90
00476f96	Label	DAT_00476f96
00476f98	Label	DAT_00476f98
00476f9a	Label	DAT_00476f9a
00476fb0	Label	DAT_00476fb0
00476fb2	Label	DAT_00476fb2
00476fcc	Label	DAT_00476fcc
00476fd0	Label	DAT_00476fd0
00476fd4	Label	DAT_00476fd4
00476ff0	Label	DAT_00476ff0
00476ff8	Label	DAT_00476ff8
00477000	Label	DAT_00477000
00477004	Label	DAT_00477004
00477008	Label	DAT_00477008
0047700c	Label	DAT_0047700c
00477010	Label	DAT_00477010
00477012	Label	DAT_00477012
00477016	Label	DAT_00477016
00477060	Label	DAT_00477060
00477064	Label	DAT_00477064
00477068	Label	DAT_00477068
0047706e	Label	DAT_0047706e
00477078	Label	DAT_00477078
0047707a	Label	DAT_0047707a
0047707c	Label	DAT_0047707c
0047707e	Label	DAT_0047707e
004770aa	Label	DAT_004770aa
004770bc	Label	DAT_004770bc
004770be	Label	DAT_004770be
004770c0	Label	DAT_004770c0
004770c2	Label	DAT_004770c2
004770ec	Label	DAT_004770ec
004770fc	Label	DAT_004770fc
004770fe	Label	DAT_004770fe
00477118	Label	DAT_00477118
0047712c	Label	DAT_0047712c
0047712e	Label	DAT_0047712e
00477142	Label	DAT_00477142
00477170	Label	DAT_00477170
00477172	Label	DAT_00477172
00477186	Label	DAT_00477186
00477188	Label	DAT_00477188
0047719c	Label	DAT_0047719c
0047719e	Label	DAT_0047719e
004771b2	Label	DAT_004771b2
004771b4	Label	DAT_004771b4
004771de	Label	DAT_004771de
004772fc	Label	DAT_004772fc
00477300	Label	DAT_00477300
00477302	Label	DAT_00477300+2
00477304	Label	DAT_00477304
00477312	Label	DAT_00477312
004773ac	Label	DAT_004773ac
004773ee	Label	DAT_004773ee
00477404	Label	DAT_00477404
00477446	Label	DAT_00477446
0047745c	Label	DAT_0047745c
0047757a	Label	DAT_0047757a
00477590	Label	DAT_00477590
004777b6	Label	DAT_004777b6
00477de6	Label	DAT_00477de6
00477de8	Label	DAT_00477de8
00477e12	Label	DAT_00477e12
00477e14	Label	DAT_00477e14
00477ed8	Label	DAT_00477ed8
00477eda	Label	DAT_00477eda
00477f1a	Label	DAT_00477f1a
00477f1c	Label	DAT_00477f1c
00477f72	Label	DAT_00477f72
00477f74	Label	DAT_00477f74
00477f9e	Label	DAT_00477f9e
00477fa0	Label	DAT_00477fa0
00478022	Label	DAT_00478022
00478024	Label	DAT_00478024
0047804e	Label	DAT_0047804e
00478050	Label	DAT_00478050
0047807a	Label	DAT_0047807a
0047807c	Label	DAT_0047807c
004780d2	Label	DAT_004780d2
004780d4	Label	DAT_004780d4
00478114	Label	DAT_00478114
00478116	Label	DAT_00478116
00478140	Label	DAT_00478140
00478142	Label	DAT_00478142
00478156	Label	DAT_00478156
00478158	Label	DAT_00478158
004781ae	Label	DAT_004781ae
004781b0	Label	DAT_004781b0
004781da	Label	DAT_004781da
004781dc	Label	DAT_004781dc
00478248	Label	DAT_00478248
0047824a	Label	DAT_0047824a
0047930a	Label	DAT_0047930a
004799a8	Label	DAT_004799a8
004799aa	Label	DAT_004799aa
004799be	Label	DAT_004799be
004799c0	Label	DAT_004799c0
004799d4	Label	DAT_004799d4
004799d6	Label	DAT_004799d6
004799ea	Label	DAT_004799ea
004799ec	Label	DAT_004799ec
00479a00	Label	DAT_00479a00
00479a02	Label	DAT_00479a02
00479a16	Label	DAT_00479a16
00479a18	Label	DAT_00479a18
00479a2c	Label	DAT_00479a2c
00479a2e	Label	DAT_00479a2e
00479a42	Label	DAT_00479a42
00479a44	Label	DAT_00479a44
00479a58	Label	DAT_00479a58
00479a5a	Label	DAT_00479a5a
00479a6e	Label	DAT_00479a6e
00479a70	Label	DAT_00479a70
00479a84	Label	DAT_00479a84
00479a86	Label	DAT_00479a86
00479a9a	Label	DAT_00479a9a
00479a9c	Label	DAT_00479a9c
00479ab0	Label	DAT_00479ab0
00479ab2	Label	DAT_00479ab2
00479ac6	Label	DAT_00479ac6
00479ac8	Label	DAT_00479ac8
00479adc	Label	DAT_00479adc
00479ade	Label	DAT_00479ade
00479af2	Label	DAT_00479af2
00479af4	Label	DAT_00479af4
00479b04	Label	DAT_00479b04
00479b06	Label	DAT_00479b06
00479b08	Label	DAT_00479b08
00479b0a	Label	DAT_00479b0a
00479b1e	Label	DAT_00479b1e
00479b20	Label	DAT_00479b20
00479b30	Label	DAT_00479b30
00479b32	Label	DAT_00479b32
00479b34	Label	DAT_00479b34
00479b4a	Label	DAT_00479b4a
00479b4c	Label	DAT_00479b4c
00479b60	Label	DAT_00479b60
00479b62	Label	DAT_00479b62
00479b76	Label	DAT_00479b76
00479b8c	Label	DAT_00479b8c
00479b8e	Label	DAT_00479b8e
00479ba2	Label	DAT_00479ba2
00479ba4	Label	DAT_00479ba4
00479bb8	Label	DAT_00479bb8
00479bba	Label	DAT_00479bba
00479bce	Label	DAT_00479bce
00479bd0	Label	DAT_00479bd0
00479be4	Label	DAT_00479be4
00479be6	Label	DAT_00479be6
00479bfa	Label	DAT_00479bfa
00479bfc	Label	DAT_00479bfc
00479c10	Label	DAT_00479c10
00479c12	Label	DAT_00479c12
00479c16	Label	DAT_00479c16
00479c18	Label	DAT_00479c18
00479c26	Label	DAT_00479c26
00479c28	Label	DAT_00479c28
00479c3c	Label	DAT_00479c3c
00479c3e	Label	DAT_00479c3e
00479c52	Label	DAT_00479c52
00479c54	Label	DAT_00479c54
00479c68	Label	DAT_00479c68
00479c6a	Label	DAT_00479c6a
00479c7e	Label	DAT_00479c7e
00479c80	Label	DAT_00479c80
00479c94	Label	DAT_00479c94
00479c96	Label	DAT_00479c96
00479d6c	Label	DAT_00479d6c
00479d74	Label	DAT_00479d74
00479d88	Label	DAT_00479d88
00479d89	Label	DAT_00479d89
00479d94	Label	DAT_00479d94
00479d9c	Label	DAT_00479d9c
00479da8	Label	DAT_00479da8
00479dac	Label	DAT_00479dac
00479db0	Label	DAT_00479db0
00479db4	Label	DAT_00479db4
00479db9	Label	DAT_00479db9
00479dba	Label	DAT_00479dba
00479dbc	Label	DAT_00479dbc
00479dd0	Label	DAT_00479dd0
00479dd4	Label	DAT_00479dd4
00479dd8	Label	DAT_00479dd8
00479ddc	Label	DAT_00479ddc
00479de0	Label	DAT_00479de0
00479de4	Label	DAT_00479de4
00479de8	Label	DAT_00479de8
00479df0	Label	DAT_00479df0
00479df4	Label	DAT_00479df4
00479df8	Label	DAT_00479df8
00479dfc	Label	DAT_00479dfc
00479e00	Label	DAT_00479e00
00479e04	Label	DAT_00479e04
00479e08	Label	DAT_00479e08
00479e14	Label	DAT_00479e14
00479e18	Label	DAT_00479e18
00479e1c	Label	DAT_00479e1c
00479e20	Label	DAT_00479e20
00479e24	Label	DAT_00479e24
00479e25	Label	DAT_00479e25
00479e26	Label	DAT_00479e26
00479e27	Label	DAT_00479e27
00479e39	Label	DAT_00479e39
00479e3c	Label	DAT_00479e3c
00479e44	Label	DAT_00479e44
00479e48	Label	DAT_00479e48
00479e4c	Label	DAT_00479e4c
00479e50	Label	DAT_00479e50
00479e54	Label	DAT_00479e54
00479e60	Label	DAT_00479e60
00479e74	Label	DAT_00479e74
00479e78	Label	DAT_00479e78
00479e7a	Label	DAT_00479e7a
00479e8a	Label	DAT_00479e8a
00479e8c	Label	DAT_00479e8a+2
00479e8e	Label	DAT_00479e8e
00479e90	Label	DAT_00479e90
00479e92	Label	DAT_00479e92
00479e93	Label	DAT_00479e93
00479e9a	Label	DAT_00479e9a
00479f70	Label	s_EEVILENDEBKGRD1_00479f70
0047a270	Label	DAT_0047a270
0047a279	Label	DAT_0047a279
0047a27c	Label	DAT_0047a279+3
0047a298	Label	DAT_0047a298
0047a29c	Label	DAT_0047a29c
0047a2a4	Label	DAT_0047a2a4
0047a2a8	Label	DAT_0047a2a8
0047a2ac	Label	DAT_0047a2ac
0047a2b0	Label	DAT_0047a2b0
0047a2b4	Label	DAT_0047a2b4
0047a2b8	Label	DAT_0047a2b8
0047a2bc	Label	DAT_0047a2bc
0047a2e4	Label	DAT_0047a2e4
0047a2e8	Label	DAT_0047a2e8
0047a2ec	Label	DAT_0047a2ec
0047a314	Label	DAT_0047a314
0047a318	Label	DAT_0047a318
0047a31c	Label	DAT_0047a31c
0047a348	Label	DAT_0047a348
0047a34a	Label	DAT_0047a34a
0047a34c	Label	DAT_0047a34c
0047a35c	Label	DAT_0047a35c
0047a366	Label	DAT_0047a366
0047a368	Label	DAT_0047a368
0047a37c	Label	DAT_0047a37c
0047a37e	Label	DAT_0047a37c+2
0047a390	Label	DAT_0047a390
0047a394	Label	DAT_0047a394
0047a398	Label	DAT_0047a398
0047a3ac	Label	DAT_0047a3ac
0047a3b4	Label	DAT_0047a3b4
0047a3b8	Label	DAT_0047a3b8
0047a3be	Label	DAT_0047a3be
0047a3c4	Label	DAT_0047a3c4
0047a3e0	Label	DAT_0047a3e0
0047a408	Label	DAT_0047a408
0047a40c	Label	DAT_0047a40c
0047a410	Label	DAT_0047a410
0047a414	Label	DAT_0047a414
0047a428	Label	DAT_0047a428
0047a42c	Label	DAT_0047a42c
0047a434	Label	DAT_0047a434
0047a438	Label	DAT_0047a438
0047a43c	Label	DAT_0047a43c
0047a440	Label	DAT_0047a440
0047a448	Label	DAT_0047a448
0047a44c	Label	DAT_0047a44c
0047a450	Label	DAT_0047a450
0047a458	Label	DAT_0047a458
0047a45e	Label	DAT_0047a45e
0047a460	Label	DAT_0047a45e+2
0047a470	Label	DAT_0047a470
0047a478	Label	DAT_0047a478
0047a47c	Label	DAT_0047a47c
0047a480	Label	DAT_0047a480
0047a484	Label	DAT_0047a484
0047a488	Label	DAT_0047a488
0047a490	Label	DAT_0047a490
0047a494	Label	DAT_0047a494
0047a498	Label	DAT_0047a498
0047a49c	Label	DAT_0047a49c
0047a4a0	Label	DAT_0047a4a0
0047a4a4	Label	DAT_0047a4a4
0047a4bd	Label	DAT_0047a4bd
0047a4db	Label	DAT_0047a4db
0047a4dc	Label	DAT_0047a4dc
0047a4e0	Label	DAT_0047a4e0
0047a4e1	Label	DAT_0047a4e0+1
0047a4e4	Label	DAT_0047a4e4
0047a4f8	Label	DAT_0047a4f8
0047a518	Label	DAT_0047a518
0047a51c	Label	DAT_0047a51c
0047a520	Label	DAT_0047a520
0047a534	Label	DAT_0047a534
0047a538	Label	DAT_0047a538
0047a53c	Label	DAT_0047a53c
0047a588	Label	DAT_0047a588
0047a5a4	Label	DAT_0047a5a4
0047a5b0	Label	DAT_0047a5b0
0047a5c0	Label	DAT_0047a5c0
0047a5c4	Label	DAT_0047a5c4
0047a5c8	Label	DAT_0047a5c8
0047a614	Label	DAT_0047a614
0047a61c	Label	DAT_0047a61c
0047a630	Label	DAT_0047a630
0047a636	Label	DAT_0047a636
0047a64c	Label	DAT_0047a64c
0047a654	Label	DAT_0047a654
0047a668	Label	DAT_0047a668
0047a66a	Label	DAT_0047a66a
0047a66c	Label	DAT_0047a66c
0047a66e	Label	DAT_0047a66e
0047a670	Label	DAT_0047a670
0047a674	Label	DAT_0047a674
0047a676	Label	DAT_0047a674+2
0047a678	Label	DAT_0047a678
0047a67a	Label	DAT_0047a67a
0047a67c	Label	DAT_0047a67c
0047a67e	Label	DAT_0047a67e
0047a680	Label	DAT_0047a67e+2
0047a682	Label	DAT_0047a682
0047a684	Label	DAT_0047a684
0047a68c	Label	DAT_0047a68c
0047a6a0	Label	DAT_0047a6a0
0047a6f4	Label	DAT_0047a6f4
0047a6fc	Label	DAT_0047a6fc
0047a710	Label	DAT_0047a710
0047a714	Label	DAT_0047a714
0047a724	Label	DAT_0047a724
0047a728	Label	DAT_0047a728
0047a72c	Label	DAT_0047a72c
0047a730	Label	DAT_0047a730
0047a738	Label	DAT_0047a738
0047a740	Label	DAT_0047a740
0047a760	Label	DAT_0047a760
0047a76c	Label	DAT_0047a76c
0047a778	Label	DAT_0047a778
0047a77c	Label	DAT_0047a77c
0047a786	Label	DAT_0047a786
0047a788	Label	DAT_0047a788
0047a7e0	Label	DAT_0047a7e0
0047a7ec	Label	DAT_0047a7ec
0047aa24	Label	DAT_0047aa24
0047aa28	Label	DAT_0047aa28
0047aa2c	Label	DAT_0047aa2c
0047aa38	Label	DAT_0047aa38
0047aa86	Label	DAT_0047aa86
0047aa88	Label	DAT_0047aa86+2
0047aaae	Label	DAT_0047aaae
0047aab0	Label	DAT_0047aaae+2
0047aad8	Label	DAT_0047aad8
0047aada	Label	DAT_0047aada
0047ab00	Label	DAT_0047ab00
0047ab04	Label	DAT_0047ab04
0047ab08	Label	DAT_0047ab08
0047ab0c	Label	DAT_0047ab0c
0047ab10	Label	DAT_0047ab10
0047ab14	Label	DAT_0047ab14
0047ab18	Label	DAT_0047ab18
0047ab1c	Label	DAT_0047ab1c
0047ab20	Label	DAT_0047ab20
0047ab24	Label	DAT_0047ab24
0047ab28	Label	DAT_0047ab28
0047ab2c	Label	DAT_0047ab2c
0047ab30	Label	DAT_0047ab30
0047ab34	Label	DAT_0047ab34
0047ab38	Label	DAT_0047ab38
0047ab3c	Label	DAT_0047ab3c
0047ab40	Label	DAT_0047ab40
0047ab44	Label	DAT_0047ab44
0047ab71	Label	s_lbar1_0047ab71
0047ab9e	Label	s_magic1_0047ab9e
0047aba7	Label	s_magic1b_0047aba7
0047abd4	Label	s_magic2_0047abd4
0047ac0a	Label	s_magic3_0047ac0a
0047ac40	Label	s_lmagic1_0047ac40
0047ac76	Label	s_lmagic2_0047ac76
0047acac	Label	s_lmagic3_0047acac
0047b7f0	Label	DAT_0047b7f0
0047b7f4	Label	DAT_0047b7f4
0047b7f8	Label	DAT_0047b7f8
0047d0bc	Label	DAT_0047d0bc
0047d0c4	Label	DAT_0047d0c4
0047d0c8	Label	DAT_0047d0c8
0047d0cc	Label	DAT_0047d0cc
0047d0d0	Label	DAT_0047d0d0
0047d0d4	Label	DAT_0047d0d4
0047d134	Label	s_Ecstatica_II_0047d134
0047d141	Label	s_Ecstatica_II_0047d141
0047d150	Label	DAT_0047d150
0047d154	Label	DAT_0047d154
0047d158	Label	DAT_0047d158
0047d159	Label	DAT_0047d159
0047d15d	Label	DAT_0047d15d
0047d15e	Label	DAT_0047d15e
0047d161	Label	s_Volume_0047d161
0047d162	Label	s_olume_0047d161+1
0047d168	Label	s_Looped_0047d168
0047d169	Label	s_ooped_0047d168+1
0047d16f	Label	DAT_0047d16f
0047d170	Label	DAT_0047d170
0047d174	Label	DAT_0047d174
0047d179	Label	s_Close_0047d179
0047d17f	Label	s_Play_%d_0047d17f
0047d187	Label	s_Write_%d_0047d187
0047d190	Label	s_Playing_0047d190
0047d191	Label	s_laying_0047d190+1
0047d198	Label	s_Stopped_0047d198
0047d1a0	Label	DAT_0047d1a0
0047d1a5	Label	DAT_0047d1a5
0047d1a9	Label	DAT_0047d1a9
0047d1b0	Label	PTR_s_8.000_kHz,_8-Bit,_Mono_0047d1b0
0047d1b4	Label	PTR_s_8.000_kHz,_8-Bit,_Stereo_0047d1b4
0047d1f0	Label	DAT_0047d1f0
0047d1f4	Label	DAT_0047d1f4
0047d1f8	Label	DAT_0047d1f8
0047d260	Label	DAT_0047d260
0047d264	Label	DAT_0047d264
0047d268	Label	DAT_0047d268
0047d26c	Label	PTR_FUN_0047d26c
0047d270	Label	PTR_FUN_0047d270
0047d274	Label	PTR_FUN_0047d274
0047d2b0	Label	DAT_0047d2b0
0047d304	Label	DAT_0047d304
0047d30c	Label	PTR_s_Error_0_0047d30c
0047d34c	Label	DAT_0047d34c
0047d350	Label	DAT_0047d350
0047d354	Label	DAT_0047d354
0047d358	Label	DAT_0047d358
0047d35c	Label	DAT_0047d35c
0047d360	Label	DAT_0047d360
0047d37c	Label	DAT_0047d37c
0047d380	Label	DAT_0047d380
0047d388	Label	DAT_0047d388
0047d390	Label	DAT_0047d390
0047d394	Label	DAT_0047d394
0047d398	Label	DAT_0047d398
0047d39c	Label	PTR_FUN_0047d39c
0047d3a0	Label	PTR_FUN_0047d3a0
0047d3a4	Label	PTR_FUN_0047d3a4
0047d3a8	Label	PTR_thunk_FUN_004603d1_0047d3a8
0047d3ac	Label	PTR_thunk_FUN_004604e6_0047d3ac
0047d3b0	Label	PTR_FUN_0047d3b0
0047d3b4	Label	PTR_FUN_0047d3b4
0047d3b8	Label	PTR_FUN_0047d3b8
0047d3bc	Label	PTR_FUN_0047d3bc
0047d3c0	Label	PTR_FUN_0047d3c0
0047d3c4	Label	PTR_FUN_0047d3c4
0047d3c8	Label	PTR_FUN_0047d3c8
0047d3cc	Label	PTR_FUN_0047d3cc
0047d3d0	Label	PTR_FUN_0047d3d0
0047d3d4	Label	PTR_FUN_0047d3d4
0047d3d8	Label	PTR_FUN_0047d3d8
0047d3dc	Label	PTR_FUN_0047d3dc
0047d3e0	Label	DAT_0047d3e0
0047d3e4	Label	DAT_0047d3e4
0047d3e5	Label	DAT_0047d3e4+1
0047d3f8	Label	DAT_0047d3f8
0047d3fc	Label	DAT_0047d3fc
0047d408	Label	DAT_0047d408
0047d416	Label	DAT_0047d416
0047d604	Label	DAT_0047d604
0047d605	Label	DAT_0047d605
0047d610	Label	DAT_0047d610
0047d614	Label	DAT_0047d614
0047d615	Label	DAT_0047d615
0047d664	Label	PTR_DAT_0047d664
0047d668	Label	s_Stack_Overflow!_0047d668
0047d67c	Label	DAT_0047d67c
0047d688	Label	DAT_0047d688
0047d68c	Label	DAT_0047d68c
0047d694	Label	DAT_0047d694
0047d698	Label	DAT_0047d698
0047d69c	Label	DAT_0047d69c
0047d6a0	Label	DAT_0047d6a0
0047d6a4	Label	DAT_0047d6a4
0047d6a8	Label	DAT_0047d6a8
0047d6ac	Label	DAT_0047d6ac
0047d6b0	Label	DAT_0047d6b0
0047d6b8	Label	DAT_0047d6b8
0047d6bc	Label	DAT_0047d6bc
0047d6c0	Label	DAT_0047d6c0
0047d6c4	Label	DAT_0047d6c4
0047d6c8	Label	DAT_0047d6c8
0047d6cc	Label	DAT_0047d6cc
0047d6d0	Label	DAT_0047d6d0
0047d6d1	Label	DAT_0047d6d1
0047d6ef	Label	DAT_0047d6ef
0047d6f0	Label	DAT_0047d6f0
0047d712	Label	PTR_DAT_0047d712
0047d716	Label	DAT_0047d716
0047d71c	Label	DAT_0047d71c
0047d728	Label	DAT_0047d728
0047d72c	Label	DAT_0047d72c
0047d730	Label	DAT_0047d730
0047d734	Label	DAT_0047d734
0047d744	Label	DAT_0047d744
0047d748	Label	DAT_0047d748
0047d74c	Label	DAT_0047d74c
0047d75d	Label	DAT_0047d75d
0047d763	Label	DAT_0047d763
0047d764	Label	DAT_0047d764
0047d765	Label	DAT_0047d765
0047d76c	Label	DAT_0047d76c
0047d770	Label	DAT_0047d770
0047d774	Label	DAT_0047d774
0047d778	Label	DAT_0047d778
0047d77c	Label	DAT_0047d77c
0047d7e0	Label	PTR_LAB_0047d7e0
0047d7e4	Label	PTR_LAB_0047d7e4
0047d7e8	Label	PTR_LAB_0047d7e8
0047d7ec	Label	PTR_FUN_0047d7ec
0047d7f0	Label	PTR_FUN_0047d7f0
0047d7f4	Label	DAT_0047d7f4
0047d7f8	Label	DAT_0047d7f8
0047d808	Label	DAT_0047d808
0047d810	Label	DAT_0047d810
0047d878	Label	PTR_FUN_0047d878
0047d87c	Label	PTR_FUN_0047d87c
0047d880	Label	PTR_thunk_FUN_00466957_0047d880
0047d884	Label	DAT_0047d884
0047d885	Label	DAT_0047d885
0047d886	Label	PTR_FUN_0047d886
0047d88a	Label	DAT_0047d88a
0047d88b	Label	DAT_0047d88b
0047d8b4	Label	DAT_0047d8b4
0047d8b5	Label	DAT_0047d8b5
0047d8b6	Label	PTR_FUN_0047d8b6
0047d8ba	Label	DAT_0047d8ba
0047d8bb	Label	DAT_0047d8bb
0047d8c6	Label	DAT_0047d8c6
0047d8c8	Label	DAT_0047d8c8
0047d8d8	Label	PTR_LAB_0047d8d8
0047d8f8	Label	DAT_0047d8f8
0047d902	Label	DAT_0047d902
0047d90c	Label	DAT_0047d90c
0047d910	Label	DAT_0047d910
0047d914	Label	DAT_0047d914
0047d91e	Label	DAT_0047d91e
0047d928	Label	DAT_0047d928
0047d932	Label	DAT_0047d932
0047d93c	Label	DAT_0047d93c
0047d946	Label	DAT_0047d946
0047d950	Label	DAT_0047d950
0047da60	Label	DAT_0047da60
0047da70	Label	DAT_0047da70
0047da74	Label	DAT_0047da74
0047da78	Label	DAT_0047da78
0047da7c	Label	PTR_LAB_0047da7c
00480000	Label	DAT_00480000
00480010	Label	DAT_00480010
00480011	Label	DAT_00480011
00480012	Label	DAT_00480012
00480090	Label	DAT_00480090
00480092	Label	DAT_00480092
00480094	Label	DAT_00480094
00480138	Label	DAT_00480138
0048013a	Label	DAT_0048013a
0048013c	Label	DAT_0048013c
004ad090	Label	DAT_004ad090
004c3890	Label	DAT_004c3890
004c3891	Label	DAT_004c3891
004c3990	Label	DAT_004c3990
004c3991	Label	DAT_004c3991
004c39a7	Label	DAT_004c39a7
004c39ac	Label	DAT_004c39ac
004c39af	Label	DAT_004c39af
004c3a16	Label	DAT_004c3a16
004c3a90	Label	DAT_004c3a90
004c3a91	Label	DAT_004c3a91
004c3ac8	Label	DAT_004c3ac8
004c3ad5	Label	DAT_004c3ad5
004c3ad8	Label	DAT_004c3ad5+3
004c3ada	Label	DAT_004c3ada
004c3add	Label	DAT_004c3add
004c3b90	Label	DAT_004c3b90
004c3b91	Label	DAT_004c3b91
004c3bba	Label	DAT_004c3bba
004c3c90	Label	DAT_004c3c90
004c3d8c	Label	DAT_004c3d8c
004c3d90	Label	DAT_004c3d90
00507490	Label	DAT_00507490
00507491	Label	DAT_00507491
00507590	Label	DAT_00507590
0050b510	Label	DAT_0050b510
0050b58f	Label	DAT_0050b58f
00547590	Label	DAT_00547590
0054b58f	Label	DAT_0054b58f
0054b590	Label	DAT_0054b590
0054b5d0	Label	DAT_0054b5d0
0060adfc	Label	DAT_0060adfc
0060ae00	Label	DAT_0060ae00
0060ae04	Label	DAT_0060ae04
0060ae08	Label	DAT_0060ae08
0060ae10	Label	DAT_0060ae10
0060ae14	Label	DAT_0060ae14
0060ae18	Label	DAT_0060ae18
0060ae1c	Label	DAT_0060ae1c
0060ae20	Label	DAT_0060ae20
0060ae24	Label	DAT_0060ae24
0060ae28	Label	DAT_0060ae28
0060ae2c	Label	DAT_0060ae2c
0060ae30	Label	DAT_0060ae30
0060ae34	Label	DAT_0060ae34
0060ae38	Label	DAT_0060ae38
0060ae3c	Label	DAT_0060ae3c
0060ae40	Label	DAT_0060ae40
0060ae44	Label	DAT_0060ae44
0060ae48	Label	DAT_0060ae48
0060ae4c	Label	DAT_0060ae4c
0060ae50	Label	DAT_0060ae50
0060ae5c	Label	DAT_0060ae5c
0060ae60	Label	DAT_0060ae60
0060ae64	Label	DAT_0060ae64
0060ae68	Label	DAT_0060ae68
0060ae70	Label	DAT_0060ae70
0060ae74	Label	DAT_0060ae74
0060ae78	Label	DAT_0060ae78
0060ae7c	Label	DAT_0060ae7c
0060ae80	Label	DAT_0060ae80
0060ae84	Label	DAT_0060ae84
0060ae88	Label	DAT_0060ae88
0060ae8c	Label	DAT_0060ae8c
0060ae90	Label	DAT_0060ae90
0060ae94	Label	DAT_0060ae94
0060ae98	Label	DAT_0060ae98
0060ae9c	Label	DAT_0060ae9c
0060aea8	Label	DAT_0060aea8
0060aeb4	Label	DAT_0060aeb4
0060aeb8	Label	DAT_0060aeb8
0060aebc	Label	DAT_0060aebc
0060aec0	Label	DAT_0060aec0
0060aec4	Label	DAT_0060aec4
0060aec8	Label	DAT_0060aec8
0060aedc	Label	DAT_0060aedc
0060aee0	Label	DAT_0060aee0
0060aef4	Label	DAT_0060aef4
0060aef8	Label	DAT_0060aef8
0060aefc	Label	DAT_0060aefc
0060af00	Label	DAT_0060af00
0060af04	Label	DAT_0060af04
0060af08	Label	DAT_0060af08
0060af0c	Label	DAT_0060af0c
0060af14	Label	DAT_0060af14
0060af18	Label	DAT_0060af18
0060af1c	Label	DAT_0060af1c
0060b388	Label	DAT_0060b388
0060b38a	Label	DAT_0060b38a
0060ccb8	Label	DAT_0060ccb8
0060ccb9	Label	DAT_0060ccb9
0060ccba	Label	DAT_0060ccba
0060ccbb	Label	DAT_0060ccbb
0060ccd2	Label	DAT_0060ccd2
0060ccd3	Label	DAT_0060ccd3
0061ac28	Label	DAT_0061ac28
0061c730	Label	DAT_0061c730
0061c731	Label	DAT_0061c731
0061c748	Label	DAT_0061c748
0061c749	Label	DAT_0061c749
0061c74b	Label	DAT_0061c74b
0061c74c	Label	DAT_0061c74c
0061c760	Label	DAT_0061c760
0061c761	Label	DAT_0061c761
0061cd30	Label	DAT_0061cd30
0061cd31	Label	DAT_0061cd31
0061f06d	Label	DAT_0061f06d
0061f070	Label	DAT_0061f070
00621330	Label	DAT_00621330
00621348	Label	DAT_00621348
00621349	Label	DAT_00621349
006297e0	Label	DAT_006297e0
006297e4	Label	DAT_006297e4
006297e8	Label	DAT_006297e8
006297ec	Label	DAT_006297ec
006297f0	Label	DAT_006297f0
006297f4	Label	DAT_006297f4
006297f8	Label	DAT_006297f8
006297fc	Label	DAT_006297fc
00629800	Label	DAT_00629800
0062ba20	Label	DAT_0062ba20
0062ba24	Label	DAT_0062ba24
0062ba2c	Label	DAT_0062ba2c
0062ba30	Label	DAT_0062ba30
00630b60	Label	DAT_00630b60
00630b70	Label	DAT_00630b70
00630b74	Label	DAT_00630b74
00630c60	Label	DAT_00630c60
00635980	Label	DAT_00635980
00636150	Label	DAT_00636150
00636154	Label	DAT_00636154
00636158	Label	DAT_00636158
0063615c	Label	DAT_0063615c
00636160	Label	DAT_00636160
00636164	Label	DAT_00636164
00636568	Label	DAT_00636568
0063656c	Label	DAT_0063656c
00636570	Label	DAT_00636570
00636574	Label	DAT_00636574
00636578	Label	DAT_00636578
0063657c	Label	DAT_0063657c
00636588	Label	DAT_00636588
0063658c	Label	DAT_0063658c
00636598	Label	DAT_00636598
0063659c	Label	DAT_0063659c
006365a4	Label	DAT_006365a4
006365a8	Label	DAT_006365a8
006365b4	Label	DAT_006365b4
006365c4	Label	DAT_006365c4
006365c8	Label	DAT_006365c8
006365cc	Label	DAT_006365cc
006365d0	Label	DAT_006365d0
006365d4	Label	DAT_006365d4
006365dc	Label	DAT_006365dc
006365e0	Label	DAT_006365e0
006365e4	Label	DAT_006365e4
006365e8	Label	DAT_006365e8
006365ec	Label	DAT_006365ec
006365f0	Label	DAT_006365f0
006365f4	Label	DAT_006365f4
006365f8	Label	DAT_006365f8
006365fc	Label	DAT_006365fc
00636624	Label	DAT_00636624
00636626	Label	DAT_00636626
00636628	Label	DAT_00636628
0063662a	Label	DAT_0063662a
0063662c	Label	DAT_0063662c
0063662e	Label	DAT_0063662e
00636630	Label	DAT_00636630
00636632	Label	DAT_00636632
00636634	Label	DAT_00636634
00636636	Label	DAT_00636636
00636638	Label	DAT_00636638
0063663a	Label	DAT_0063663a
0063663c	Label	DAT_0063663c
0063663e	Label	DAT_0063663e
00636640	Label	DAT_00636640
00636642	Label	DAT_00636642
00636644	Label	DAT_00636644
00636646	Label	DAT_00636646
00636648	Label	DAT_00636648
0063664a	Label	DAT_0063664a
0063664c	Label	DAT_0063664c
0063664e	Label	DAT_0063664e
00636650	Label	DAT_00636650
00636652	Label	DAT_00636652
00636654	Label	DAT_00636654
00636656	Label	DAT_00636656
00636658	Label	DAT_00636658
0063665a	Label	DAT_0063665a
0063665c	Label	DAT_0063665c
0063665e	Label	DAT_0063665e
00636668	Label	DAT_00636668
0063666c	Label	DAT_0063666c
00636670	Label	DAT_00636670
00636674	Label	DAT_00636674
00636678	Label	DAT_00636678
0063667c	Label	DAT_0063667c
00636680	Label	DAT_00636680
00636684	Label	DAT_00636684
0063668c	Label	DAT_0063668c
00636690	Label	DAT_00636690
00636694	Label	DAT_00636694
00636698	Label	DAT_00636698
0063669c	Label	DAT_0063669c
006366a0	Label	DAT_006366a0
006366a4	Label	DAT_006366a4
006366a9	Label	DAT_006366a9
006366ab	Label	DAT_006366ab
006366ac	Label	DAT_006366ac
006366ae	Label	DAT_006366ae
006366b4	Label	DAT_006366b4
006366b8	Label	DAT_006366b8
006366bc	Label	DAT_006366bc
006366c0	Label	DAT_006366c0
006366dc	Label	DAT_006366dc
006366dd	Label	DAT_006366dd
006366de	Label	DAT_006366de
006366e0	Label	DAT_006366e0
006366e2	Label	DAT_006366e2
006366ec	Label	DAT_006366ec
006366f4	Label	DAT_006366f4
00636700	Label	DAT_00636700
00636702	Label	DAT_00636702
00636704	Label	DAT_00636704
00636706	Label	DAT_00636706
00636708	Label	DAT_00636708
0063670a	Label	DAT_0063670a
0063670c	Label	DAT_0063670c
0063670e	Label	DAT_0063670e
00636710	Label	DAT_00636710
00636712	Label	DAT_00636712
00636714	Label	DAT_00636714
00636716	Label	DAT_00636716
00636718	Label	DAT_00636718
0063671a	Label	DAT_0063671a
0063671c	Label	DAT_0063671c
0063671e	Label	DAT_0063671e
00636720	Label	DAT_00636720
00636722	Label	DAT_00636722
00636724	Label	DAT_00636724
00636726	Label	DAT_00636726
00636728	Label	DAT_00636728
0063672a	Label	DAT_0063672a
0063672c	Label	DAT_0063672c
0063672e	Label	DAT_0063672e
00636730	Label	DAT_00636730
00636732	Label	DAT_00636732
00636734	Label	DAT_00636734
00636736	Label	DAT_00636736
00636738	Label	DAT_00636738
0063673a	Label	DAT_0063673a
0063673c	Label	DAT_0063673c
0063673e	Label	DAT_0063673e
00636740	Label	DAT_00636740
00636742	Label	DAT_00636742
00636744	Label	DAT_00636744
00636746	Label	DAT_00636746
00636748	Label	DAT_00636748
0063674e	Label	DAT_0063674e
00636750	Label	DAT_00636750
00636752	Label	DAT_00636752
00636754	Label	DAT_00636754
00636756	Label	DAT_00636756
00636758	Label	DAT_00636758
0063675a	Label	DAT_0063675a
0063675c	Label	DAT_0063675c
0063675e	Label	DAT_0063675e
00636760	Label	DAT_00636760
00636762	Label	DAT_00636762
00636764	Label	DAT_00636764
00636766	Label	DAT_00636766
0063676a	Label	DAT_0063676a
0063676c	Label	DAT_0063676c
0063676e	Label	DAT_0063676e
00636770	Label	DAT_00636770
00636772	Label	DAT_00636772
00636774	Label	DAT_00636774
00636776	Label	DAT_00636776
00636778	Label	DAT_00636778
0063677a	Label	DAT_0063677a
0063677c	Label	DAT_0063677c
0063677e	Label	DAT_0063677e
00636780	Label	DAT_00636780
00636782	Label	DAT_00636782
00636784	Label	DAT_00636784
00636786	Label	DAT_00636786
00636788	Label	DAT_00636788
0063678a	Label	DAT_0063678a
0063678c	Label	DAT_0063678c
0063678e	Label	DAT_0063678e
00636790	Label	DAT_00636790
00636792	Label	DAT_00636792
00636794	Label	DAT_00636794
00636796	Label	DAT_00636796
00636798	Label	DAT_00636798
0063679a	Label	DAT_0063679a
0063679c	Label	DAT_0063679c
0063679e	Label	DAT_0063679e
006367a0	Label	DAT_006367a0
006367a2	Label	DAT_006367a2
006367a4	Label	DAT_006367a4
006367a6	Label	DAT_006367a6
006367a8	Label	DAT_006367a8
006367aa	Label	DAT_006367aa
006367ac	Label	DAT_006367ac
006367ae	Label	DAT_006367ae
006367b0	Label	DAT_006367b0
006367b2	Label	DAT_006367b2
006367b4	Label	DAT_006367b4
006367b6	Label	DAT_006367b6
006367b8	Label	DAT_006367b8
006367ba	Label	DAT_006367ba
006367bc	Label	DAT_006367bc
006367be	Label	DAT_006367be
006367c0	Label	DAT_006367c0
006367c2	Label	DAT_006367c2
006367c4	Label	DAT_006367c4
006367c6	Label	DAT_006367c6
006367c8	Label	DAT_006367c8
006367ca	Label	DAT_006367ca
006367cc	Label	DAT_006367cc
006367ce	Label	DAT_006367ce
006367d0	Label	DAT_006367d0
006367d2	Label	DAT_006367d2
006367d4	Label	DAT_006367d4
006367d6	Label	DAT_006367d6
006367d8	Label	DAT_006367d8
006367da	Label	DAT_006367da
006367dc	Label	DAT_006367dc
006367de	Label	DAT_006367de
006367e0	Label	DAT_006367e0
006367e2	Label	DAT_006367e2
006367e4	Label	DAT_006367e4
006367e6	Label	DAT_006367e6
006367ec	Label	DAT_006367ec
006367ee	Label	DAT_006367ee
006367f0	Label	DAT_006367f0
006367f2	Label	DAT_006367f2
006367f4	Label	DAT_006367f4
006367f6	Label	DAT_006367f6
006367f8	Label	DAT_006367f8
006367fa	Label	DAT_006367fa
006367fc	Label	DAT_006367fc
006367fe	Label	DAT_006367fe
00636800	Label	DAT_00636800
00636802	Label	DAT_00636802
00636804	Label	DAT_00636804
00636808	Label	DAT_00636808
0063680a	Label	DAT_0063680a
0063680c	Label	DAT_0063680c
0063680e	Label	DAT_0063680e
00636810	Label	DAT_00636810
00636812	Label	DAT_00636812
00636814	Label	DAT_00636814
00636816	Label	DAT_00636816
00636818	Label	DAT_00636818
0063681a	Label	DAT_0063681a
0063681c	Label	DAT_0063681c
0063681e	Label	DAT_0063681e
00636820	Label	DAT_00636820
00636822	Label	DAT_00636822
00636824	Label	DAT_00636824
00636826	Label	DAT_00636826
00636828	Label	DAT_00636828
0063682a	Label	DAT_0063682a
0063682c	Label	DAT_0063682c
0063682e	Label	DAT_0063682e
00636830	Label	DAT_00636830
00636832	Label	DAT_00636832
00636834	Label	DAT_00636834
00636836	Label	DAT_00636836
00636838	Label	DAT_00636838
0063683a	Label	DAT_0063683a
0063683c	Label	DAT_0063683c
0063683e	Label	DAT_0063683e
00636844	Label	DAT_00636844
00636845	Label	DAT_00636845
00636846	Label	DAT_00636846
00636847	Label	DAT_00636847
00636848	Label	DAT_00636848
00636849	Label	DAT_00636849
0063684a	Label	DAT_0063684a
0063684b	Label	DAT_0063684b
0063684c	Label	DAT_0063684c
0063684d	Label	DAT_0063684d
0063684e	Label	DAT_0063684e
0063684f	Label	DAT_0063684f
00636850	Label	DAT_00636850
00636851	Label	DAT_00636851
00636852	Label	DAT_00636852
00636853	Label	DAT_00636853
00636854	Label	DAT_00636854
00636855	Label	DAT_00636855
00636856	Label	DAT_00636856
00636857	Label	DAT_00636857
00636858	Label	DAT_00636858
00636859	Label	DAT_00636859
0063685a	Label	DAT_0063685a
0063685b	Label	DAT_0063685b
0063685c	Label	DAT_0063685c
00636860	Label	DAT_00636860
00636864	Label	DAT_00636864
00636874	Label	DAT_00636874
00636888	Label	DAT_00636888
006368d8	Label	DAT_006368d8
006368dc	Label	DAT_006368dc
00637240	Label	DAT_00637240
00637244	Label	DAT_00637244
00637248	Label	DAT_00637248
0063724c	Label	DAT_0063724c
00637250	Label	DAT_00637250
00637254	Label	DAT_00637254
00637258	Label	DAT_00637258
0063725c	Label	DAT_0063725c
00637260	Label	DAT_00637260
00637264	Label	DAT_00637264
00637268	Label	DAT_00637268
0063726c	Label	DAT_0063726c
00637270	Label	DAT_00637270
00637286	Label	DAT_00637286
0063728a	Label	DAT_0063728a
006372aa	Label	DAT_006372aa
006372ae	Label	DAT_006372ae
006372bc	Label	DAT_006372bc
006372be	Label	DAT_006372be
006372c0	Label	DAT_006372c0
006372c2	Label	DAT_006372c2
006372c4	Label	DAT_006372c4
006372c6	Label	DAT_006372c6
006372c8	Label	DAT_006372c8
006372ca	Label	DAT_006372ca
006372cc	Label	DAT_006372cc
006372ce	Label	DAT_006372ce
006372d0	Label	DAT_006372d0
006372d2	Label	DAT_006372d2
006372d4	Label	DAT_006372d4
006372d6	Label	DAT_006372d6
006372d8	Label	DAT_006372d8
006372da	Label	DAT_006372da
006372dc	Label	DAT_006372dc
006372de	Label	DAT_006372de
006372e0	Label	DAT_006372e0
006372e2	Label	DAT_006372e2
006372e4	Label	DAT_006372e4
006372e6	Label	DAT_006372e6
006372e8	Label	DAT_006372e8
006372ea	Label	DAT_006372ea
00637374	Label	DAT_00637374
00637378	Label	DAT_00637378
0063737c	Label	DAT_0063737c
00640114	Label	DAT_00640114
00640118	Label	DAT_00640118
00640120	Label	DAT_00640120
00640124	Label	DAT_00640124
0064012c	Label	DAT_0064012c
00640144	Label	DAT_00640144
00640148	Label	DAT_00640148
0064014c	Label	DAT_0064014c
00640150	Label	DAT_00640150
00640154	Label	DAT_00640154
00640158	Label	DAT_00640158
0064015c	Label	DAT_0064015c
00640160	Label	DAT_00640160
00640164	Label	DAT_00640164
00640168	Label	DAT_00640168
0064016c	Label	DAT_0064016c
00640170	Label	DAT_00640170
00640174	Label	DAT_00640174
00640178	Label	DAT_00640178
0064017c	Label	DAT_0064017c
00640180	Label	DAT_00640180
00640184	Label	DAT_00640184
00640188	Label	DAT_00640188
0064018c	Label	DAT_0064018c
00640190	Label	DAT_00640190
00640194	Label	DAT_00640194
00640198	Label	DAT_00640198
0064019c	Label	DAT_0064019c
006401a0	Label	DAT_006401a0
006401a4	Label	DAT_006401a4
006401a8	Label	DAT_006401a8
006401ac	Label	DAT_006401ac
006401b0	Label	DAT_006401b0
006401b4	Label	DAT_006401b4
006401b8	Label	DAT_006401b8
006401bc	Label	DAT_006401bc
006401c0	Label	DAT_006401c0
006401c4	Label	DAT_006401c4
006401c8	Label	DAT_006401c8
006401cc	Label	DAT_006401cc
006401d0	Label	DAT_006401d0
006401d4	Label	DAT_006401d4
006401d8	Label	DAT_006401d8
006401dc	Label	DAT_006401dc
006401e0	Label	DAT_006401e0
006401e4	Label	DAT_006401e4
006401e8	Label	DAT_006401e8
006401ec	Label	DAT_006401ec
006401f0	Label	DAT_006401f0
006401f4	Label	DAT_006401f4
006401f8	Label	DAT_006401f8
006401fc	Label	DAT_006401fc
00640204	Label	DAT_00640204
00640208	Label	DAT_00640208
0064020c	Label	DAT_0064020c
00642fc2	Label	DAT_00642fc2
006430ee	Label	DAT_006430ee
006432ec	Label	DAT_006432ec
0064330a	Label	DAT_0064330a
00643428	Label	DAT_00643428
0064342c	Label	DAT_0064342c
00643430	Label	DAT_00643430
00643434	Label	DAT_00643434
00643435	Label	DAT_00643435
0064344e	Label	DAT_0064344e
0064344f	Label	DAT_0064344f
00643450	Label	DAT_00643450
00643538	Label	DAT_00643538
0064353c	Label	DAT_0064353c
00643540	Label	DAT_00643540
00643541	Label	DAT_00643541
0064355a	Label	DAT_0064355a
0064355b	Label	DAT_0064355b
0064355c	Label	DAT_0064355c
0064355d	Label	DAT_0064355d
00643644	Label	DAT_00643644
00643650	Label	DAT_00643650
00643660	Label	DAT_00643660
00643690	Label	DAT_00643690
00643698	Label	DAT_00643698
006436e8	Label	DAT_006436e8
006436f0	Label	DAT_006436f0
00643768	Label	DAT_00643768
00643868	Label	DAT_00643868
0064386a	Label	DAT_0064386a
00643880	Label	DAT_00643880
0064389a	Label	DAT_0064389a
006438a0	Label	DAT_006438a0
006438c0	Label	DAT_006438c0
00643940	Label	DAT_00643940
00643960	Label	DAT_00643960
0064396a	Label	DAT_0064396a
006439a0	Label	DAT_006439a0
006439a8	Label	DAT_006439a8
006439aa	Label	DAT_006439aa
00643a00	Label	DAT_00643a00
00643a08	Label	DAT_00643a08
00643a0a	Label	DAT_00643a0a
00643a20	Label	DAT_00643a20
00643a2a	Label	DAT_00643a2a
00643a48	Label	DAT_00643a48
00643a5e	Label	DAT_00643a5e
00643a66	Label	DAT_00643a66
00643a7c	Label	DAT_00643a7c
00643a84	Label	DAT_00643a84
00643a9a	Label	DAT_00643a9a
00643ab8	Label	DAT_00643ab8
00643ae0	Label	DAT_00643ae0
00643ae1	Label	DAT_00643ae1
00643b20	Label	DAT_00643b20
00643b21	Label	DAT_00643b21
00643ba2	Label	DAT_00643ba2
00643cb6	Label	DAT_00643cb6
00643d76	Label	DAT_00643d76
00643e14	Label	DAT_00643e14
00643e15	Label	DAT_00643e15
00643e56	Label	DAT_00643e56
006443ce	Label	DAT_006443ce
006443d0	Label	DAT_006443d0
006443d2	Label	DAT_006443d2
006443d4	Label	DAT_006443d4
006443d6	Label	DAT_006443d6
006443d8	Label	DAT_006443d8
006443da	Label	DAT_006443da
006443de	Label	DAT_006443de
006443fc	Label	DAT_006443fc
0064452e	Label	DAT_0064452e
0064a178	Label	DAT_0064a178
0064a1f8	Label	DAT_0064a1f8
0064c888	Label	DAT_0064c888
0064ec78	Label	DAT_0064ec78
006536b0	Label	DAT_006536b0
00658986	Label	DAT_00658986
006625c0	Label	DAT_006625c0
0066970e	Label	DAT_0066970e
00670c42	Label	DAT_00670c42
00670c44	Label	DAT_00670c44
00670c48	Label	DAT_00670c48
0067101a	Label	DAT_0067101a
006746d0	Label	DAT_006746d0
00675670	Label	DAT_00675670
00676610	Label	DAT_00676610
006769f8	Label	DAT_006769f8
00677998	Label	DAT_00677998
0067a0a8	Label	DAT_0067a0a8
0067a490	Label	DAT_0067a490
0067b818	Label	DAT_0067b818
0067b81c	Label	DAT_0067b81c
0067b820	Label	DAT_0067b820
0067b824	Label	DAT_0067b824
0067b82c	Label	DAT_0067b82c
0067b830	Label	DAT_0067b830
0067b838	Label	DAT_0067b838
0067b83c	Label	DAT_0067b83c
0067bc92	Label	DAT_0067bc92
0067bc94	Label	DAT_0067bc94
0067bc98	Label	DAT_0067bc98
0067bc99	Label	DAT_0067bc99
0067bc9c	Label	DAT_0067bc9c
0067bc9e	Label	DAT_0067bc9e
0067bcc4	Label	DAT_0067bcc4
0067bcd4	Label	DAT_0067bcd4
0067bcdc	Label	DAT_0067bcdc
0067bcde	Label	DAT_0067bcde
0067bce0	Label	DAT_0067bce0
0067bce2	Label	DAT_0067bce2
0067bce4	Label	DAT_0067bce4
0067bce6	Label	DAT_0067bce6
0067bce8	Label	DAT_0067bce8
0067bcea	Label	DAT_0067bcea
0067c100	Label	DAT_0067c100
0067c104	Label	DAT_0067c104
0067c108	Label	DAT_0067c108
0067c10c	Label	DAT_0067c10c
0067c110	Label	DAT_0067c110
0067c114	Label	DAT_0067c114
0067c118	Label	DAT_0067c118
0067c11c	Label	DAT_0067c11c
0067c120	Label	DAT_0067c120
0067c124	Label	DAT_0067c124
0067c128	Label	DAT_0067c128
0067c12c	Label	DAT_0067c12c
0067c134	Label	DAT_0067c134
0067c138	Label	DAT_0067c138
0067c13c	Label	DAT_0067c13c
0067c140	Label	DAT_0067c140
0067c144	Label	DAT_0067c144
0067c148	Label	DAT_0067c148
0067c14c	Label	DAT_0067c14c
0067c150	Label	DAT_0067c150
0067c154	Label	DAT_0067c154
0067c158	Label	DAT_0067c158
0067c15c	Label	DAT_0067c15c
0067c160	Label	DAT_0067c160
0067c164	Label	DAT_0067c164
0067c168	Label	DAT_0067c168
0067c16c	Label	DAT_0067c16c
0067c170	Label	DAT_0067c170
0067c174	Label	DAT_0067c174
0067c178	Label	DAT_0067c178
0067c17c	Label	DAT_0067c17c
0067c180	Label	DAT_0067c180
0067c184	Label	DAT_0067c184
0067c188	Label	DAT_0067c188
0067c18c	Label	DAT_0067c18c
0067c190	Label	DAT_0067c190
0067c194	Label	DAT_0067c194
0067c198	Label	DAT_0067c198
0067c19c	Label	DAT_0067c19c
0067c1a0	Label	DAT_0067c1a0
0067c1a4	Label	DAT_0067c1a4
0067c1a8	Label	DAT_0067c1a8
0067c1ac	Label	DAT_0067c1ac
0067c2b0	Label	DAT_0067c2b0
0067c2b4	Label	DAT_0067c2b4
0067c2b8	Label	DAT_0067c2b8
0067c2bc	Label	DAT_0067c2bc
0067c2c0	Label	DAT_0067c2c0
0067c2c4	Label	DAT_0067c2c4
0067c2c8	Label	DAT_0067c2c8
0067c2cc	Label	DAT_0067c2cc
0067c2d0	Label	DAT_0067c2d0
0067c2d4	Label	DAT_0067c2d4
0067c2d8	Label	DAT_0067c2d8
0067c2dc	Label	DAT_0067c2dc
0067c2e0	Label	DAT_0067c2e0
0067c2e4	Label	DAT_0067c2e4
0067c2e8	Label	DAT_0067c2e8
0067c2ec	Label	DAT_0067c2ec
0067c2f0	Label	DAT_0067c2f0
0067c2f4	Label	DAT_0067c2f4
0067c2f8	Label	DAT_0067c2f8
0067c2fc	Label	DAT_0067c2fc
0067c300	Label	DAT_0067c300
0067c304	Label	DAT_0067c304
0067c308	Label	DAT_0067c308
0067c30c	Label	DAT_0067c30c
0067c310	Label	DAT_0067c310
0067c314	Label	DAT_0067c314
0067c318	Label	DAT_0067c318
0067c31c	Label	DAT_0067c31c
0067c320	Label	DAT_0067c320
0067c324	Label	DAT_0067c324
0067c728	Label	DAT_0067c728
0067c72a	Label	DAT_0067c72a
0067c72c	Label	DAT_0067c72c
0067c72e	Label	DAT_0067c72e
0067c730	Label	DAT_0067c730
0067c732	Label	DAT_0067c732
0067c734	Label	DAT_0067c734
00684a80	Label	DAT_00684a80
00684a81	Label	DAT_00684a81
00684be8	Label	DAT_00684be8
00684be9	Label	DAT_00684be9
00684bea	Label	DAT_00684bea
00684d68	Label	DAT_00684d68
00684d6a	Label	DAT_00684d6a
0068cd68	Label	DAT_0068cd68
0068cd69	Label	DAT_0068cd69
0068cd6a	Label	DAT_0068cd6a
0068cd6c	Label	DAT_0068cd6c
0068cd6d	Label	DAT_0068cd6d
0068cd6e	Label	DAT_0068cd6e
0068cd6f	Label	DAT_0068cd6f
0068cd70	Label	DAT_0068cd70
0068cd72	Label	DAT_0068cd72
0068cd74	Label	DAT_0068cd74
0068cd75	Label	DAT_0068cd75
0068cd79	Label	DAT_0068cd79
0068cd7a	Label	DAT_0068cd7a
0068cd7b	Label	DAT_0068cd7b
0068cd7c	Label	DAT_0068cd7c
0068cd7e	Label	DAT_0068cd7e
0073cc30	Label	DAT_0073cc30
0073cc3c	Label	DAT_0073cc3c
0073cc4c	Label	DAT_0073cc4c
0073cc4d	Label	DAT_0073cc4d
0073ccb6	Label	DAT_0073ccb6
0073ccb8	Label	DAT_0073ccb8
0073ccba	Label	DAT_0073ccba
0073ccc2	Label	DAT_0073ccc2
0073fb9e	Label	DAT_0073fb9e
0073fbac	Label	DAT_0073fbac
007c872a	Label	DAT_007c872a
007c8739	Label	DAT_007c8739
00838bfe	Label	DAT_00838bfe
00838c28	Label	DAT_00838c28
0084b34e	Label	DAT_0084b34e
0084b392	Label	DAT_0084b392
0086917a	Label	DAT_0086917a
0086918e	Label	DAT_0086918e
009373dc	Label	DAT_009373dc
009373e6	Label	DAT_009373e6
009377e0	Label	DAT_009377e0
009377fd	Label	DAT_009377fd
0093bd66	Label	DAT_0093bd66
0093bf16	Label	DAT_0093bf16
00950d40	Label	DAT_00950d40
00950e9e	Label	DAT_00950e9e
00aa6a00	Label	DAT_00aa6a00
00aa6a04	Label	DAT_00aa6a04
00aa6a4e	Label	DAT_00aa6a4e
00aa6a4f	Label	DAT_00aa6a4f
00aa6bda	Label	DAT_00aa6bda
00ab9fc4	Label	DAT_00ab9fc4
00ab9fc5	Label	DAT_00ab9fc5
00ab9fdc	Label	DAT_00ab9fdc
00ab9fdd	Label	DAT_00ab9fdd
00aba2b0	Label	DAT_00aba2b0
00aba2b4	Label	DAT_00aba2b4
00aba392	Label	DAT_00aba392
00aba43a	Label	DAT_00aba43a
00ac2648	Label	DAT_00ac2648
00ac265e	Label	DAT_00ac265e
00ac48f0	Label	DAT_00ac48f0
00ac4940	Label	DAT_00ac4940
00ac4944	Label	DAT_00ac4944
00ac49b4	Label	DAT_00ac49b4
00ac49b6	Label	DAT_00ac49b6
00ac49b8	Label	DAT_00ac49b8
00ac49ba	Label	DAT_00ac49ba
00ac4a54	Label	DAT_00ac4a54
00ac4a58	Label	DAT_00ac4a58
00ac4a60	Label	DAT_00ac4a60
00ac4a64	Label	DAT_00ac4a64
00ac4a68	Label	DAT_00ac4a68
00ac4a6c	Label	DAT_00ac4a6c
00ac4a70	Label	DAT_00ac4a70
00ac4ad0	Label	DAT_00ac4ad0
00ac4ad4	Label	DAT_00ac4ad4
00ac4ae4	Label	DAT_00ac4ae4
00ac4ae8	Label	DAT_00ac4ae8
00ac4af0	Label	DAT_00ac4af0
00ac4b94	Label	DAT_00ac4b94
00ac4b96	Label	DAT_00ac4b96
00ac4b98	Label	DAT_00ac4b98
00ac4bc6	Label	DAT_00ac4bc6
00ac4bc8	Label	DAT_00ac4bc8
00ac4bca	Label	DAT_00ac4bca
00ac4bfc	Label	DAT_00ac4bfc
00ac4c2e	Label	DAT_00ac4c2e
00ac4cad	Label	DAT_00ac4cad
00ac4d90	Label	DAT_00ac4d90
00ac4da8	Label	DAT_00ac4da8
00ac4dac	Label	DAT_00ac4dac
00ac4db0	Label	DAT_00ac4db0
00ac4dd8	Label	DAT_00ac4dd8
00ac4e20	Label	DAT_00ac4e20
00ac4e28	Label	DAT_00ac4e28
00ac4e48	Label	DAT_00ac4e48
00ac4e4c	Label	DAT_00ac4e4c
00ac4eb8	Label	DAT_00ac4eb8
00ac4fc4	Label	DAT_00ac4fc4
00ac4fd8	Label	DAT_00ac4fd8
00ac51dc	Label	DAT_00ac51dc
00ac51e8	Label	DAT_00ac51e8
00ac51ec	Label	DAT_00ac51ec
00ac51f0	Label	DAT_00ac51f0
00ac51f4	Label	DAT_00ac51f4
00ac51f8	Label	DAT_00ac51f8
00ac51fc	Label	DAT_00ac51fc
00ac5200	Label	DAT_00ac5200
00ac5204	Label	DAT_00ac5204
00ac5208	Label	DAT_00ac5208
00ac520c	Label	DAT_00ac520c
00ac5210	Label	DAT_00ac5210
00ac5211	Label	DAT_00ac5211
00ac5214	Label	DAT_00ac5214
00ac5218	Label	DAT_00ac5218
00ac5230	Label	DAT_00ac5230
00ac5234	Label	DAT_00ac5234
00ac5380	Label	DAT_00ac5380
00ad0000	Label	DWORD_00ad0000
00ad00fc	Label	PTR_GetStockObject_00ad00fc
00ad0100	Label	PTR_GetTextExtentPoint32A_00ad0100
00ad014c	Label	PTR_GetModuleHandleA_00ad014c
00ad0150	Label	PTR_GetProcAddress_00ad0150
00ad0158	Label	PTR_GetVersion_00ad0158
00ad015c	Label	PTR_GetWindowsDirectoryA_00ad015c
00ad0160	Label	PTR_GlobalAlloc_00ad0160
00ad0164	Label	PTR_GlobalFree_00ad0164
00ad0168	Label	PTR_GlobalHandle_00ad0168
00ad016c	Label	PTR_GlobalLock_00ad016c
00ad0170	Label	PTR_GlobalUnlock_00ad0170
00ad0174	Label	PTR_LocalAlloc_00ad0174
00ad017c	Label	PTR_VirtualProtect_00ad017c
00ad0180	Label	PTR_WriteProfileStringA_00ad0180
00ad0184	Label	PTR_lstrcatA_00ad0184
00ad0188	Label	PTR_lstrcpyA_00ad0188
00ad0224	Label	PTR_BeginPaint_00ad0224
00ad0228	Label	PTR_CheckMenuItem_00ad0228
00ad022c	Label	PTR_CreateWindowExA_00ad022c
00ad0230	Label	PTR_DefWindowProcA_00ad0230
00ad0234	Label	PTR_DestroyWindow_00ad0234
00ad0238	Label	PTR_DialogBoxParamA_00ad0238
00ad023c	Label	PTR_DispatchMessageA_00ad023c
00ad0240	Label	PTR_EndDialog_00ad0240
00ad0244	Label	PTR_EndPaint_00ad0244
00ad0248	Label	PTR_GetCursorPos_00ad0248
00ad024c	Label	PTR_GetDC_00ad024c
00ad0250	Label	PTR_GetDlgItem_00ad0250
00ad0254	Label	PTR_GetMenu_00ad0254
00ad0258	Label	PTR_GetMessageA_00ad0258
00ad025c	Label	PTR_GetSystemMetrics_00ad025c
00ad0260	Label	PTR_KillTimer_00ad0260
00ad0264	Label	PTR_LoadCursorA_00ad0264
00ad0268	Label	PTR_LoadIconA_00ad0268
00ad026c	Label	PTR_MapVirtualKeyA_00ad026c
00ad0270	Label	PTR_MessageBoxA_00ad0270
00ad0274	Label	PTR_PeekMessageA_00ad0274
00ad0278	Label	PTR_PostMessageA_00ad0278
00ad027c	Label	PTR_PostQuitMessage_00ad027c
00ad0280	Label	PTR_RegisterClassA_00ad0280
00ad0284	Label	PTR_ReleaseDC_00ad0284
00ad0288	Label	PTR_SendMessageA_00ad0288
00ad028c	Label	PTR_SetCursor_00ad028c
00ad0290	Label	PTR_SetFocus_00ad0290
00ad0294	Label	PTR_SetTimer_00ad0294
00ad0298	Label	PTR_SetWindowTextA_00ad0298
00ad029c	Label	PTR_ShowCursor_00ad029c
00ad02a0	Label	PTR_ShowWindow_00ad02a0
00ad02a4	Label	PTR_TranslateMessage_00ad02a4
00ad02a8	Label	PTR_UnregisterClassA_00ad02a8
00ad02ac	Label	PTR_UpdateWindow_00ad02ac
00ad02b0	Label	PTR_WaitMessage_00ad02b0
00ad02c8	Label	PTR_wsprintfA_00ad02c8
00ad03b0	Label	PTR_CloseHandle_00ad03b0
00ad03b4	Label	PTR_CreateDirectoryA_00ad03b4
00ad03b8	Label	PTR_CreateEventA_00ad03b8
00ad03bc	Label	PTR_CreateFileA_00ad03bc
00ad03c0	Label	PTR_CreateMutexA_00ad03c0
00ad03c4	Label	PTR_CreateThread_00ad03c4
00ad03c8	Label	PTR_DeleteFileA_00ad03c8
00ad03d0	Label	PTR_ExitProcess_00ad03d0
00ad03d4	Label	PTR_ExitThread_00ad03d4
00ad03d8	Label	PTR_FileTimeToDosDateTime_00ad03d8
00ad03dc	Label	PTR_FileTimeToLocalFileTime_00ad03dc
00ad03e0	Label	PTR_FindClose_00ad03e0
00ad03e4	Label	PTR_FindFirstFileA_00ad03e4
00ad03e8	Label	PTR_FindNextFileA_00ad03e8
00ad03ec	Label	PTR_GetCommandLineA_00ad03ec
00ad03f0	Label	PTR_GetConsoleMode_00ad03f0
00ad03f4	Label	PTR_GetCurrentDirectoryA_00ad03f4
00ad03f8	Label	PTR_GetCurrentProcessId_00ad03f8
00ad03fc	Label	PTR_GetCurrentThreadId_00ad03fc
00ad0400	Label	PTR_GetCurrentThread_00ad0400
00ad0404	Label	PTR_GetDiskFreeSpaceA_00ad0404
00ad0408	Label	PTR_GetEnvironmentStrings_00ad0408
00ad040c	Label	PTR_GetFileType_00ad040c
00ad0410	Label	PTR_GetFullPathNameA_00ad0410
00ad0414	Label	PTR_GetLastError_00ad0414
00ad0418	Label	PTR_GetLocalTime_00ad0418
00ad041c	Label	PTR_GetModuleFileNameA_00ad041c
00ad0420	Label	PTR_GetModuleHandleA_00ad0420
00ad0428	Label	PTR_GetStdHandle_00ad0428
00ad042c	Label	PTR_GetTickCount_00ad042c
00ad0430	Label	PTR_GetTimeZoneInformation_00ad0430
00ad0434	Label	PTR_GetVersion_00ad0434
00ad043c	Label	PTR_LocalAlloc_00ad043c
00ad0444	Label	PTR_LocalFree_00ad0444
00ad044c	Label	PTR_ReadConsoleInputA_00ad044c
00ad0450	Label	PTR_ReadFile_00ad0450
00ad0454	Label	PTR_ReleaseMutex_00ad0454
00ad0458	Label	PTR_RemoveDirectoryA_00ad0458
00ad045c	Label	PTR_SetConsoleMode_00ad045c
00ad0460	Label	PTR_SetCurrentDirectoryA_00ad0460
00ad0464	Label	PTR_SetEvent_00ad0464
00ad0468	Label	PTR_SetFilePointer_00ad0468
00ad0470	Label	PTR_TlsAlloc_00ad0470
00ad0474	Label	PTR_TlsFree_00ad0474
00ad0478	Label	PTR_TlsGetValue_00ad0478
00ad047c	Label	PTR_TlsSetValue_00ad047c
00ad0480	Label	PTR_WaitForSingleObject_00ad0480
00ad0484	Label	PTR_WriteConsoleA_00ad0484
00ad0488	Label	PTR_WriteFile_00ad0488
00ad0498	Label	PTR_GetOpenFileNameA_00ad0498
00ad04ac	Label	PTR_DirectSoundCreate_00ad04ac
00ad04c0	Label	PTR_acmMetrics_00ad04c0
00ad04dc	Label	PTR_SIMD_InitDriver_00ad04dc
00ad04e0	Label	PTR_SIMD_PlayTune_00ad04e0
00ad04e4	Label	PTR_SIMD_RemoveDriver_00ad04e4
00ad04e8	Label	PTR_SIMD_StopTune_00ad04e8
00ad04f8	Label	PTR_DirectDrawCreate_00ad04f8
00ad053c	Label	PTR_midiOutGetDevCapsA_00ad053c
00ad0540	Label	PTR_midiOutGetNumDevs_00ad0540
00ad0544	Label	PTR_mmioAdvance_00ad0544
00ad0548	Label	PTR_mmioAscend_00ad0548
00ad054c	Label	PTR_mmioClose_00ad054c
00ad0554	Label	PTR_mmioDescend_00ad0554
00ad0558	Label	PTR_mmioGetInfo_00ad0558
00ad055c	Label	PTR_mmioOpenA_00ad055c
00ad0560	Label	PTR_mmioRead_00ad0560
00ad0564	Label	PTR_mmioSeek_00ad0564
00ad0568	Label	PTR_mmioSetInfo_00ad0568
00ad0570	Label	PTR_timeGetTime_00ad0570
00ae0000	Label	IMAGE_RESOURCE_DIRECTORY_00ae0000
00ae0268	Label	Rsrc_Icon_2_0
00ae06d0	Label	Rsrc_Icon_3_0
00ae1058	Label	Rsrc_Icon_4_0
00ae2100	Label	Rsrc_Icon_5_0
00ae46a8	Label	Rsrc_Icon_6_0
00ae88d0	Label	Rsrc_Icon_7_0
00aedd58	Label	Rsrc_Icon_8_0
00af7200	Label	Rsrc_Icon_9_0
00b07a28	Label	Rsrc_Icon_a_0
00b49a50	Label	Rsrc_GroupIcon_2_0
00b49ad4	Label	Rsrc_Version_1_0
00b50000	Label	IMAGE_BASE_RELOCATION_00b50000
012eb116	Label	SUB_012eb116
5af34e72	Label	DAT_5af34e72
