#include "E2Recomp_recon.h"
#include <string.h>

extern void E2R_InstallCrashHandler(void);

void E2R_InitData(void)
{
  static int initialized;
  E2R_InstallCrashHandler();
  if (initialized) return;
  initialized = 1;
  { static const unsigned char v[] = {0x41,0x43,0x4d,0x20,0x4d,0x65,0x74,0x72,0x69,0x63,0x73,0x20,0x66,0x61,0x69,0x6c,0x65,0x64,0x2c,0x20,0x61,0x62,0x6f,0x72,0x74,0x69,0x6e,0x67,0x00}; memcpy(s_ACM_Metrics_failed__aborting_004766f0, v, sizeof(v)); }
  { static const unsigned char v[] = {0x41,0x43,0x54,0x49,0x4f,0x4e,0x56,0x00}; memcpy(s_ACTIONV_00471f34, v, sizeof(v)); }
  { static const unsigned char v[] = {0x41,0x43,0x54,0x49,0x4f,0x4e,0x00}; memcpy(s_ACTION_00471f14, v, sizeof(v)); }
  { static const unsigned char v[] = {0x41,0x54,0x54,0x41,0x43,0x4b,0x3a,0x20,0x20,0x20,0x20,0x20,0x00}; memcpy(s_ATTACK__0047224c, v, sizeof(v)); }
  { static const unsigned char v[] = {0x41,0x63,0x74,0x69,0x6f,0x6e,0x3a,0x20,0x25,0x73,0x00}; memcpy(s_Action___s_00472464, v, sizeof(v)); }
  { static const unsigned char v[] = {0x41,0x63,0x74,0x69,0x6f,0x6e,0x20,0x27,0x25,0x73,0x27,0x20,0x65,0x78,0x69,0x73,0x74,0x73,0x2c,0x20,0x6f,0x76,0x65,0x72,0x77,0x72,0x69,0x74,0x65,0x3f,0x00}; memcpy(s_Action___s__exists__overwrite__004741c8, v, sizeof(v)); }
  { static const unsigned char v[] = {0x41,0x63,0x74,0x6f,0x72,0x3a,0x20,0x25,0x73,0x00}; memcpy(s_Actor___s_004721b0, v, sizeof(v)); }
  { static const unsigned char v[] = {0x41,0x63,0x74,0x6f,0x72,0x20,0x27,0x25,0x73,0x27,0x00}; memcpy(s_Actor___s__00475748, v, sizeof(v)); }
  { static const unsigned char v[] = {0x41,0x63,0x74,0x6f,0x72,0x20,0x27,0x25,0x73,0x27,0x20,0x65,0x78,0x69,0x73,0x74,0x73,0x2c,0x20,0x6f,0x76,0x65,0x72,0x77,0x72,0x69,0x74,0x65,0x3f,0x00}; memcpy(s_Actor___s__exists__overwrite__00474194, v, sizeof(v)); }
  { static const unsigned char v[] = {0x41,0x6c,0x6c,0x65,0x73,0x20,0x20,0x20,0x20,0x20,0x20,0x20,0x20,0x20,0x31,0x38,0x30,0x20,0x4d,0x65,0x67,0x00}; memcpy(s_Alles_180_Meg_004728bc, v, sizeof(v)); }
  { static const unsigned char v[] = {0x41,0x6d,0x61,0x7a,0x6f,0x6e,0x20,0x20,0x20,0x00}; memcpy(s_Amazon_00474be4, v, sizeof(v)); }
  { static const unsigned char v[] = {0x41,0x70,0x70,0x20,0x45,0x72,0x72,0x6f,0x72,0x00}; memcpy(s_App_Error_004766c4, v, sizeof(v)); }
  { static const unsigned char v[] = {0x42,0x55,0x54,0x54,0x4f,0x4e,0x00}; memcpy(s_BUTTON_0047688c, v, sizeof(v)); }
  { static const unsigned char v[] = {0x42,0x61,0x63,0x6b,0x67,0x72,0x6f,0x75,0x6e,0x64,0x73,0x32,0x00}; memcpy(s_Backgrounds2_00470d70, v, sizeof(v)); }
  { static const unsigned char v[] = {0x42,0x61,0x63,0x6b,0x67,0x72,0x6f,0x75,0x6e,0x64,0x73,0x33,0x00}; memcpy(s_Backgrounds3_00470d80, v, sizeof(v)); }
  { static const unsigned char v[] = {0x42,0x61,0x63,0x6b,0x67,0x72,0x6f,0x75,0x6e,0x64,0x73,0x34,0x00}; memcpy(s_Backgrounds4_00470d90, v, sizeof(v)); }
  { static const unsigned char v[] = {0x42,0x61,0x63,0x6b,0x67,0x72,0x6f,0x75,0x6e,0x64,0x73,0x35,0x00}; memcpy(s_Backgrounds5_00470da0, v, sizeof(v)); }
  { static const unsigned char v[] = {0x42,0x61,0x63,0x6b,0x67,0x72,0x6f,0x75,0x6e,0x64,0x73,0x00}; memcpy(s_Backgrounds_00470d64, v, sizeof(v)); }
  { static const unsigned char v[] = {0x42,0x61,0x64,0x20,0x4e,0x69,0x74,0x65,0x20,0x00}; memcpy(s_Bad_Nite_00474c2c, v, sizeof(v)); }
  { static const unsigned char v[] = {0x42,0x61,0x64,0x20,0x77,0x61,0x76,0x65,0x20,0x66,0x69,0x6c,0x65,0x20,0x6f,0x72,0x20,0x66,0x69,0x6c,0x65,0x20,0x74,0x6f,0x6f,0x20,0x62,0x69,0x67,0x20,0x74,0x6f,0x20,0x66,0x69,0x74,0x20,0x69,0x6e,0x20,0x6d,0x65,0x6d,0x6f,0x72,0x79,0x00}; memcpy(s_Bad_wave_file_or_file_too_big_to_00476828, v, sizeof(v)); }
  { static const unsigned char v[] = {0x42,0x61,0x72,0x62,0x61,0x72,0x69,0x61,0x6e,0x00}; memcpy(s_Barbarian_00474d10, v, sizeof(v)); }
  { static const unsigned char v[] = {0x42,0x61,0x74,0x20,0x53,0x74,0x6f,0x6e,0x65,0x00}; memcpy(s_Bat_Stone_00474c5c, v, sizeof(v)); }
  { static const unsigned char v[] = {0x42,0x65,0x68,0x6f,0x6c,0x64,0x65,0x72,0x20,0x00}; memcpy(s_Beholder_00474d40, v, sizeof(v)); }
  { static const unsigned char v[] = {0x42,0x6c,0x6b,0x20,0x53,0x70,0x69,0x64,0x72,0x00}; memcpy(s_Blk_Spidr_00474d1c, v, sizeof(v)); }
  { static const unsigned char v[] = {0x42,0x6c,0x6f,0x62,0x20,0x20,0x20,0x20,0x20,0x00}; memcpy(s_Blob_00474d28, v, sizeof(v)); }
  { static const unsigned char v[] = {0x42,0x6c,0x6f,0x6f,0x64,0x53,0x70,0x75,0x00}; memcpy(s_BloodSpu_00470718, v, sizeof(v)); }
  { static const unsigned char v[] = {0x42,0x75,0x6c,0x6c,0x65,0x74,0x43,0x00}; memcpy(s_BulletC_00470710, v, sizeof(v)); }
  { static const unsigned char v[] = {0x43,0x48,0x41,0x53,0x45,0x3a,0x20,0x20,0x20,0x20,0x20,0x20,0x00}; memcpy(s_CHASE__004721ec, v, sizeof(v)); }
  { static const unsigned char v[] = {0x43,0x3a,0x5c,0x45,0x43,0x53,0x54,0x41,0x54,0x5f,0x32,0x00}; memcpy(s_C__ECSTAT_2_00472be4, v, sizeof(v)); }
  { static const unsigned char v[] = {0x43,0x61,0x6e,0x27,0x74,0x20,0x66,0x69,0x6e,0x64,0x20,0x25,0x73,0x20,0x66,0x6f,0x72,0x20,0x25,0x73,0x00}; memcpy(s_Can_t_find__s_for__s_00475d64, v, sizeof(v)); }
  { static const unsigned char v[] = {0x43,0x61,0x6e,0x27,0x74,0x20,0x66,0x69,0x6e,0x64,0x20,0x66,0x69,0x6c,0x65,0x3a,0x00}; memcpy(s_Can_t_find_file__004731ec, v, sizeof(v)); }
  { static const unsigned char v[] = {0x43,0x61,0x6e,0x27,0x74,0x20,0x66,0x69,0x6e,0x64,0x20,0x66,0x69,0x6c,0x65,0x73,0x20,0x69,0x6e,0x3a,0x00}; memcpy(s_Can_t_find_files_in__0047320c, v, sizeof(v)); }
  { static const unsigned char v[] = {0x43,0x61,0x6e,0x27,0x74,0x20,0x66,0x69,0x6e,0x64,0x20,0x6d,0x75,0x73,0x69,0x63,0x20,0x66,0x69,0x6c,0x65,0x20,0x25,0x73,0x00}; memcpy(s_Can_t_find_music_file__s_00471128, v, sizeof(v)); }
  { static const unsigned char v[] = {0x43,0x61,0x6e,0x27,0x74,0x20,0x6c,0x6f,0x61,0x64,0x20,0x74,0x69,0x74,0x6c,0x65,0x20,0x70,0x69,0x63,0x74,0x75,0x72,0x65,0x00}; memcpy(s_Can_t_load_title_picture_00471320, v, sizeof(v)); }
  { static const unsigned char v[] = {0x43,0x61,0x6e,0x27,0x74,0x20,0x6c,0x6f,0x61,0x64,0x20,0x67,0x72,0x61,0x70,0x68,0x69,0x63,0x20,0x27,0x25,0x73,0x27,0x00}; memcpy(s_Can_t_load_graphic___s__00475e8c, v, sizeof(v)); }
  { static const unsigned char v[] = {0x43,0x61,0x6e,0x27,0x74,0x20,0x6c,0x6f,0x61,0x64,0x20,0x74,0x65,0x6d,0x70,0x20,0x67,0x72,0x61,0x70,0x68,0x69,0x63,0x20,0x27,0x25,0x73,0x27,0x00}; memcpy(s_Can_t_load_temp_graphic___s__00475ec0, v, sizeof(v)); }
  { static const unsigned char v[] = {0x43,0x61,0x6e,0x27,0x74,0x20,0x6f,0x70,0x65,0x6e,0x20,0x6d,0x61,0x69,0x6e,0x20,0x66,0x69,0x6c,0x65,0x00}; memcpy(s_Can_t_open_main_file_00473048, v, sizeof(v)); }
  { static const unsigned char v[] = {0x43,0x61,0x6e,0x27,0x74,0x20,0x72,0x65,0x61,0x64,0x20,0x25,0x73,0x00}; memcpy(s_Can_t_read__s_004731cc, v, sizeof(v)); }
  { static const unsigned char v[] = {0x43,0x61,0x6e,0x27,0x74,0x20,0x77,0x72,0x69,0x74,0x65,0x20,0x25,0x73,0x00}; memcpy(s_Can_t_write__s_004731dc, v, sizeof(v)); }
  { static const unsigned char v[] = {0x43,0x61,0x6e,0x63,0x65,0x6c,0x00}; memcpy(s_Cancel_0047329c, v, sizeof(v)); }
  { static const unsigned char v[] = {0x43,0x61,0x6e,0x6e,0x6f,0x74,0x20,0x61,0x64,0x64,0x20,0x74,0x68,0x69,0x73,0x20,0x66,0x69,0x6c,0x65,0x00}; memcpy(s_Cannot_add_this_file_00476668, v, sizeof(v)); }
  { static const unsigned char v[] = {0x43,0x61,0x6e,0x6e,0x6f,0x74,0x20,0x61,0x6c,0x6c,0x6f,0x63,0x61,0x74,0x65,0x20,0x74,0x69,0x6d,0x65,0x72,0x2c,0x20,0x61,0x62,0x6f,0x72,0x74,0x69,0x6e,0x67,0x00}; memcpy(s_Cannot_allocate_timer__aborting_004766d0, v, sizeof(v)); }
  { static const unsigned char v[] = {0x43,0x61,0x6e,0x6e,0x6f,0x74,0x20,0x63,0x72,0x65,0x61,0x74,0x65,0x20,0x6e,0x65,0x77,0x20,0x62,0x75,0x66,0x66,0x65,0x72,0x00}; memcpy(s_Cannot_create_new_buffer_0047664c, v, sizeof(v)); }
  { static const unsigned char v[] = {0x43,0x61,0x6e,0x6e,0x6f,0x74,0x20,0x63,0x72,0x65,0x61,0x74,0x65,0x20,0x70,0x72,0x69,0x6d,0x61,0x72,0x79,0x20,0x62,0x75,0x66,0x66,0x65,0x72,0x00}; memcpy(s_Cannot_create_primary_buffer_004767bc, v, sizeof(v)); }
  { static const unsigned char v[] = {0x43,0x61,0x6e,0x6e,0x6f,0x74,0x20,0x6c,0x6f,0x61,0x64,0x20,0x77,0x61,0x76,0x65,0x00}; memcpy(s_Cannot_load_wave_00476680, v, sizeof(v)); }
  { static const unsigned char v[] = {0x43,0x61,0x6e,0x6e,0x6f,0x74,0x20,0x73,0x65,0x74,0x20,0x63,0x75,0x72,0x72,0x65,0x6e,0x74,0x20,0x70,0x6f,0x73,0x69,0x74,0x69,0x6f,0x6e,0x00}; memcpy(s_Cannot_set_current_position_004765a4, v, sizeof(v)); }
  { static const unsigned char v[] = {0x43,0x61,0x6e,0x6e,0x6f,0x74,0x20,0x73,0x65,0x74,0x20,0x66,0x6f,0x72,0x6d,0x61,0x74,0x20,0x62,0x75,0x66,0x66,0x65,0x72,0x00}; memcpy(s_Cannot_set_format_buffer_00476980, v, sizeof(v)); }
  { static const unsigned char v[] = {0x43,0x61,0x6e,0x6e,0x6f,0x74,0x20,0x73,0x74,0x61,0x72,0x74,0x20,0x70,0x6c,0x61,0x79,0x69,0x6e,0x67,0x00}; memcpy(s_Cannot_start_playing_0047693c, v, sizeof(v)); }
  { static const unsigned char v[] = {0x43,0x61,0x6e,0x6e,0x6f,0x74,0x20,0x73,0x74,0x6f,0x70,0x20,0x73,0x6f,0x75,0x6e,0x64,0x00}; memcpy(s_Cannot_stop_sound_00476954, v, sizeof(v)); }
  { static const unsigned char v[] = {0x43,0x68,0x61,0x6e,0x67,0x65,0x20,0x73,0x63,0x72,0x65,0x65,0x6e,0x20,0x6d,0x6f,0x64,0x65,0x20,0x46,0x61,0x69,0x6c,0x65,0x64,0x20,0x28,0x25,0x30,0x38,0x6c,0x78,0x29,0x0a,0x00}; memcpy(s_Change_screen_mode_Failed___08lx_00476364, v, sizeof(v)); }
  { static const unsigned char v[] = {0x43,0x68,0x65,0x63,0x6b,0x41,0x63,0x74,0x6f,0x72,0x20,0x00}; memcpy(s_CheckActor_004742e4, v, sizeof(v)); }
  { static const unsigned char v[] = {0x43,0x68,0x65,0x73,0x74,0x00}; memcpy(s_Chest_00470560, v, sizeof(v)); }
  { static const unsigned char v[] = {0x43,0x6c,0x6f,0x73,0x65,0x00}; memcpy(s_Close_0047d179, v, sizeof(v)); }
  { static const unsigned char v[] = {0x43,0x6f,0x64,0x65,0x3a,0x20,0x20,0x25,0x73,0x00}; memcpy(s_Code___s_004721bc, v, sizeof(v)); }
  { static const unsigned char v[] = {0x43,0x6f,0x64,0x65,0x3a,0x20,0x20,0x20,0x25,0x73,0x00}; memcpy(s_Code___s_00472470, v, sizeof(v)); }
  { static const unsigned char v[] = {0x43,0x6f,0x6d,0x70,0x6c,0x65,0x74,0x20,0x20,0x20,0x20,0x20,0x20,0x20,0x31,0x38,0x30,0x20,0x4d,0x65,0x67,0x00}; memcpy(s_Complet_180_Meg_00472914, v, sizeof(v)); }
  { static const unsigned char v[] = {0x43,0x6f,0x70,0x79,0x69,0x6e,0x67,0x20,0x66,0x69,0x6c,0x65,0x73,0x00}; memcpy(s_Copying_files_00472f38, v, sizeof(v)); }
  { static const unsigned char v[] = {0x43,0x72,0x69,0x74,0x69,0x63,0x61,0x6c,0x20,0x45,0x72,0x72,0x6f,0x72,0x00}; memcpy(s_Critical_Error_00476780, v, sizeof(v)); }
  { static const unsigned char v[] = {0x43,0x79,0x63,0x6c,0x6f,0x70,0x73,0x20,0x20,0x00}; memcpy(s_Cyclops_00474cec, v, sizeof(v)); }
  { static const unsigned char v[] = {0x44,0x45,0x41,0x44,0x3a,0x20,0x20,0x20,0x20,0x20,0x20,0x20,0x00}; memcpy(s_DEAD__0047228c, v, sizeof(v)); }
  { static const unsigned char v[] = {0x44,0x53,0x53,0x48,0x4f,0x57,0x00}; memcpy(s_DSSHOW_004767f0, v, sizeof(v)); }
  { static const unsigned char v[] = {0x44,0x59,0x49,0x4e,0x47,0x3a,0x20,0x20,0x20,0x20,0x20,0x20,0x00}; memcpy(s_DYING__0047222c, v, sizeof(v)); }
  { static const unsigned char v[] = {0x44,0x61,0x73,0x20,0x53,0x70,0x69,0x65,0x6c,0x20,0x69,0x73,0x74,0x20,0x62,0x65,0x72,0x65,0x69,0x74,0x73,0x20,0x69,0x6e,0x20,0x64,0x69,0x65,0x73,0x65,0x72,0x20,0x47,0x72,0x25,0x63,0x25,0x63,0x65,0x72,0x00}; memcpy(s_Das_Spiel_ist_bereits_in_dieser_G_00472de8, v, sizeof(v)); }
  { static const unsigned char v[] = {0x44,0x61,0x73,0x20,0x53,0x70,0x69,0x65,0x6c,0x20,0x69,0x73,0x74,0x20,0x62,0x65,0x72,0x65,0x69,0x74,0x73,0x20,0x76,0x6f,0x6c,0x6c,0x73,0x74,0x25,0x63,0x6e,0x64,0x69,0x67,0x20,0x69,0x6e,0x73,0x74,0x61,0x6c,0x6c,0x69,0x65,0x72,0x74,0x00}; memcpy(s_Das_Spiel_ist_bereits_vollst_cnd_004702cc, v, sizeof(v)); }
  { static const unsigned char v[] = {0x44,0x65,0x6c,0x65,0x74,0x69,0x6e,0x67,0x20,0x66,0x69,0x6c,0x65,0x73,0x00}; memcpy(s_Deleting_files_00472a1c, v, sizeof(v)); }
  { static const unsigned char v[] = {0x44,0x65,0x6d,0x6f,0x6e,0x20,0x20,0x20,0x20,0x00}; memcpy(s_Demon_00474c68, v, sizeof(v)); }
  { static const unsigned char v[] = {0x44,0x65,0x75,0x74,0x73,0x63,0x68,0x00}; memcpy(s_Deutsch_004732d8, v, sizeof(v)); }
  { static const unsigned char v[] = {0x44,0x69,0x65,0x20,0x45,0x43,0x53,0x54,0x41,0x54,0x49,0x43,0x41,0x20,0x43,0x44,0x20,0x6d,0x75,0x25,0x63,0x20,0x73,0x69,0x63,0x68,0x20,0x69,0x6e,0x20,0x49,0x68,0x72,0x65,0x6d,0x20,0x43,0x44,0x2d,0x52,0x4f,0x4d,0x20,0x4c,0x61,0x75,0x66,0x77,0x65,0x72,0x6b,0x00}; memcpy(s_Die_ECSTATICA_CD_mu_c_sich_in_Ih_00470384, v, sizeof(v)); }
  { static const unsigned char v[] = {0x44,0x69,0x66,0x66,0x69,0x63,0x75,0x6c,0x74,0x79,0x20,0x6c,0x65,0x76,0x65,0x6c,0x20,0x20,0x20,0x20,0x20,0x20,0x45,0x41,0x53,0x59,0x00}; memcpy(s_Difficulty_level_EASY_00472b14, v, sizeof(v)); }
  { static const unsigned char v[] = {0x44,0x69,0x66,0x66,0x69,0x63,0x75,0x6c,0x74,0x79,0x20,0x6c,0x65,0x76,0x65,0x6c,0x20,0x20,0x20,0x20,0x20,0x20,0x48,0x41,0x52,0x44,0x00}; memcpy(s_Difficulty_level_HARD_00472b4c, v, sizeof(v)); }
  { static const unsigned char v[] = {0x44,0x69,0x66,0x66,0x69,0x63,0x75,0x6c,0x74,0x79,0x20,0x6c,0x65,0x76,0x65,0x6c,0x20,0x20,0x20,0x20,0x4d,0x45,0x44,0x49,0x55,0x4d,0x00}; memcpy(s_Difficulty_level_MEDIUM_00472b30, v, sizeof(v)); }
  { static const unsigned char v[] = {0x44,0x69,0x72,0x65,0x63,0x74,0x20,0x44,0x72,0x61,0x77,0x20,0x49,0x6e,0x69,0x74,0x20,0x46,0x61,0x69,0x6c,0x65,0x64,0x20,0x28,0x25,0x30,0x38,0x6c,0x78,0x29,0x0a,0x00}; memcpy(s_Direct_Draw_Init_Failed___08lx__00476338, v, sizeof(v)); }
  { static const unsigned char v[] = {0x44,0x69,0x72,0x65,0x63,0x74,0x20,0x53,0x6f,0x75,0x6e,0x64,0x20,0x45,0x72,0x72,0x6f,0x72,0x00}; memcpy(s_Direct_Sound_Error_00476590, v, sizeof(v)); }
  { static const unsigned char v[] = {0x44,0x69,0x72,0x65,0x63,0x74,0x20,0x53,0x6f,0x75,0x6e,0x64,0x20,0x53,0x65,0x74,0x20,0x43,0x6f,0x6f,0x70,0x65,0x72,0x61,0x74,0x69,0x76,0x65,0x20,0x4c,0x65,0x76,0x65,0x6c,0x20,0x46,0x61,0x69,0x6c,0x65,0x64,0x00}; memcpy(s_Direct_Sound_Set_Cooperative_Lev_00476790, v, sizeof(v)); }
  { static const unsigned char v[] = {0x44,0x72,0x69,0x76,0x65,0x72,0x73,0x20,0x77,0x69,0x6c,0x6c,0x20,0x6e,0x6f,0x74,0x20,0x62,0x65,0x20,0x65,0x6e,0x75,0x6d,0x65,0x72,0x61,0x74,0x65,0x64,0x20,0x75,0x6e,0x74,0x69,0x6c,0x20,0x44,0x53,0x53,0x48,0x4f,0x57,0x20,0x69,0x73,0x20,0x72,0x75,0x6e,0x20,0x61,0x67,0x61,0x69,0x6e,0x2e,0x00}; memcpy(s_Drivers_will_not_be_enumerated_u_00476900, v, sizeof(v)); }
  { static const unsigned char v[] = {0x45,0x43,0x53,0x54,0x41,0x54,0x49,0x43,0x41,0x00}; memcpy(s_ECSTATICA_00476738, v, sizeof(v)); }
  { static const unsigned char v[] = {0x45,0x43,0x53,0x54,0x41,0x54,0x5f,0x32,0x00}; memcpy(s_ECSTAT_2_00472bd8, v, sizeof(v)); }
  { static const unsigned char v[] = {0x45,0x52,0x52,0x4f,0x52,0x00}; memcpy(s_ERROR_0047635c, v, sizeof(v)); }
  { static const unsigned char v[] = {0x45,0x58,0x54,0x45,0x52,0x4e,0x41,0x4c,0x3a,0x20,0x20,0x20,0x00}; memcpy(s_EXTERNAL__004722bc, v, sizeof(v)); }
  { static const unsigned char v[] = {0x45,0x63,0x73,0x74,0x61,0x74,0x69,0x63,0x61,0x30,0x30,0x31,0x00}; memcpy(s_Ecstatica001_0047006c, v, sizeof(v)); }
  { static const unsigned char v[] = {0x45,0x63,0x73,0x74,0x61,0x74,0x69,0x63,0x61,0x30,0x30,0x31,0x00}; memcpy(s_Ecstatica001_00472770, v, sizeof(v)); }
  { static const unsigned char v[] = {0x45,0x63,0x73,0x74,0x61,0x74,0x69,0x63,0x61,0x32,0x00}; memcpy(s_Ecstatica2_0047631c, v, sizeof(v)); }
  { static const unsigned char v[] = {0x45,0x63,0x73,0x74,0x61,0x74,0x69,0x63,0x61,0x20,0x49,0x49,0x00}; memcpy(s_Ecstatica_II_00476328, v, sizeof(v)); }
  { static const unsigned char v[] = {0x45,0x63,0x73,0x74,0x61,0x74,0x69,0x63,0x61,0x20,0x49,0x49,0x00}; memcpy(s_Ecstatica_II_0047d134, v, sizeof(v)); }
  { static const unsigned char v[] = {0x45,0x63,0x73,0x74,0x61,0x74,0x69,0x63,0x61,0x20,0x49,0x49,0x00}; memcpy(s_Ecstatica_II_0047d141, v, sizeof(v)); }
  { static const unsigned char v[] = {0x45,0x65,0x6c,0x20,0x45,0x79,0x65,0x20,0x20,0x00}; memcpy(s_Eel_Eye_00474c74, v, sizeof(v)); }
  { static const unsigned char v[] = {0x45,0x6e,0x64,0x53,0x63,0x65,0x6e,0x31,0x00}; memcpy(s_EndScen1_00470c8c, v, sizeof(v)); }
  { static const unsigned char v[] = {0x45,0x6e,0x64,0x53,0x63,0x65,0x6e,0x32,0x00}; memcpy(s_EndScen2_00470c98, v, sizeof(v)); }
  { static const unsigned char v[] = {0x45,0x6e,0x67,0x6c,0x69,0x73,0x68,0x00}; memcpy(s_English_004732d0, v, sizeof(v)); }
  { static const unsigned char v[] = {0x45,0x6e,0x75,0x6d,0x44,0x72,0x69,0x76,0x65,0x72,0x73,0x00}; memcpy(s_EnumDrivers_004767e4, v, sizeof(v)); }
  { static const unsigned char v[] = {0x45,0x78,0x74,0x72,0x61,0x20,0x20,0x20,0x20,0x20,0x20,0x20,0x20,0x20,0x20,0x33,0x39,0x20,0x4d,0x65,0x67,0x00}; memcpy(s_Extra_39_Meg_00472950, v, sizeof(v)); }
  { static const unsigned char v[] = {0x45,0x78,0x74,0x72,0x61,0x20,0x20,0x20,0x20,0x20,0x20,0x20,0x20,0x20,0x20,0x38,0x35,0x20,0x4d,0x65,0x67,0x00}; memcpy(s_Extra_85_Meg_004728a4, v, sizeof(v)); }
  { static const unsigned char v[] = {0x46,0x4c,0x4f,0x4f,0x52,0x00}; memcpy(s_FLOOR_00470ff4, v, sizeof(v)); }
  { static const unsigned char v[] = {0x46,0x4f,0x4c,0x4c,0x4f,0x57,0x3a,0x20,0x20,0x20,0x20,0x20,0x00}; memcpy(s_FOLLOW__004722cc, v, sizeof(v)); }
  { static const unsigned char v[] = {0x46,0x52,0x41,0x4d,0x45,0x00}; memcpy(s_FRAME_00471f58, v, sizeof(v)); }
  { static const unsigned char v[] = {0x46,0x61,0x69,0x72,0x79,0x20,0x42,0x6c,0x75,0x00}; memcpy(s_Fairy_Blu_00474bfc, v, sizeof(v)); }
  { static const unsigned char v[] = {0x46,0x61,0x69,0x72,0x79,0x20,0x47,0x72,0x6e,0x00}; memcpy(s_Fairy_Grn_00474c08, v, sizeof(v)); }
  { static const unsigned char v[] = {0x46,0x65,0x73,0x74,0x70,0x6c,0x61,0x74,0x74,0x65,0x20,0x69,0x6e,0x73,0x74,0x61,0x6c,0x6c,0x69,0x65,0x72,0x65,0x6e,0x20,0x3f,0x00}; memcpy(s_Festplatte_installieren___00470124, v, sizeof(v)); }
  { static const unsigned char v[] = {0x46,0x69,0x6c,0x65,0x20,0x4f,0x70,0x65,0x6e,0x00}; memcpy(s_File_Open_004768bc, v, sizeof(v)); }
  { static const unsigned char v[] = {0x46,0x69,0x73,0x68,0x20,0x20,0x20,0x20,0x20,0x00}; memcpy(s_Fish_00474bf0, v, sizeof(v)); }
  { static const unsigned char v[] = {0x46,0x72,0x61,0x6e,0x63,0x61,0x69,0x73,0x00}; memcpy(s_Francais_004732e0, v, sizeof(v)); }
  { static const unsigned char v[] = {0x47,0x45,0x54,0x5f,0x48,0x49,0x54,0x3a,0x20,0x20,0x20,0x20,0x00}; memcpy(s_GET_HIT__0047225c, v, sizeof(v)); }
  { static const unsigned char v[] = {0x47,0x4f,0x5f,0x43,0x4c,0x4f,0x53,0x45,0x52,0x3a,0x20,0x20,0x00}; memcpy(s_GO_CLOSER__0047227c, v, sizeof(v)); }
  { static const unsigned char v[] = {0x47,0x61,0x6c,0x61,0x67,0x6f,0x6e,0x20,0x20,0x00}; memcpy(s_Galagon_00474bd8, v, sizeof(v)); }
  { static const unsigned char v[] = {0x47,0x68,0x6f,0x73,0x74,0x20,0x20,0x20,0x20,0x00}; memcpy(s_Ghost_00474d4c, v, sizeof(v)); }
  { static const unsigned char v[] = {0x47,0x6f,0x62,0x6c,0x69,0x6e,0x20,0x20,0x20,0x00}; memcpy(s_Goblin_00474d58, v, sizeof(v)); }
  { static const unsigned char v[] = {0x47,0x6f,0x6f,0x64,0x20,0x4e,0x69,0x74,0x65,0x00}; memcpy(s_Good_Nite_00474c20, v, sizeof(v)); }
  { static const unsigned char v[] = {0x47,0x72,0x61,0x70,0x68,0x69,0x63,0x20,0x27,0x25,0x73,0x27,0x20,0x6e,0x6f,0x74,0x20,0x6c,0x6f,0x61,0x64,0x65,0x64,0x21,0x00}; memcpy(s_Graphic___s__not_loaded__00475ea4, v, sizeof(v)); }
  { static const unsigned char v[] = {0x47,0x72,0x6e,0x20,0x53,0x70,0x69,0x64,0x72,0x00}; memcpy(s_Grn_Spidr_00474cd4, v, sizeof(v)); }
  { static const unsigned char v[] = {0x48,0x6f,0x6c,0x64,0x20,0x6f,0x6e,0x20,0x61,0x20,0x73,0x65,0x63,0x2e,0x2e,0x2e,0x00}; memcpy(s_Hold_on_a_sec____004767f8, v, sizeof(v)); }
  { static const unsigned char v[] = {0x48,0x75,0x6e,0x63,0x68,0x62,0x61,0x63,0x6b,0x00}; memcpy(s_Hunchback_00474c44, v, sizeof(v)); }
  { static const unsigned char v[] = {0x49,0x6e,0x73,0x74,0x61,0x6c,0x6c,0x20,0x63,0x61,0x6e,0x63,0x65,0x6c,0x6c,0x65,0x64,0x2e,0x20,0x44,0x6f,0x20,0x79,0x6f,0x75,0x20,0x77,0x61,0x6e,0x74,0x20,0x74,0x6f,0x20,0x70,0x6c,0x61,0x79,0x20,0x74,0x68,0x65,0x20,0x67,0x61,0x6d,0x65,0x00}; memcpy(s_Install_cancelled__Do_you_want_t_00473114, v, sizeof(v)); }
  { static const unsigned char v[] = {0x49,0x6e,0x73,0x74,0x61,0x6c,0x6c,0x20,0x63,0x61,0x6e,0x63,0x65,0x6c,0x6c,0x65,0x64,0x2e,0x20,0x44,0x6f,0x20,0x79,0x6f,0x75,0x20,0x77,0x61,0x6e,0x74,0x20,0x74,0x6f,0x20,0x70,0x6c,0x61,0x79,0x20,0x74,0x68,0x65,0x20,0x67,0x61,0x6d,0x65,0x00}; memcpy(s_Install_cancelled__Do_you_want_t_0047316c, v, sizeof(v)); }
  { static const unsigned char v[] = {0x49,0x6e,0x76,0x61,0x6c,0x69,0x64,0x20,0x57,0x61,0x76,0x65,0x20,0x46,0x69,0x6c,0x65,0x00}; memcpy(s_Invalid_Wave_File_004768cc, v, sizeof(v)); }
  { static const unsigned char v[] = {0x4a,0x4f,0x59,0x53,0x54,0x49,0x43,0x4b,0x3a,0x20,0x20,0x20,0x00}; memcpy(s_JOYSTICK__0047221c, v, sizeof(v)); }
  { static const unsigned char v[] = {0x4a,0x6f,0x61,0x6e,0x6e,0x65,0x00}; memcpy(s_Joanne_00470700, v, sizeof(v)); }
  { static const unsigned char v[] = {0x4b,0x65,0x6e,0x20,0x44,0x6f,0x72,0x63,0x20,0x00}; memcpy(s_Ken_Dorc_00474c80, v, sizeof(v)); }
  { static const unsigned char v[] = {0x4c,0x45,0x41,0x56,0x45,0x53,0x32,0x00}; memcpy(s_LEAVES2_00470f74, v, sizeof(v)); }
  { static const unsigned char v[] = {0x4c,0x20,0x66,0x69,0x6e,0x67,0x65,0x72,0x20,0x74,0x69,0x70,0x73,0x00}; memcpy(s_L_finger_tips_00470678, v, sizeof(v)); }
  { static const unsigned char v[] = {0x4c,0x20,0x69,0x6e,0x64,0x65,0x78,0x20,0x66,0x69,0x6e,0x67,0x65,0x72,0x00}; memcpy(s_L_index_finger_00470698, v, sizeof(v)); }
  { static const unsigned char v[] = {0x4c,0x20,0x69,0x6e,0x64,0x65,0x78,0x20,0x74,0x69,0x70,0x00}; memcpy(s_L_index_tip_004706b8, v, sizeof(v)); }
  { static const unsigned char v[] = {0x4c,0x65,0x20,0x6a,0x65,0x75,0x20,0x65,0x73,0x74,0x20,0x64,0x65,0x6a,0x61,0x20,0x69,0x6e,0x73,0x74,0x61,0x6c,0x6c,0x25,0x63,0x00}; memcpy(s_Le_jeu_est_deja_install_c_004702fc, v, sizeof(v)); }
  { static const unsigned char v[] = {0x4c,0x65,0x66,0x74,0x20,0x63,0x61,0x6c,0x66,0x00}; memcpy(s_Left_calf_00470660, v, sizeof(v)); }
  { static const unsigned char v[] = {0x4c,0x65,0x66,0x74,0x20,0x65,0x61,0x72,0x00}; memcpy(s_Left_ear_00470648, v, sizeof(v)); }
  { static const unsigned char v[] = {0x4c,0x65,0x66,0x74,0x20,0x66,0x6f,0x6f,0x74,0x00}; memcpy(s_Left_foot_00470618, v, sizeof(v)); }
  { static const unsigned char v[] = {0x4c,0x65,0x66,0x74,0x20,0x66,0x6f,0x72,0x65,0x61,0x72,0x6d,0x00}; memcpy(s_Left_forearm_00470590, v, sizeof(v)); }
  { static const unsigned char v[] = {0x4c,0x65,0x66,0x74,0x20,0x68,0x61,0x6e,0x64,0x00}; memcpy(s_Left_hand_004705b0, v, sizeof(v)); }
  { static const unsigned char v[] = {0x4c,0x65,0x66,0x74,0x20,0x68,0x65,0x65,0x6c,0x00}; memcpy(s_Left_heel_00470630, v, sizeof(v)); }
  { static const unsigned char v[] = {0x4c,0x65,0x66,0x74,0x20,0x68,0x6f,0x6c,0x64,0x00}; memcpy(s_Left_hold_004705bc, v, sizeof(v)); }
  { static const unsigned char v[] = {0x4c,0x65,0x66,0x74,0x20,0x73,0x68,0x69,0x6e,0x00}; memcpy(s_Left_shin_00470600, v, sizeof(v)); }
  { static const unsigned char v[] = {0x4c,0x65,0x66,0x74,0x20,0x74,0x68,0x69,0x67,0x68,0x00}; memcpy(s_Left_thigh_004705e8, v, sizeof(v)); }
  { static const unsigned char v[] = {0x4c,0x65,0x66,0x74,0x20,0x75,0x70,0x70,0x65,0x72,0x20,0x61,0x72,0x6d,0x00}; memcpy(s_Left_upper_arm_00470570, v, sizeof(v)); }
  { static const unsigned char v[] = {0x4c,0x6f,0x61,0x64,0x20,0x67,0x61,0x6d,0x65,0x2e,0x2e,0x2e,0x00}; memcpy(s_Load_game____00473324, v, sizeof(v)); }
  { static const unsigned char v[] = {0x4c,0x6f,0x6f,0x70,0x65,0x64,0x00}; memcpy(s_Looped_0047d168, v, sizeof(v)); }
  { static const unsigned char v[] = {0x4d,0x25,0x63,0x63,0x68,0x74,0x65,0x6e,0x20,0x53,0x69,0x65,0x20,0x65,0x69,0x6e,0x65,0x6e,0x20,0x54,0x65,0x69,0x6c,0x20,0x64,0x65,0x73,0x20,0x53,0x70,0x69,0x65,0x6c,0x73,0x20,0x61,0x75,0x66,0x20,0x49,0x68,0x72,0x65,0x72,0x00}; memcpy(s_M_cchten_Sie_einen_Teil_des_Spie_004700f4, v, sizeof(v)); }
  { static const unsigned char v[] = {0x4d,0x25,0x63,0x63,0x68,0x74,0x65,0x6e,0x20,0x53,0x69,0x65,0x20,0x65,0x69,0x6e,0x65,0x6e,0x20,0x67,0x72,0x25,0x63,0x25,0x63,0x65,0x72,0x65,0x6e,0x20,0x54,0x65,0x69,0x6c,0x20,0x64,0x65,0x73,0x20,0x53,0x70,0x69,0x65,0x6c,0x73,0x00}; memcpy(s_M_cchten_Sie_einen_gr_c_ceren_Te_004701bc, v, sizeof(v)); }
  { static const unsigned char v[] = {0x4d,0x65,0x64,0x69,0x75,0x6d,0x00}; memcpy(s_Medium_004732f4, v, sizeof(v)); }
  { static const unsigned char v[] = {0x4d,0x65,0x64,0x69,0x75,0x6d,0x20,0x20,0x20,0x20,0x20,0x20,0x20,0x20,0x20,0x35,0x35,0x20,0x4d,0x65,0x67,0x00}; memcpy(s_Medium_55_Meg_0047288c, v, sizeof(v)); }
  { static const unsigned char v[] = {0x4d,0x65,0x6d,0x6f,0x72,0x79,0x20,0x73,0x74,0x61,0x72,0x74,0x75,0x70,0x20,0x65,0x72,0x72,0x6f,0x72,0x2e,0x00}; memcpy(s_Memory_startup_error__00476720, v, sizeof(v)); }
  { static const unsigned char v[] = {0x4d,0x6f,0x6e,0x6b,0x20,0x20,0x20,0x20,0x20,0x00}; memcpy(s_Monk_00474cb0, v, sizeof(v)); }
  { static const unsigned char v[] = {0x4d,0x6f,0x79,0x65,0x6e,0x20,0x20,0x20,0x20,0x20,0x20,0x20,0x20,0x20,0x20,0x35,0x35,0x20,0x4d,0x65,0x67,0x00}; memcpy(s_Moyen_55_Meg_004728fc, v, sizeof(v)); }
  { static const unsigned char v[] = {0x4d,0x75,0x6d,0x6d,0x79,0x20,0x20,0x20,0x20,0x00}; memcpy(s_Mummy_00474bcc, v, sizeof(v)); }
  { static const unsigned char v[] = {0x4d,0x75,0x73,0x68,0x72,0x6f,0x6f,0x6d,0x20,0x00}; memcpy(s_Mushroom_00474bc0, v, sizeof(v)); }
  { static const unsigned char v[] = {0x4d,0x75,0x73,0x69,0x63,0x20,0x20,0x20,0x20,0x20,0x20,0x20,0x20,0x20,0x20,0x20,0x20,0x20,0x20,0x20,0x20,0x20,0x20,0x4f,0x46,0x46,0x00}; memcpy(s_Music_OFF_00472ac0, v, sizeof(v)); }
  { static const unsigned char v[] = {0x4d,0x75,0x73,0x69,0x63,0x20,0x20,0x20,0x20,0x20,0x20,0x20,0x20,0x20,0x20,0x20,0x20,0x20,0x20,0x20,0x20,0x20,0x20,0x20,0x4f,0x4e,0x00}; memcpy(s_Music_ON_00472aa4, v, sizeof(v)); }
  { static const unsigned char v[] = {0x4d,0x75,0x73,0x69,0x63,0x20,0x66,0x69,0x6c,0x65,0x20,0x25,0x64,0x2f,0x25,0x64,0x20,0x74,0x6f,0x6f,0x20,0x6c,0x61,0x72,0x67,0x65,0x00}; memcpy(s_Music_file__d__d_too_large_00471144, v, sizeof(v)); }
  { static const unsigned char v[] = {0x4d,0x75,0x73,0x69,0x63,0x20,0x66,0x69,0x6c,0x65,0x20,0x25,0x73,0x20,0x74,0x6f,0x6f,0x20,0x6c,0x61,0x72,0x67,0x65,0x00}; memcpy(s_Music_file__s_too_large_00471110, v, sizeof(v)); }
  { static const unsigned char v[] = {0x4e,0x4f,0x54,0x20,0x50,0x72,0x65,0x73,0x65,0x6e,0x74,0x00}; memcpy(s_NOT_Present_004742d8, v, sizeof(v)); }
  { static const unsigned char v[] = {0x4e,0x4f,0x20,0x41,0x43,0x54,0x49,0x4f,0x4e,0x00}; memcpy(s_NO_ACTION_004722dc, v, sizeof(v)); }
  { static const unsigned char v[] = {0x4e,0x4f,0x20,0x52,0x45,0x50,0x00}; memcpy(s_NO_REP_004722e8, v, sizeof(v)); }
  { static const unsigned char v[] = {0x4e,0x6f,0x20,0x53,0x6f,0x75,0x6e,0x64,0x20,0x44,0x65,0x76,0x69,0x63,0x65,0x20,0x2d,0x20,0x4d,0x75,0x73,0x69,0x63,0x20,0x26,0x20,0x73,0x6f,0x75,0x6e,0x64,0x20,0x65,0x66,0x66,0x65,0x63,0x74,0x73,0x20,0x77,0x69,0x6c,0x6c,0x20,0x6e,0x6f,0x74,0x20,0x62,0x65,0x20,0x70,0x6c,0x61,0x79,0x65,0x64,0x00}; memcpy(s_No_Sound_Device___Music___sound_e_00476744, v, sizeof(v)); }
  { static const unsigned char v[] = {0x4e,0x6f,0x20,0x6d,0x6f,0x72,0x65,0x20,0x63,0x6f,0x6e,0x74,0x72,0x6f,0x6c,0x73,0x20,0x61,0x6c,0x6c,0x6f,0x77,0x65,0x64,0x00}; memcpy(s_No_more_controls_allowed_0047680c, v, sizeof(v)); }
  { static const unsigned char v[] = {0x4e,0x6f,0x6e,0x65,0x78,0x69,0x73,0x74,0x61,0x6e,0x74,0x20,0x54,0x65,0x78,0x74,0x75,0x72,0x65,0x20,0x6e,0x61,0x6d,0x65,0x3a,0x20,0x25,0x64,0x00}; memcpy(s_Nonexistant_Texture_name___d_00473800, v, sizeof(v)); }
  { static const unsigned char v[] = {0x4e,0x6f,0x6e,0x65,0x78,0x69,0x73,0x74,0x61,0x6e,0x74,0x20,0x61,0x63,0x74,0x69,0x6f,0x6e,0x20,0x6e,0x61,0x6d,0x65,0x3a,0x20,0x25,0x64,0x00}; memcpy(s_Nonexistant_action_name___d_00473494, v, sizeof(v)); }
  { static const unsigned char v[] = {0x4f,0x72,0x63,0x20,0x20,0x20,0x20,0x20,0x20,0x00}; memcpy(s_Orc_00474d04, v, sizeof(v)); }
  { static const unsigned char v[] = {0x4f,0x75,0x74,0x20,0x6f,0x66,0x20,0x4d,0x65,0x6d,0x6f,0x72,0x79,0x00}; memcpy(s_Out_of_Memory_00476604, v, sizeof(v)); }
  { static const unsigned char v[] = {0x20,0x4f,0x75,0x74,0x20,0x6f,0x66,0x20,0x4d,0x65,0x6d,0x6f,0x72,0x79,0x00}; memcpy(s_Out_of_Memory_00476710, v, sizeof(v)); }
  { static const unsigned char v[] = {0x50,0x6c,0x61,0x79,0x20,0x25,0x64,0x00}; memcpy(s_Play__d_0047d17f, v, sizeof(v)); }
  { static const unsigned char v[] = {0x50,0x6c,0x61,0x79,0x69,0x6e,0x67,0x00}; memcpy(s_Playing_0047d190, v, sizeof(v)); }
  { static const unsigned char v[] = {0x52,0x45,0x43,0x4f,0x56,0x45,0x52,0x49,0x4e,0x47,0x3a,0x20,0x00}; memcpy(s_RECOVERING__0047226c, v, sizeof(v)); }
  { static const unsigned char v[] = {0x52,0x45,0x54,0x52,0x45,0x41,0x54,0x3a,0x20,0x20,0x20,0x20,0x00}; memcpy(s_RETREAT__004721fc, v, sizeof(v)); }
  { static const unsigned char v[] = {0x52,0x20,0x66,0x69,0x6e,0x67,0x65,0x72,0x20,0x74,0x69,0x70,0x73,0x00}; memcpy(s_R_finger_tips_00470688, v, sizeof(v)); }
  { static const unsigned char v[] = {0x52,0x20,0x69,0x6e,0x64,0x65,0x78,0x20,0x66,0x69,0x6e,0x67,0x65,0x72,0x00}; memcpy(s_R_index_finger_004706a8, v, sizeof(v)); }
  { static const unsigned char v[] = {0x52,0x20,0x69,0x6e,0x64,0x65,0x78,0x20,0x74,0x69,0x70,0x00}; memcpy(s_R_index_tip_004706c4, v, sizeof(v)); }
  { static const unsigned char v[] = {0x52,0x65,0x64,0x20,0x44,0x65,0x76,0x69,0x6c,0x00}; memcpy(s_Red_Devil_00474c14, v, sizeof(v)); }
  { static const unsigned char v[] = {0x52,0x65,0x64,0x20,0x44,0x77,0x61,0x72,0x66,0x00}; memcpy(s_Red_Dwarf_00474c98, v, sizeof(v)); }
  { static const unsigned char v[] = {0x52,0x65,0x6d,0x6f,0x76,0x65,0x64,0x20,0x73,0x63,0x65,0x6e,0x65,0x20,0x27,0x25,0x73,0x27,0x00}; memcpy(s_Removed_scene___s__00475734, v, sizeof(v)); }
  { static const unsigned char v[] = {0x52,0x65,0x6d,0x6f,0x76,0x69,0x6e,0x67,0x20,0x61,0x63,0x74,0x69,0x6f,0x6e,0x20,0x27,0x25,0x73,0x27,0x00}; memcpy(s_Removing_action___s__004759f0, v, sizeof(v)); }
  { static const unsigned char v[] = {0x52,0x65,0x6d,0x6f,0x76,0x69,0x6e,0x67,0x20,0x72,0x65,0x70,0x2e,0x20,0x27,0x25,0x73,0x27,0x00}; memcpy(s_Removing_rep____s__00475928, v, sizeof(v)); }
  { static const unsigned char v[] = {0x52,0x65,0x6d,0x6f,0x76,0x69,0x6e,0x67,0x20,0x73,0x63,0x65,0x6e,0x65,0x20,0x27,0x25,0x73,0x27,0x00}; memcpy(s_Removing_scene___s__00475690, v, sizeof(v)); }
  { static const unsigned char v[] = {0x52,0x65,0x6d,0x6f,0x76,0x69,0x6e,0x67,0x20,0x73,0x6f,0x75,0x6e,0x64,0x20,0x27,0x25,0x73,0x27,0x00}; memcpy(s_Removing_sound___s__00475814, v, sizeof(v)); }
  { static const unsigned char v[] = {0x52,0x65,0x70,0x65,0x72,0x74,0x6f,0x69,0x72,0x65,0x20,0x27,0x25,0x73,0x27,0x20,0x65,0x78,0x69,0x73,0x74,0x73,0x2c,0x20,0x6f,0x76,0x65,0x72,0x77,0x72,0x69,0x74,0x65,0x3f,0x00}; memcpy(s_Repertoire___s__exists__overwrit_0047424c, v, sizeof(v)); }
  { static const unsigned char v[] = {0x52,0x65,0x73,0x6f,0x6c,0x75,0x74,0x69,0x6f,0x6e,0x20,0x20,0x20,0x20,0x20,0x20,0x20,0x20,0x20,0x20,0x20,0x20,0x48,0x49,0x47,0x48,0x00}; memcpy(s_Resolution_HIGH_00472b68, v, sizeof(v)); }
  { static const unsigned char v[] = {0x52,0x65,0x73,0x6f,0x6c,0x75,0x74,0x69,0x6f,0x6e,0x20,0x20,0x20,0x20,0x20,0x20,0x20,0x20,0x20,0x20,0x20,0x20,0x20,0x4c,0x4f,0x57,0x00}; memcpy(s_Resolution_LOW_00472b84, v, sizeof(v)); }
  { static const unsigned char v[] = {0x52,0x69,0x67,0x68,0x74,0x20,0x63,0x61,0x6c,0x66,0x00}; memcpy(s_Right_calf_0047066c, v, sizeof(v)); }
  { static const unsigned char v[] = {0x52,0x69,0x67,0x68,0x74,0x20,0x65,0x61,0x72,0x00}; memcpy(s_Right_ear_00470654, v, sizeof(v)); }
  { static const unsigned char v[] = {0x52,0x69,0x67,0x68,0x74,0x20,0x66,0x6f,0x6f,0x74,0x00}; memcpy(s_Right_foot_00470624, v, sizeof(v)); }
  { static const unsigned char v[] = {0x52,0x69,0x67,0x68,0x74,0x20,0x66,0x6f,0x72,0x65,0x61,0x72,0x6d,0x00}; memcpy(s_Right_forearm_004705a0, v, sizeof(v)); }
  { static const unsigned char v[] = {0x52,0x69,0x67,0x68,0x74,0x20,0x68,0x61,0x6e,0x64,0x00}; memcpy(s_Right_hand_004705d4, v, sizeof(v)); }
  { static const unsigned char v[] = {0x52,0x69,0x67,0x68,0x74,0x20,0x68,0x65,0x65,0x6c,0x00}; memcpy(s_Right_heel_0047063c, v, sizeof(v)); }
  { static const unsigned char v[] = {0x52,0x69,0x67,0x68,0x74,0x20,0x68,0x6f,0x6c,0x64,0x00}; memcpy(s_Right_hold_004705c8, v, sizeof(v)); }
  { static const unsigned char v[] = {0x52,0x69,0x67,0x68,0x74,0x20,0x73,0x68,0x69,0x6e,0x00}; memcpy(s_Right_shin_0047060c, v, sizeof(v)); }
  { static const unsigned char v[] = {0x52,0x69,0x67,0x68,0x74,0x20,0x74,0x68,0x69,0x67,0x68,0x00}; memcpy(s_Right_thigh_004705f4, v, sizeof(v)); }
  { static const unsigned char v[] = {0x52,0x69,0x67,0x68,0x74,0x20,0x75,0x70,0x70,0x65,0x72,0x20,0x61,0x72,0x6d,0x00}; memcpy(s_Right_upper_arm_00470580, v, sizeof(v)); }
  { static const unsigned char v[] = {0x53,0x54,0x41,0x54,0x49,0x43,0x00}; memcpy(s_STATIC_004766b8, v, sizeof(v)); }
  { static const unsigned char v[] = {0x53,0x54,0x4e,0x53,0x54,0x45,0x50,0x31,0x00}; memcpy(s_STNSTEP1_00470f40, v, sizeof(v)); }
  { static const unsigned char v[] = {0x53,0x61,0x76,0x65,0x20,0x67,0x61,0x6d,0x65,0x2e,0x2e,0x2e,0x00}; memcpy(s_Save_game____00473334, v, sizeof(v)); }
  { static const unsigned char v[] = {0x53,0x61,0x76,0x65,0x64,0x20,0x25,0x73,0x00}; memcpy(s_Saved__s_00474a98, v, sizeof(v)); }
  { static const unsigned char v[] = {0x53,0x63,0x65,0x6e,0x65,0x20,0x27,0x25,0x73,0x27,0x20,0x65,0x78,0x69,0x73,0x74,0x73,0x2c,0x20,0x6f,0x76,0x65,0x72,0x77,0x72,0x69,0x74,0x65,0x3f,0x00}; memcpy(s_Scene___s__exists__overwrite__004744e8, v, sizeof(v)); }
  { static const unsigned char v[] = {0x53,0x65,0x6c,0x65,0x63,0x74,0x20,0x4d,0x49,0x44,0x49,0x20,0x6f,0x75,0x74,0x70,0x75,0x74,0x20,0x64,0x65,0x76,0x69,0x63,0x65,0x00}; memcpy(s_Select_MIDI_output_device_00472804, v, sizeof(v)); }
  { static const unsigned char v[] = {0x53,0x65,0x6c,0x65,0x63,0x74,0x20,0x67,0x61,0x6d,0x65,0x20,0x74,0x6f,0x20,0x6c,0x6f,0x61,0x64,0x00}; memcpy(s_Select_game_to_load_004727c8, v, sizeof(v)); }
  { static const unsigned char v[] = {0x53,0x65,0x6c,0x65,0x63,0x74,0x20,0x6c,0x65,0x76,0x65,0x6c,0x20,0x6f,0x66,0x20,0x64,0x69,0x66,0x66,0x69,0x63,0x75,0x6c,0x74,0x79,0x00}; memcpy(s_Select_level_of_difficulty_00472820, v, sizeof(v)); }
  { static const unsigned char v[] = {0x53,0x65,0x6c,0x65,0x63,0x74,0x20,0x6c,0x65,0x76,0x65,0x6c,0x20,0x6f,0x66,0x20,0x69,0x6e,0x73,0x74,0x61,0x6c,0x6c,0x20,0x72,0x65,0x71,0x75,0x69,0x72,0x65,0x64,0x00}; memcpy(s_Select_level_of_install_required_0047292c, v, sizeof(v)); }
  { static const unsigned char v[] = {0x53,0x65,0x6c,0x65,0x63,0x74,0x20,0x73,0x6c,0x6f,0x74,0x20,0x61,0x6e,0x64,0x20,0x74,0x79,0x70,0x65,0x20,0x69,0x6e,0x20,0x6e,0x61,0x6d,0x65,0x20,0x74,0x6f,0x20,0x73,0x61,0x76,0x65,0x00}; memcpy(s_Select_slot_and_type_in_name_to_s_004727dc, v, sizeof(v)); }
  { static const unsigned char v[] = {0x53,0x65,0x6c,0x65,0x63,0x74,0x69,0x6f,0x6e,0x6e,0x65,0x7a,0x20,0x75,0x6e,0x20,0x6e,0x69,0x76,0x65,0x61,0x75,0x20,0x64,0x27,0x69,0x6e,0x73,0x74,0x61,0x6c,0x6c,0x61,0x74,0x69,0x6f,0x6e,0x00}; memcpy(s_Selectionnez_un_niveau_d_install_004728d4, v, sizeof(v)); }
  { static const unsigned char v[] = {0x53,0x65,0x74,0x74,0x69,0x6e,0x67,0x73,0x00}; memcpy(s_Settings_00472998, v, sizeof(v)); }
  { static const unsigned char v[] = {0x53,0x65,0x74,0x74,0x69,0x6e,0x67,0x73,0x2e,0x2e,0x2e,0x00}; memcpy(s_Settings____00473318, v, sizeof(v)); }
  { static const unsigned char v[] = {0x53,0x6b,0x65,0x6c,0x65,0x74,0x6f,0x6e,0x20,0x00}; memcpy(s_Skeleton_00474c38, v, sizeof(v)); }
  { static const unsigned char v[] = {0x53,0x6c,0x69,0x6d,0x65,0x20,0x20,0x20,0x20,0x00}; memcpy(s_Slime_00474d34, v, sizeof(v)); }
  { static const unsigned char v[] = {0x53,0x6d,0x6c,0x20,0x42,0x6c,0x6b,0x20,0x53,0x00}; memcpy(s_Sml_Blk_S_00474cc8, v, sizeof(v)); }
  { static const unsigned char v[] = {0x53,0x6d,0x6c,0x20,0x47,0x61,0x6c,0x61,0x67,0x00}; memcpy(s_Sml_Galag_00474bb4, v, sizeof(v)); }
  { static const unsigned char v[] = {0x53,0x6d,0x6c,0x20,0x47,0x72,0x6e,0x20,0x53,0x00}; memcpy(s_Sml_Grn_S_00474cbc, v, sizeof(v)); }
  { static const unsigned char v[] = {0x53,0x6f,0x75,0x6e,0x64,0x20,0x65,0x66,0x66,0x65,0x63,0x74,0x73,0x20,0x20,0x20,0x20,0x20,0x20,0x20,0x20,0x20,0x20,0x4f,0x46,0x46,0x00}; memcpy(s_Sound_effects_OFF_00472af8, v, sizeof(v)); }
  { static const unsigned char v[] = {0x53,0x6f,0x75,0x6e,0x64,0x20,0x65,0x66,0x66,0x65,0x63,0x74,0x73,0x20,0x20,0x20,0x20,0x20,0x20,0x20,0x20,0x20,0x20,0x20,0x4f,0x4e,0x00}; memcpy(s_Sound_effects_ON_00472adc, v, sizeof(v)); }
  { static const unsigned char v[] = {0x53,0x70,0x72,0x69,0x74,0x65,0x20,0x20,0x20,0x00}; memcpy(s_Sprite_00474ca4, v, sizeof(v)); }
  { static const unsigned char v[] = {0x53,0x74,0x61,0x6e,0x64,0x61,0x72,0x64,0x20,0x20,0x20,0x20,0x20,0x20,0x20,0x20,0x38,0x20,0x4d,0x65,0x67,0x00}; memcpy(s_Standard_8_Meg_00472874, v, sizeof(v)); }
  { static const unsigned char v[] = {0x53,0x74,0x61,0x72,0x74,0x46,0x31,0x30,0x00}; memcpy(s_StartF10_00472648, v, sizeof(v)); }
  { static const unsigned char v[] = {0x53,0x74,0x61,0x72,0x74,0x46,0x31,0x31,0x00}; memcpy(s_StartF11_00472654, v, sizeof(v)); }
  { static const unsigned char v[] = {0x53,0x74,0x61,0x72,0x74,0x46,0x31,0x32,0x00}; memcpy(s_StartF12_00472660, v, sizeof(v)); }
  { static const unsigned char v[] = {0x53,0x74,0x61,0x72,0x74,0x46,0x31,0x00}; memcpy(s_StartF1_00472600, v, sizeof(v)); }
  { static const unsigned char v[] = {0x53,0x74,0x61,0x72,0x74,0x46,0x32,0x00}; memcpy(s_StartF2_00472608, v, sizeof(v)); }
  { static const unsigned char v[] = {0x53,0x74,0x61,0x72,0x74,0x46,0x33,0x00}; memcpy(s_StartF3_00472610, v, sizeof(v)); }
  { static const unsigned char v[] = {0x53,0x74,0x61,0x72,0x74,0x46,0x34,0x00}; memcpy(s_StartF4_00472618, v, sizeof(v)); }
  { static const unsigned char v[] = {0x53,0x74,0x61,0x72,0x74,0x46,0x35,0x00}; memcpy(s_StartF5_00472620, v, sizeof(v)); }
  { static const unsigned char v[] = {0x53,0x74,0x61,0x72,0x74,0x46,0x36,0x00}; memcpy(s_StartF6_00472628, v, sizeof(v)); }
  { static const unsigned char v[] = {0x53,0x74,0x61,0x72,0x74,0x46,0x37,0x00}; memcpy(s_StartF7_00472630, v, sizeof(v)); }
  { static const unsigned char v[] = {0x53,0x74,0x61,0x72,0x74,0x46,0x38,0x00}; memcpy(s_StartF8_00472638, v, sizeof(v)); }
  { static const unsigned char v[] = {0x53,0x74,0x61,0x72,0x74,0x46,0x39,0x00}; memcpy(s_StartF9_00472640, v, sizeof(v)); }
  { static const unsigned char v[] = {0x53,0x74,0x61,0x72,0x74,0x47,0x61,0x6d,0x65,0x00}; memcpy(s_StartGame_004725f4, v, sizeof(v)); }
  { static const unsigned char v[] = {0x53,0x74,0x61,0x72,0x74,0x55,0x70,0x00}; memcpy(s_StartUp_00470e1c, v, sizeof(v)); }
  { static const unsigned char v[] = {0x53,0x74,0x61,0x72,0x74,0x55,0x70,0x00}; memcpy(s_StartUp_004725ec, v, sizeof(v)); }
  { static const unsigned char v[] = {0x53,0x74,0x61,0x72,0x74,0x20,0x67,0x61,0x6d,0x65,0x00}; memcpy(s_Start_game_00473358, v, sizeof(v)); }
  { static const unsigned char v[] = {0x53,0x74,0x61,0x72,0x74,0x20,0x67,0x61,0x6d,0x65,0x20,0x28,0x46,0x65,0x6d,0x61,0x6c,0x65,0x29,0x00}; memcpy(s_Start_game__Female__00473344, v, sizeof(v)); }
  { static const unsigned char v[] = {0x53,0x74,0x61,0x72,0x74,0x5f,0x73,0x63,0x00}; memcpy(s_Start_sc_00470c80, v, sizeof(v)); }
  { static const unsigned char v[] = {0x53,0x74,0x61,0x74,0x75,0x65,0x20,0x20,0x20,0x00}; memcpy(s_Statue_00474c8c, v, sizeof(v)); }
  { static const unsigned char v[] = {0x53,0x74,0x6f,0x6e,0x65,0x20,0x54,0x72,0x6c,0x00}; memcpy(s_Stone_Trl_00474cf8, v, sizeof(v)); }
  { static const unsigned char v[] = {0x53,0x74,0x6f,0x70,0x70,0x65,0x64,0x00}; memcpy(s_Stopped_0047d198, v, sizeof(v)); }
  { static const unsigned char v[] = {0x53,0x75,0x62,0x74,0x69,0x74,0x6c,0x65,0x73,0x20,0x20,0x20,0x20,0x20,0x20,0x20,0x20,0x20,0x20,0x20,0x20,0x20,0x20,0x4f,0x46,0x46,0x00}; memcpy(s_Subtitles_OFF_00472a88, v, sizeof(v)); }
  { static const unsigned char v[] = {0x53,0x75,0x62,0x74,0x69,0x74,0x6c,0x65,0x73,0x20,0x20,0x20,0x20,0x20,0x20,0x20,0x20,0x20,0x20,0x20,0x20,0x20,0x20,0x20,0x4f,0x4e,0x00}; memcpy(s_Subtitles_ON_00472a6c, v, sizeof(v)); }
  { static const unsigned char v[] = {0x54,0x55,0x52,0x4e,0x5f,0x4c,0x45,0x46,0x54,0x3a,0x20,0x20,0x00}; memcpy(s_TURN_LEFT__0047229c, v, sizeof(v)); }
  { static const unsigned char v[] = {0x54,0x55,0x52,0x4e,0x5f,0x52,0x49,0x47,0x48,0x54,0x3a,0x20,0x00}; memcpy(s_TURN_RIGHT__004722ac, v, sizeof(v)); }
  { static const unsigned char v[] = {0x55,0x6e,0x69,0x6e,0x73,0x74,0x61,0x6c,0x6c,0x00}; memcpy(s_Uninstall_0047330c, v, sizeof(v)); }
  { static const unsigned char v[] = {0x55,0x6e,0x6b,0x6e,0x6f,0x77,0x6e,0x20,0x6e,0x61,0x6d,0x65,0x20,0x69,0x6e,0x64,0x69,0x63,0x61,0x74,0x6f,0x72,0x20,0x69,0x6e,0x20,0x74,0x6f,0x6b,0x65,0x6e,0x20,0x25,0x78,0x00}; memcpy(s_Unknown_name_indicator_in_token___00474158, v, sizeof(v)); }
  { static const unsigned char v[] = {0x56,0x69,0x6c,0x2f,0x43,0x79,0x63,0x6c,0x6f,0x00}; memcpy(s_Vil_Cyclo_00474b90, v, sizeof(v)); }
  { static const unsigned char v[] = {0x56,0x69,0x6c,0x2f,0x47,0x61,0x6c,0x61,0x67,0x00}; memcpy(s_Vil_Galag_00474b84, v, sizeof(v)); }
  { static const unsigned char v[] = {0x56,0x69,0x6c,0x2f,0x52,0x65,0x64,0x20,0x44,0x00}; memcpy(s_Vil_Red_D_00474ba8, v, sizeof(v)); }
  { static const unsigned char v[] = {0x56,0x69,0x6c,0x2f,0x53,0x6d,0x47,0x61,0x6c,0x00}; memcpy(s_Vil_SmGal_00474b78, v, sizeof(v)); }
  { static const unsigned char v[] = {0x56,0x69,0x6c,0x2f,0x57,0x6f,0x6c,0x66,0x20,0x00}; memcpy(s_Vil_Wolf_00474b9c, v, sizeof(v)); }
  { static const unsigned char v[] = {0x56,0x69,0x6c,0x2f,0x5a,0x6f,0x6d,0x62,0x69,0x00}; memcpy(s_Vil_Zombi_00474b6c, v, sizeof(v)); }
  { static const unsigned char v[] = {0x56,0x6f,0x6c,0x75,0x6d,0x65,0x00}; memcpy(s_Volume_0047d161, v, sizeof(v)); }
  { static const unsigned char v[] = {0x56,0x6f,0x75,0x73,0x20,0x61,0x76,0x65,0x7a,0x20,0x64,0x65,0x6a,0x61,0x20,0x69,0x6e,0x73,0x74,0x61,0x6c,0x6c,0x25,0x63,0x20,0x63,0x65,0x20,0x6e,0x69,0x76,0x65,0x61,0x75,0x00}; memcpy(s_Vous_avez_deja_install_c_ce_nive_00472e40, v, sizeof(v)); }
  { static const unsigned char v[] = {0x57,0x33,0x32,0x53,0x4b,0x52,0x4e,0x4c,0x2e,0x44,0x4c,0x4c,0x00}; memcpy(s_W32SKRNL_DLL_004762e4, v, sizeof(v)); }
  { static const unsigned char v[] = {0x57,0x41,0x4c,0x4c,0x53,0x00}; memcpy(s_WALLS_00470ffc, v, sizeof(v)); }
  { static const unsigned char v[] = {0x57,0x41,0x4e,0x44,0x45,0x52,0x3a,0x20,0x20,0x20,0x20,0x20,0x00}; memcpy(s_WANDER__0047220c, v, sizeof(v)); }
  { static const unsigned char v[] = {0x57,0x61,0x68,0x6c,0x65,0x6e,0x20,0x53,0x69,0x65,0x20,0x64,0x69,0x65,0x20,0x47,0x72,0x6f,0x73,0x65,0x20,0x64,0x65,0x73,0x20,0x7a,0x75,0x00}; memcpy(s_Wahlen_Sie_die_Grose_des_zu_0047283c, v, sizeof(v)); }
  { static const unsigned char v[] = {0x57,0x61,0x76,0x65,0x20,0x46,0x69,0x6c,0x65,0x73,0x00}; memcpy(s_Wave_Files_00476894, v, sizeof(v)); }
  { static const unsigned char v[] = {0x57,0x61,0x76,0x65,0x20,0x66,0x69,0x6c,0x65,0x73,0x20,0x6d,0x75,0x73,0x74,0x20,0x62,0x65,0x20,0x50,0x43,0x4d,0x20,0x66,0x6f,0x72,0x6d,0x61,0x74,0x21,0x00}; memcpy(s_Wave_files_must_be_PCM_format__004768e0, v, sizeof(v)); }
  { static const unsigned char v[] = {0x57,0x65,0x72,0x65,0x77,0x6f,0x6c,0x66,0x20,0x00}; memcpy(s_Werewolf_00474c50, v, sizeof(v)); }
  { static const unsigned char v[] = {0x57,0x72,0x69,0x74,0x65,0x20,0x25,0x64,0x00}; memcpy(s_Write__d_0047d187, v, sizeof(v)); }
  { static const unsigned char v[] = {0x59,0x6f,0x75,0x20,0x64,0x6f,0x20,0x6e,0x6f,0x74,0x20,0x68,0x61,0x76,0x65,0x20,0x73,0x75,0x66,0x66,0x69,0x63,0x69,0x65,0x6e,0x74,0x20,0x64,0x69,0x73,0x6b,0x20,0x73,0x70,0x61,0x63,0x65,0x20,0x74,0x6f,0x00}; memcpy(s_You_do_not_have_sufficient_disk_s_00472d38, v, sizeof(v)); }
  { static const unsigned char v[] = {0x59,0x6f,0x75,0x20,0x64,0x6f,0x20,0x6e,0x6f,0x74,0x20,0x68,0x61,0x76,0x65,0x20,0x73,0x75,0x66,0x66,0x69,0x63,0x69,0x65,0x6e,0x74,0x20,0x64,0x69,0x73,0x6b,0x20,0x73,0x70,0x61,0x63,0x65,0x20,0x74,0x6f,0x00}; memcpy(s_You_do_not_have_sufficient_disk_s_00472d80, v, sizeof(v)); }
  { static const unsigned char v[] = {0x59,0x6f,0x75,0x20,0x64,0x6f,0x20,0x6e,0x6f,0x74,0x20,0x68,0x61,0x76,0x65,0x20,0x73,0x75,0x66,0x66,0x69,0x63,0x69,0x65,0x6e,0x74,0x20,0x64,0x69,0x73,0x6b,0x20,0x73,0x70,0x61,0x63,0x65,0x20,0x66,0x6f,0x72,0x00}; memcpy(s_You_do_not_have_sufficient_disk_s_00472edc, v, sizeof(v)); }
  { static const unsigned char v[] = {0x59,0x6f,0x75,0x20,0x68,0x61,0x76,0x65,0x20,0x61,0x6c,0x72,0x65,0x61,0x64,0x79,0x20,0x69,0x6e,0x73,0x74,0x61,0x6c,0x6c,0x65,0x64,0x20,0x74,0x6f,0x20,0x74,0x68,0x69,0x73,0x20,0x6c,0x65,0x76,0x65,0x6c,0x00}; memcpy(s_You_have_already_installed_to_th_00472e90, v, sizeof(v)); }
  { static const unsigned char v[] = {0x5a,0x6f,0x6d,0x62,0x69,0x65,0x20,0x20,0x20,0x00}; memcpy(s_Zombie_00474ce0, v, sizeof(v)); }
  { static const unsigned char v[] = {0x25,0x31,0x30,0x73,0x20,0x25,0x73,0x20,0x25,0x73,0x00}; memcpy(s__10s__s__s_0047240c, v, sizeof(v)); }
  { static const unsigned char v[] = {0x25,0x35,0x64,0x20,0x25,0x31,0x30,0x73,0x20,0x25,0x73,0x20,0x25,0x35,0x64,0x20,0x25,0x35,0x64,0x20,0x25,0x31,0x30,0x73,0x20,0x25,0x34,0x78,0x20,0x25,0x38,0x73,0x20,0x25,0x73,0x20,0x25,0x34,0x64,0x20,0x66,0x6c,0x67,0x3a,0x25,0x34,0x78,0x2f,0x25,0x31,0x78,0x2f,0x25,0x31,0x78,0x2f,0x25,0x31,0x78,0x20,0x25,0x34,0x64,0x20,0x25,0x73,0x00}; memcpy(s__5d__10s__s__5d__5d__10s__4x__8s_00472300, v, sizeof(v)); }
  { static const unsigned char v[] = {0x5f,0x42,0x61,0x73,0x65,0x41,0x64,0x64,0x72,0x46,0x72,0x6f,0x6d,0x49,0x6d,0x74,0x65,0x40,0x34,0x00}; memcpy(s__BaseAddrFromImte_4_00476308, v, sizeof(v)); }
  { static const unsigned char v[] = {0x5f,0x49,0x6d,0x74,0x65,0x46,0x72,0x6f,0x6d,0x48,0x4d,0x6f,0x64,0x75,0x6c,0x65,0x40,0x34,0x00}; memcpy(s__ImteFromHModule_4_004762f4, v, sizeof(v)); }
  { static const unsigned char v[] = {0x2b,0x20,0x48,0x69,0x52,0x65,0x73,0x20,0x56,0x69,0x65,0x77,0x73,0x20,0x31,0x33,0x36,0x20,0x4d,0x65,0x67,0x00}; memcpy(s___HiRes_Views_136_Meg_00472980, v, sizeof(v)); }
  { static const unsigned char v[] = {0x2b,0x20,0x4c,0x6f,0x52,0x65,0x73,0x20,0x56,0x69,0x65,0x77,0x73,0x20,0x20,0x38,0x34,0x20,0x4d,0x65,0x67,0x00}; memcpy(s___LoRes_Views_84_Meg_00472968, v, sizeof(v)); }
  { static const unsigned char v[] = {0x2a,0x2a,0x2a,0x20,0x51,0x55,0x49,0x43,0x4b,0x20,0x53,0x41,0x56,0x45,0x44,0x20,0x47,0x41,0x4d,0x45,0x20,0x2a,0x2a,0x2a,0x00}; memcpy(s_____QUICK_SAVED_GAME_____00471430, v, sizeof(v)); }
  { static const unsigned char v[] = {0x20,0x20,0x20,0x20,0x20,0x27,0x25,0x73,0x27,0x00}; memcpy(s___s__004754e4, v, sizeof(v)); }
  { static const unsigned char v[] = {0x20,0x20,0x20,0x20,0x20,0x27,0x25,0x73,0x27,0x20,0x25,0x64,0x00}; memcpy(s___s___d_004754c0, v, sizeof(v)); }
  { static const unsigned char v[] = {0x2a,0x6e,0x6f,0x74,0x68,0x69,0x6e,0x67,0x2a,0x00}; memcpy(s__nothing__00474d64, v, sizeof(v)); }
  { static const unsigned char v[] = {0x25,0x73,0x43,0x4f,0x44,0x45,0x5c,0x45,0x43,0x53,0x54,0x41,0x54,0x49,0x43,0x2e,0x46,0x41,0x4e,0x00}; memcpy(s__sCODE_ECSTATIC_FAN_00470370, v, sizeof(v)); }
  { static const unsigned char v[] = {0x25,0x73,0x53,0x43,0x45,0x4e,0x45,0x53,0x00}; memcpy(s__sSCENES_00471b58, v, sizeof(v)); }
  { static const unsigned char v[] = {0x25,0x73,0x5c,0x43,0x44,0x50,0x61,0x74,0x68,0x00}; memcpy(s__s_CDPath_00472fe0, v, sizeof(v)); }
  { static const unsigned char v[] = {0x25,0x73,0x3a,0x20,0x25,0x6c,0x64,0x00}; memcpy(s__s___ld_00476978, v, sizeof(v)); }
  { static const unsigned char v[] = {0x25,0x73,0x3a,0x20,0x25,0x6c,0x75,0x20,0x48,0x7a,0x20,0x20,0x20,0x20,0x20,0x00}; memcpy(s__s___lu_Hz_00476968, v, sizeof(v)); }
  { static const unsigned char v[] = {0x25,0x73,0x5c,0x25,0x73,0x00}; memcpy(s__s__s_0047319c, v, sizeof(v)); }
  { static const unsigned char v[] = {0x25,0x73,0x5c,0x25,0x73,0x2a,0x2e,0x2a,0x00}; memcpy(s__s__s____00473200, v, sizeof(v)); }
  { static const unsigned char v[] = {0x25,0x73,0x5c,0x25,0x73,0x25,0x73,0x00}; memcpy(s__s__s_s_004731c0, v, sizeof(v)); }
  { static const unsigned char v[] = {0x25,0x73,0x5c,0x65,0x5f,0x63,0x6f,0x6e,0x66,0x69,0x67,0x00}; memcpy(s__s_e_config_00472cfc, v, sizeof(v)); }
  { static const unsigned char v[] = {0x25,0x73,0x20,0x6d,0x69,0x73,0x73,0x69,0x6e,0x67,0x20,0x69,0x6e,0x20,0x4c,0x6f,0x61,0x64,0x47,0x61,0x6d,0x65,0x00}; memcpy(s__s_missing_in_LoadGame_00475cd4, v, sizeof(v)); }
  { static const unsigned char v[] = {0x25,0x73,0x25,0x73,0x2a,0x2e,0x2a,0x00}; memcpy(s__s_s____0047322c, v, sizeof(v)); }
  { static const unsigned char v[] = {0x25,0x73,0x25,0x73,0x25,0x73,0x00}; memcpy(s__s_s_s_00473234, v, sizeof(v)); }
  { static const unsigned char v[] = {0x25,0x73,0x5c,0x73,0x61,0x76,0x65,0x64,0x00}; memcpy(s__s_saved_00472f08, v, sizeof(v)); }
  { static const unsigned char v[] = {0x25,0x73,0x61,0x63,0x74,0x69,0x6f,0x6e,0x73,0x00}; memcpy(s__sactions_00471db0, v, sizeof(v)); }
  { static const unsigned char v[] = {0x25,0x73,0x61,0x63,0x74,0x69,0x6f,0x6e,0x73,0x5c,0x00}; memcpy(s__sactions__00470490, v, sizeof(v)); }
  { static const unsigned char v[] = {0x25,0x73,0x61,0x63,0x74,0x69,0x6f,0x6e,0x73,0x5c,0x25,0x73,0x00}; memcpy(s__sactions__s_00471dd8, v, sizeof(v)); }
  { static const unsigned char v[] = {0x25,0x73,0x61,0x63,0x74,0x69,0x6f,0x6e,0x73,0x5c,0x25,0x73,0x00}; memcpy(s__sactions__s_00475608, v, sizeof(v)); }
  { static const unsigned char v[] = {0x25,0x73,0x61,0x63,0x74,0x69,0x6f,0x6e,0x73,0x5c,0x25,0x73,0x5c,0x25,0x73,0x00}; memcpy(s__sactions__s__s_004755f8, v, sizeof(v)); }
  { static const unsigned char v[] = {0x25,0x73,0x61,0x63,0x74,0x6f,0x72,0x73,0x5c,0x25,0x73,0x5c,0x25,0x73,0x2e,0x66,0x61,0x6e,0x00}; memcpy(s__sactors__s__s_fan_004755d0, v, sizeof(v)); }
  { static const unsigned char v[] = {0x25,0x73,0x61,0x63,0x74,0x6f,0x72,0x73,0x5c,0x25,0x73,0x2e,0x66,0x61,0x6e,0x00}; memcpy(s__sactors__s_fan_004755c0, v, sizeof(v)); }
  { static const unsigned char v[] = {0x25,0x73,0x66,0x69,0x6c,0x65,0x73,0x5c,0x45,0x43,0x53,0x54,0x41,0x54,0x49,0x43,0x00}; memcpy(s__sfiles_ECSTATIC_004704d0, v, sizeof(v)); }
  { static const unsigned char v[] = {0x25,0x73,0x66,0x69,0x6c,0x65,0x73,0x5c,0x45,0x43,0x53,0x54,0x41,0x54,0x49,0x43,0x00}; memcpy(s__sfiles_ECSTATIC_00473060, v, sizeof(v)); }
  { static const unsigned char v[] = {0x25,0x73,0x72,0x65,0x70,0x5c,0x25,0x73,0x5c,0x25,0x73,0x2e,0x66,0x61,0x6e,0x00}; memcpy(s__srep__s__s_fan_004755a0, v, sizeof(v)); }
  { static const unsigned char v[] = {0x25,0x73,0x72,0x65,0x70,0x5c,0x25,0x73,0x2e,0x66,0x61,0x6e,0x00}; memcpy(s__srep__s_fan_00475590, v, sizeof(v)); }
  { static const unsigned char v[] = {0x25,0x73,0x73,0x63,0x65,0x6e,0x65,0x73,0x5c,0x25,0x73,0x5c,0x25,0x73,0x2e,0x66,0x61,0x6e,0x00}; memcpy(s__sscenes__s__s_fan_0047557c, v, sizeof(v)); }
  { static const unsigned char v[] = {0x25,0x73,0x73,0x63,0x65,0x6e,0x65,0x73,0x5c,0x25,0x73,0x2e,0x66,0x61,0x6e,0x00}; memcpy(s__sscenes__s_fan_0047556c, v, sizeof(v)); }
  { static const unsigned char v[] = {0x25,0x73,0x73,0x6f,0x75,0x6e,0x64,0x73,0x5c,0x25,0x73,0x2e,0x66,0x61,0x6e,0x00}; memcpy(s__ssounds__s_fan_00475548, v, sizeof(v)); }
  { static const unsigned char v[] = {0x25,0x73,0x74,0x65,0x78,0x74,0x75,0x72,0x65,0x73,0x5c,0x25,0x73,0x2e,0x66,0x61,0x6e,0x00}; memcpy(s__stextures__s_fan_00475650, v, sizeof(v)); }
  { static const unsigned char v[] = {0x61,0x61,0x73,0x67,0x6c,0x6f,0x67,0x6f,0x2e,0x72,0x61,0x77,0x00}; memcpy(s_aasglogo_raw_00470520, v, sizeof(v)); }
  { static const unsigned char v[] = {0x61,0x61,0x73,0x67,0x6c,0x6f,0x67,0x6f,0x2e,0x72,0x61,0x77,0x00}; memcpy(s_aasglogo_raw_00472fa8, v, sizeof(v)); }
  { static const unsigned char v[] = {0x61,0x63,0x74,0x69,0x6f,0x6e,0x73,0x5c,0x2a,0x2e,0x00}; memcpy(s_actions____00471d58, v, sizeof(v)); }
  { static const unsigned char v[] = {0x61,0x63,0x74,0x69,0x6f,0x6e,0x73,0x5c,0x25,0x73,0x5c,0x2a,0x2e,0x00}; memcpy(s_actions__s____00471d78, v, sizeof(v)); }
  { static const unsigned char v[] = {0x61,0x63,0x74,0x69,0x6f,0x6e,0x73,0x5c,0x25,0x73,0x5c,0x25,0x73,0x5c,0x2a,0x2e,0x00}; memcpy(s_actions__s__s____00471d9c, v, sizeof(v)); }
  { static const unsigned char v[] = {0x61,0x63,0x74,0x6f,0x72,0x20,0x27,0x25,0x73,0x27,0x20,0x73,0x63,0x65,0x6e,0x65,0x20,0x27,0x25,0x73,0x27,0x00}; memcpy(s_actor___s__scene___s__00475d2c, v, sizeof(v)); }
  { static const unsigned char v[] = {0x61,0x63,0x74,0x6f,0x72,0x73,0x5c,0x2a,0x2e,0x00}; memcpy(s_actors____00471c40, v, sizeof(v)); }
  { static const unsigned char v[] = {0x61,0x63,0x74,0x6f,0x72,0x73,0x5c,0x25,0x73,0x5c,0x2a,0x2e,0x00}; memcpy(s_actors__s____00471c64, v, sizeof(v)); }
  { static const unsigned char v[] = {0x61,0x63,0x74,0x6f,0x72,0x73,0x5c,0x25,0x73,0x5c,0x25,0x73,0x5c,0x2a,0x2e,0x00}; memcpy(s_actors__s__s____00471c88, v, sizeof(v)); }
  { static const unsigned char v[] = {0x61,0x6e,0x64,0x72,0x65,0x77,0x00}; memcpy(s_andrew_00470004, v, sizeof(v)); }
  { static const unsigned char v[] = {0x61,0x75,0x66,0x20,0x49,0x68,0x72,0x65,0x72,0x20,0x46,0x65,0x73,0x74,0x70,0x6c,0x61,0x74,0x74,0x65,0x20,0x69,0x6e,0x73,0x74,0x61,0x6c,0x6c,0x69,0x65,0x72,0x65,0x6e,0x20,0x3f,0x00}; memcpy(s_auf_Ihrer_Festplatte_installiere_004701ec, v, sizeof(v)); }
  { static const unsigned char v[] = {0x62,0x61,0x64,0x5f,0x72,0x75,0x6e,0x00}; memcpy(s_bad_run_00470e68, v, sizeof(v)); }
  { static const unsigned char v[] = {0x62,0x61,0x64,0x5f,0x73,0x74,0x65,0x6c,0x00}; memcpy(s_bad_stel_00470e5c, v, sizeof(v)); }
  { static const unsigned char v[] = {0x62,0x65,0x66,0x69,0x6e,0x64,0x65,0x6e,0x2c,0x20,0x77,0x65,0x6e,0x6e,0x20,0x53,0x69,0x65,0x20,0x64,0x61,0x73,0x20,0x53,0x70,0x69,0x65,0x6c,0x20,0x73,0x70,0x69,0x65,0x6c,0x65,0x6e,0x20,0x6d,0x25,0x63,0x63,0x68,0x74,0x65,0x6e,0x2e,0x00}; memcpy(s_befinden__wenn_Sie_das_Spiel_spi_004703b8, v, sizeof(v)); }
  { static const unsigned char v[] = {0x63,0x6f,0x6e,0x69,0x6e,0x24,0x00}; memcpy(s_conin__00476ae8, v, sizeof(v)); }
  { static const unsigned char v[] = {0x63,0x6f,0x6e,0x6f,0x75,0x74,0x24,0x00}; memcpy(s_conout__00476aef, v, sizeof(v)); }
  { static const unsigned char v[] = {0x64,0x27,0x69,0x6e,0x73,0x74,0x61,0x6c,0x6c,0x61,0x74,0x69,0x6f,0x6e,0x20,0x6f,0x75,0x20,0x75,0x6e,0x20,0x6d,0x65,0x69,0x6c,0x6c,0x65,0x75,0x72,0x2e,0x00}; memcpy(s_d_installation_ou_un_meilleur__00472e64, v, sizeof(v)); }
  { static const unsigned char v[] = {0x64,0x69,0x72,0x65,0x63,0x74,0x20,0x66,0x72,0x6f,0x6d,0x20,0x43,0x44,0x2d,0x52,0x4f,0x4d,0x3f,0x20,0x28,0x74,0x68,0x69,0x73,0x20,0x6d,0x61,0x79,0x20,0x62,0x65,0x20,0x73,0x6c,0x6f,0x77,0x21,0x29,0x00}; memcpy(s_direct_from_CD_ROM___this_may_be_004730ec, v, sizeof(v)); }
  { static const unsigned char v[] = {0x64,0x69,0x72,0x65,0x63,0x74,0x20,0x66,0x72,0x6f,0x6d,0x20,0x43,0x44,0x2d,0x52,0x4f,0x4d,0x3f,0x20,0x28,0x74,0x68,0x69,0x73,0x20,0x6d,0x61,0x79,0x20,0x62,0x65,0x20,0x73,0x6c,0x6f,0x77,0x21,0x29,0x00}; memcpy(s_direct_from_CD_ROM___this_may_be_00473144, v, sizeof(v)); }
  { static const unsigned char v[] = {0x65,0x5f,0x63,0x6f,0x6e,0x66,0x69,0x67,0x00}; memcpy(s_e_config_0047000c, v, sizeof(v)); }
  { static const unsigned char v[] = {0x65,0x63,0x73,0x74,0x61,0x74,0x69,0x63,0x00}; memcpy(s_ecstatic_00472f48, v, sizeof(v)); }
  { static const unsigned char v[] = {0x66,0x5f,0x73,0x74,0x65,0x6c,0x5f,0x70,0x00}; memcpy(s_f_stel_p_00470e70, v, sizeof(v)); }
  { static const unsigned char v[] = {0x66,0x69,0x6c,0x65,0x73,0x00}; memcpy(s_files_00472a64, v, sizeof(v)); }
  { static const unsigned char v[] = {0x66,0x69,0x6c,0x65,0x73,0x5c,0x45,0x43,0x53,0x54,0x32,0x00}; memcpy(s_files_ECST2_004704ac, v, sizeof(v)); }
  { static const unsigned char v[] = {0x66,0x69,0x6c,0x65,0x73,0x5c,0x45,0x43,0x53,0x54,0x32,0x00}; memcpy(s_files_ECST2_0047303c, v, sizeof(v)); }
  { static const unsigned char v[] = {0x66,0x69,0x6c,0x65,0x73,0x5c,0x45,0x43,0x53,0x54,0x41,0x54,0x49,0x43,0x00}; memcpy(s_files_ECSTATIC_0047049c, v, sizeof(v)); }
  { static const unsigned char v[] = {0x66,0x69,0x6c,0x65,0x73,0x5c,0x45,0x43,0x53,0x54,0x41,0x54,0x49,0x43,0x00}; memcpy(s_files_ECSTATIC_0047302c, v, sizeof(v)); }
  { static const unsigned char v[] = {0x66,0x72,0x61,0x6d,0x65,0x20,0x25,0x64,0x00}; memcpy(s_frame__d_00471f60, v, sizeof(v)); }
  { static const unsigned char v[] = {0x67,0x62,0x6e,0x6b,0x6c,0x6f,0x67,0x6f,0x2e,0x72,0x61,0x77,0x00}; memcpy(s_gbnklogo_raw_00470500, v, sizeof(v)); }
  { static const unsigned char v[] = {0x66,0x72,0x6f,0x6d,0x6e,0x65,0x63,0x00}; memcpy(s_fromnec_00470cdc, v, sizeof(v)); }
  { static const unsigned char v[] = {0x67,0x72,0x61,0x70,0x68,0x69,0x63,0x73,0x00}; memcpy(s_graphics_00472a3c, v, sizeof(v)); }
  { static const unsigned char v[] = {0x67,0x72,0x61,0x70,0x68,0x69,0x63,0x73,0x5c,0x00}; memcpy(s_graphics__00474a1c, v, sizeof(v)); }
  { static const unsigned char v[] = {0x67,0x72,0x61,0x70,0x68,0x69,0x63,0x73,0x5c,0x00}; memcpy(s_graphics__00475f74, v, sizeof(v)); }
  { static const unsigned char v[] = {0x68,0x65,0x72,0x6f,0x70,0x68,0x6d,0x63,0x00}; memcpy(s_herophmc_00470edc, v, sizeof(v)); }
  { static const unsigned char v[] = {0x68,0x65,0x72,0x6f,0x70,0x75,0x6e,0x68,0x00}; memcpy(s_heropunh_00470ec4, v, sizeof(v)); }
  { static const unsigned char v[] = {0x68,0x65,0x72,0x6f,0x72,0x6e,0x6d,0x63,0x00}; memcpy(s_herornmc_00470eb8, v, sizeof(v)); }
  { static const unsigned char v[] = {0x68,0x65,0x72,0x6f,0x72,0x75,0x6e,0x00}; memcpy(s_herorun_00470ea4, v, sizeof(v)); }
  { static const unsigned char v[] = {0x68,0x65,0x72,0x6f,0x73,0x6d,0x70,0x68,0x00}; memcpy(s_herosmph_00470ed0, v, sizeof(v)); }
  { static const unsigned char v[] = {0x68,0x65,0x72,0x6f,0x73,0x77,0x69,0x6d,0x00}; memcpy(s_heroswim_00470eac, v, sizeof(v)); }
  { static const unsigned char v[] = {0x68,0x65,0x72,0x6f,0x78,0x6c,0x69,0x66,0x65,0x00}; memcpy(s_heroxlife_00470c48, v, sizeof(v)); }
  { static const unsigned char v[] = {0x68,0x69,0x72,0x65,0x73,0x00}; memcpy(s_hires_00472a2c, v, sizeof(v)); }
  { static const unsigned char v[] = {0x68,0x69,0x72,0x65,0x73,0x5c,0x58,0x58,0x58,0x58,0x2e,0x72,0x61,0x77,0x00}; memcpy(s_hires_XXXX_raw_004749b0, v, sizeof(v)); }
  { static const unsigned char v[] = {0x69,0x63,0x6f,0x6e,0x70,0x61,0x67,0x65,0x2e,0x72,0x61,0x77,0x00}; memcpy(s_iconpage_raw_00475f80, v, sizeof(v)); }
  { static const unsigned char v[] = {0x69,0x6e,0x73,0x74,0x61,0x6c,0x6c,0x20,0x45,0x43,0x53,0x54,0x41,0x54,0x49,0x43,0x41,0x2e,0x00}; memcpy(s_install_ECSTATICA__00472d24, v, sizeof(v)); }
  { static const unsigned char v[] = {0x69,0x6e,0x73,0x74,0x61,0x6c,0x6c,0x20,0x6d,0x6f,0x72,0x65,0x20,0x6f,0x66,0x20,0x45,0x43,0x53,0x54,0x41,0x54,0x49,0x43,0x41,0x2e,0x00}; memcpy(s_install_more_of_ECSTATICA__00472d64, v, sizeof(v)); }
  { static const unsigned char v[] = {0x69,0x6e,0x73,0x74,0x61,0x6c,0x6c,0x69,0x65,0x72,0x65,0x6e,0x64,0x65,0x6e,0x20,0x50,0x72,0x6f,0x67,0x72,0x61,0x6d,0x6d,0x73,0x00}; memcpy(s_installierenden_Programms_00472858, v, sizeof(v)); }
  { static const unsigned char v[] = {0x6c,0x61,0x6e,0x67,0x75,0x61,0x67,0x2e,0x74,0x78,0x74,0x00}; memcpy(s_languag_txt_00472f80, v, sizeof(v)); }
  { static const unsigned char v[] = {0x6c,0x62,0x61,0x72,0x31,0x00}; memcpy(s_lbar1_0047ab71, v, sizeof(v)); }
  { static const unsigned char v[] = {0x6c,0x6c,0x69,0x66,0x65,0x00}; memcpy(s_llife_00475e38, v, sizeof(v)); }
  { static const unsigned char v[] = {0x6c,0x6d,0x62,0x61,0x72,0x00}; memcpy(s_lmbar_00475e4c, v, sizeof(v)); }
  { static const unsigned char v[] = {0x6c,0x6f,0x77,0x67,0x72,0x61,0x70,0x68,0x00}; memcpy(s_lowgraph_00472a48, v, sizeof(v)); }
  { static const unsigned char v[] = {0x6c,0x6f,0x77,0x67,0x72,0x61,0x70,0x68,0x5c,0x00}; memcpy(s_lowgraph__00474a28, v, sizeof(v)); }
  { static const unsigned char v[] = {0x6d,0x61,0x67,0x69,0x62,0x61,0x72,0x31,0x00}; memcpy(s_magibar1_00475e40, v, sizeof(v)); }
  { static const unsigned char v[] = {0x6d,0x73,0x63,0x74,0x6c,0x73,0x5f,0x74,0x72,0x61,0x63,0x6b,0x62,0x61,0x72,0x33,0x32,0x00}; memcpy(s_msctls_trackbar32_00476870, v, sizeof(v)); }
  { static const unsigned char v[] = {0x6e,0x6f,0x74,0x68,0x69,0x6e,0x67,0x00}; memcpy(s_nothing_00470e54, v, sizeof(v)); }
  { static const unsigned char v[] = {0x6f,0x64,0x65,0x72,0x20,0x69,0x6e,0x20,0x65,0x69,0x6e,0x65,0x72,0x20,0x67,0x72,0x25,0x63,0x25,0x63,0x65,0x72,0x65,0x6e,0x20,0x4d,0x65,0x6e,0x67,0x65,0x20,0x69,0x6e,0x73,0x74,0x61,0x6c,0x6c,0x69,0x65,0x72,0x74,0x2e,0x00}; memcpy(s_oder_in_einer_gr_c_ceren_Menge_i_00472e14, v, sizeof(v)); }
  { static const unsigned char v[] = {0x6f,0x66,0x66,0x73,0x65,0x74,0x73,0x00}; memcpy(s_offsets_00472fd8, v, sizeof(v)); }
  { static const unsigned char v[] = {0x6f,0x72,0x20,0x67,0x72,0x65,0x61,0x74,0x65,0x72,0x00}; memcpy(s_or_greater_00472e84, v, sizeof(v)); }
  { static const unsigned char v[] = {0x70,0x3a,0x5c,0x61,0x63,0x74,0x69,0x6f,0x6e,0x73,0x5c,0x2a,0x2e,0x00}; memcpy(s_p__actions____00471d48, v, sizeof(v)); }
  { static const unsigned char v[] = {0x70,0x3a,0x5c,0x61,0x63,0x74,0x69,0x6f,0x6e,0x73,0x5c,0x25,0x73,0x5c,0x2a,0x2e,0x00}; memcpy(s_p__actions__s____00471d64, v, sizeof(v)); }
  { static const unsigned char v[] = {0x70,0x3a,0x5c,0x61,0x63,0x74,0x69,0x6f,0x6e,0x73,0x5c,0x25,0x73,0x5c,0x25,0x73,0x5c,0x2a,0x2e,0x00}; memcpy(s_p__actions__s__s____00471d88, v, sizeof(v)); }
  { static const unsigned char v[] = {0x70,0x3a,0x5c,0x61,0x63,0x74,0x6f,0x72,0x73,0x5c,0x2a,0x2e,0x00}; memcpy(s_p__actors____00471c30, v, sizeof(v)); }
  { static const unsigned char v[] = {0x70,0x3a,0x5c,0x61,0x63,0x74,0x6f,0x72,0x73,0x5c,0x25,0x73,0x5c,0x2a,0x2e,0x00}; memcpy(s_p__actors__s____00471c54, v, sizeof(v)); }
  { static const unsigned char v[] = {0x70,0x3a,0x5c,0x61,0x63,0x74,0x6f,0x72,0x73,0x5c,0x25,0x73,0x5c,0x25,0x73,0x5c,0x2a,0x2e,0x00}; memcpy(s_p__actors__s__s____00471c74, v, sizeof(v)); }
  { static const unsigned char v[] = {0x70,0x3a,0x5c,0x70,0x61,0x6c,0x6c,0x65,0x74,0x74,0x65,0x2e,0x72,0x61,0x77,0x00}; memcpy(s_p__pallette_raw_004712a4, v, sizeof(v)); }
  { static const unsigned char v[] = {0x70,0x3a,0x5c,0x72,0x65,0x70,0x5c,0x2a,0x2e,0x00}; memcpy(s_p__rep____00471cf8, v, sizeof(v)); }
  { static const unsigned char v[] = {0x70,0x3a,0x5c,0x72,0x65,0x70,0x5c,0x25,0x73,0x5c,0x2a,0x2e,0x00}; memcpy(s_p__rep__s____00471d0c, v, sizeof(v)); }
  { static const unsigned char v[] = {0x70,0x3a,0x5c,0x72,0x65,0x70,0x5c,0x25,0x73,0x5c,0x25,0x73,0x5c,0x2a,0x2e,0x00}; memcpy(s_p__rep__s__s____00471d28, v, sizeof(v)); }
  { static const unsigned char v[] = {0x70,0x3a,0x5c,0x73,0x63,0x65,0x6e,0x65,0x73,0x5c,0x2a,0x2e,0x00}; memcpy(s_p__scenes____00471c98, v, sizeof(v)); }
  { static const unsigned char v[] = {0x70,0x3a,0x5c,0x73,0x63,0x65,0x6e,0x65,0x73,0x5c,0x25,0x73,0x5c,0x2a,0x2e,0x00}; memcpy(s_p__scenes__s____00471cb4, v, sizeof(v)); }
  { static const unsigned char v[] = {0x70,0x3a,0x5c,0x73,0x63,0x65,0x6e,0x65,0x73,0x5c,0x25,0x73,0x5c,0x25,0x73,0x5c,0x2a,0x2e,0x00}; memcpy(s_p__scenes__s__s____00471cd4, v, sizeof(v)); }
  { static const unsigned char v[] = {0x70,0x3a,0x5c,0x74,0x73,0x63,0x72,0x65,0x65,0x6e,0x2e,0x72,0x61,0x77,0x00}; memcpy(s_p__tscreen_raw_004712c4, v, sizeof(v)); }
  { static const unsigned char v[] = {0x70,0x61,0x6c,0x6c,0x65,0x74,0x74,0x65,0x2e,0x72,0x61,0x77,0x00}; memcpy(s_pallette_raw_004712b4, v, sizeof(v)); }
  { static const unsigned char v[] = {0x70,0x61,0x6c,0x6c,0x65,0x74,0x74,0x65,0x2e,0x72,0x61,0x77,0x00}; memcpy(s_pallette_raw_00472f64, v, sizeof(v)); }
  { static const unsigned char v[] = {0x70,0x61,0x6e,0x64,0x61,0x31,0x00}; memcpy(s_panda1_00470738, v, sizeof(v)); }
  { static const unsigned char v[] = {0x70,0x6f,0x69,0x73,0x6f,0x6e,0x64,0x69,0x65,0x00}; memcpy(s_poisondie_00470c3c, v, sizeof(v)); }
  { static const unsigned char v[] = {0x70,0x73,0x79,0x67,0x6c,0x6f,0x67,0x6f,0x2e,0x72,0x61,0x77,0x00}; memcpy(s_psyglogo_raw_00470510, v, sizeof(v)); }
  { static const unsigned char v[] = {0x70,0x73,0x79,0x67,0x6c,0x6f,0x67,0x6f,0x2e,0x72,0x61,0x77,0x00}; memcpy(s_psyglogo_raw_00472f98, v, sizeof(v)); }
  { static const unsigned char v[] = {0x72,0x65,0x70,0x5c,0x2a,0x2e,0x00}; memcpy(s_rep____00471d04, v, sizeof(v)); }
  { static const unsigned char v[] = {0x72,0x65,0x70,0x5c,0x25,0x73,0x5c,0x2a,0x2e,0x00}; memcpy(s_rep__s____00471d1c, v, sizeof(v)); }
  { static const unsigned char v[] = {0x72,0x65,0x70,0x5c,0x25,0x73,0x5c,0x25,0x73,0x5c,0x2a,0x2e,0x00}; memcpy(s_rep__s__s____00471d38, v, sizeof(v)); }
  { static const unsigned char v[] = {0x73,0x61,0x76,0x65,0x64,0x00}; memcpy(s_saved_00472a5c, v, sizeof(v)); }
  { static const unsigned char v[] = {0x73,0x61,0x76,0x65,0x64,0x5c,0x58,0x58,0x58,0x58,0x2e,0x65,0x63,0x73,0x00}; memcpy(s_saved_XXXX_ecs_00472744, v, sizeof(v)); }
  { static const unsigned char v[] = {0x73,0x61,0x76,0x65,0x64,0x5c,0x58,0x58,0x58,0x58,0x2e,0x65,0x63,0x73,0x00}; memcpy(s_saved_XXXX_ecs_00475c00, v, sizeof(v)); }
  { static const unsigned char v[] = {0x73,0x63,0x65,0x6e,0x65,0x73,0x5c,0x2a,0x2e,0x00}; memcpy(s_scenes____00471ca8, v, sizeof(v)); }
  { static const unsigned char v[] = {0x73,0x63,0x65,0x6e,0x65,0x73,0x5c,0x25,0x73,0x5c,0x2a,0x2e,0x00}; memcpy(s_scenes__s____00471cc4, v, sizeof(v)); }
  { static const unsigned char v[] = {0x73,0x63,0x65,0x6e,0x65,0x73,0x5c,0x25,0x73,0x5c,0x25,0x73,0x5c,0x2a,0x2e,0x00}; memcpy(s_scenes__s__s____00471ce8, v, sizeof(v)); }
  { static const unsigned char v[] = {0x73,0x63,0x72,0x6e,0x73,0x68,0x6f,0x74,0x5c,0x00}; memcpy(s_scrnshot__00474a88, v, sizeof(v)); }
  { static const unsigned char v[] = {0x73,0x68,0x61,0x64,0x65,0x6d,0x61,0x70,0x2e,0x64,0x61,0x74,0x00}; memcpy(s_shademap_dat_00472f54, v, sizeof(v)); }
  { static const unsigned char v[] = {0x73,0x68,0x61,0x64,0x6f,0x77,0x2e,0x64,0x61,0x74,0x00}; memcpy(s_shadow_dat_00472f74, v, sizeof(v)); }
  { static const unsigned char v[] = {0x73,0x74,0x5f,0x73,0x77,0x69,0x6d,0x00}; memcpy(s_st_swim_00470c2c, v, sizeof(v)); }
  { static const unsigned char v[] = {0x73,0x77,0x69,0x6d,0x6d,0x69,0x6e,0x67,0x00}; memcpy(s_swimming_00470cc4, v, sizeof(v)); }
  { static const unsigned char v[] = {0x74,0x68,0x65,0x20,0x72,0x65,0x71,0x75,0x65,0x73,0x74,0x65,0x64,0x20,0x6c,0x65,0x76,0x65,0x6c,0x20,0x6f,0x66,0x20,0x69,0x6e,0x73,0x74,0x61,0x6c,0x6c,0x00}; memcpy(s_the_requested_level_of_install_00472ebc, v, sizeof(v)); }
  { static const unsigned char v[] = {0x74,0x69,0x74,0x6c,0x65,0x5f,0x73,0x2e,0x72,0x61,0x77,0x00}; memcpy(s_title_s_raw_00471314, v, sizeof(v)); }
  { static const unsigned char v[] = {0x74,0x73,0x63,0x72,0x65,0x65,0x6e,0x2e,0x72,0x61,0x77,0x00}; memcpy(s_tscreen_raw_0047033c, v, sizeof(v)); }
  { static const unsigned char v[] = {0x74,0x73,0x63,0x72,0x65,0x65,0x6e,0x2e,0x72,0x61,0x77,0x00}; memcpy(s_tscreen_raw_00472f8c, v, sizeof(v)); }
  { static const unsigned char v[] = {0x75,0x6c,0x74,0x72,0x61,0x6d,0x69,0x64,0x2e,0x65,0x78,0x65,0x00}; memcpy(s_ultramid_exe_00472fc8, v, sizeof(v)); }
  { static const unsigned char v[] = {0x75,0x6c,0x74,0x72,0x61,0x6d,0x69,0x64,0x2e,0x69,0x6e,0x69,0x00}; memcpy(s_ultramid_ini_00472fb8, v, sizeof(v)); }
  { static const unsigned char v[] = {0x75,0x6e,0x65,0x78,0x70,0x65,0x63,0x74,0x65,0x64,0x20,0x65,0x76,0x20,0x25,0x64,0x2e,0x00}; memcpy(s_unexpected_ev__d__00473380, v, sizeof(v)); }
  { static const unsigned char v[] = {0x75,0x6e,0x6b,0x6e,0x6f,0x77,0x6e,0x20,0x65,0x72,0x72,0x6f,0x72,0x00}; memcpy(s_unknown_error_00476ad3, v, sizeof(v)); }
  { static const unsigned char v[] = {0x75,0x6e,0x6b,0x6e,0x6f,0x77,0x6e,0x20,0x74,0x79,0x70,0x65,0x20,0x3d,0x20,0x25,0x64,0x0a,0x00}; memcpy(s_unknown_type____d_004747d4, v, sizeof(v)); }
  { static const unsigned char v[] = {0x76,0x69,0x65,0x77,0x73,0x00}; memcpy(s_views_00472a34, v, sizeof(v)); }
  { static const unsigned char v[] = {0x76,0x69,0x65,0x77,0x73,0x5c,0x58,0x58,0x58,0x58,0x2e,0x70,0x61,0x32,0x00}; memcpy(s_views_XXXX_pa2_00474acc, v, sizeof(v)); }
  { static const unsigned char v[] = {0x76,0x69,0x65,0x77,0x73,0x5c,0x58,0x58,0x58,0x58,0x2e,0x70,0x61,0x33,0x00}; memcpy(s_views_XXXX_pa3_00474abc, v, sizeof(v)); }
  { static const unsigned char v[] = {0x76,0x69,0x65,0x77,0x73,0x5c,0x58,0x58,0x58,0x58,0x2e,0x70,0x61,0x6c,0x00}; memcpy(s_views_XXXX_pal_00474adc, v, sizeof(v)); }
  { static const unsigned char v[] = {0x76,0x69,0x65,0x77,0x73,0x5c,0x58,0x58,0x58,0x58,0x2e,0x72,0x61,0x77,0x00}; memcpy(s_views_XXXX_raw_004749a0, v, sizeof(v)); }
  { static const unsigned char v[] = {0x76,0x69,0x6c,0x6c,0x61,0x67,0x65,0x00}; memcpy(s_village_00470cbc, v, sizeof(v)); }
  { static const unsigned char v[] = {0x76,0x69,0x73,0x69,0x62,0x00}; memcpy(s_visib_00472a54, v, sizeof(v)); }
  { static const unsigned char v[] = {0x76,0x69,0x73,0x69,0x62,0x5c,0x58,0x58,0x58,0x58,0x2e,0x76,0x69,0x73,0x00}; memcpy(s_visib_XXXX_vis_00474aec, v, sizeof(v)); }
  { static const unsigned char v[] = {0x77,0x5f,0x63,0x72,0x65,0x65,0x70,0x32,0x00}; memcpy(s_w_creep2_00470ae4, v, sizeof(v)); }
  { static const unsigned char v[] = {0x77,0x5f,0x63,0x72,0x65,0x65,0x70,0x00}; memcpy(s_w_creep_00470adc, v, sizeof(v)); }
  { static const unsigned char v[] = {0x77,0x5f,0x64,0x65,0x6d,0x6f,0x6e,0x32,0x00}; memcpy(s_w_demon2_00470a18, v, sizeof(v)); }
  { static const unsigned char v[] = {0x77,0x5f,0x64,0x65,0x6d,0x6f,0x6e,0x33,0x00}; memcpy(s_w_demon3_00470a24, v, sizeof(v)); }
  { static const unsigned char v[] = {0x77,0x5f,0x64,0x65,0x6d,0x6f,0x6e,0x00}; memcpy(s_w_demon_00470a10, v, sizeof(v)); }
  { static const unsigned char v[] = {0x77,0x5f,0x64,0x6f,0x72,0x63,0x33,0x00}; memcpy(s_w_dorc3_004709e8, v, sizeof(v)); }
  { static const unsigned char v[] = {0x77,0x5f,0x66,0x61,0x69,0x72,0x79,0x00}; memcpy(s_w_fairy_00470afc, v, sizeof(v)); }
  { static const unsigned char v[] = {0x77,0x5f,0x67,0x6e,0x69,0x74,0x65,0x32,0x00}; memcpy(s_w_gnite2_00470ac4, v, sizeof(v)); }
  { static const unsigned char v[] = {0x77,0x5f,0x67,0x6e,0x69,0x74,0x65,0x33,0x00}; memcpy(s_w_gnite3_00470ad0, v, sizeof(v)); }
  { static const unsigned char v[] = {0x77,0x5f,0x67,0x6e,0x69,0x74,0x65,0x00}; memcpy(s_w_gnite_00470abc, v, sizeof(v)); }
  { static const unsigned char v[] = {0x77,0x5f,0x68,0x75,0x6e,0x62,0x61,0x63,0x00}; memcpy(s_w_hunbac_00470a68, v, sizeof(v)); }
  { static const unsigned char v[] = {0x77,0x5f,0x73,0x61,0x6d,0x75,0x65,0x6c,0x31,0x00}; memcpy(s_w_samuel1_0047094c, v, sizeof(v)); }
  { static const unsigned char v[] = {0x77,0x5f,0x73,0x70,0x69,0x64,0x73,0x33,0x00}; memcpy(s_w_spids3_00470810, v, sizeof(v)); }
  { static const unsigned char v[] = {0x77,0x5f,0x73,0x70,0x72,0x69,0x74,0x32,0x00}; memcpy(s_w_sprit2_00470990, v, sizeof(v)); }
  { static const unsigned char v[] = {0x77,0x5f,0x73,0x70,0x72,0x69,0x74,0x33,0x00}; memcpy(s_w_sprit3_0047099c, v, sizeof(v)); }
  { static const unsigned char v[] = {0x77,0x5f,0x73,0x70,0x72,0x69,0x74,0x00}; memcpy(s_w_sprit_00470988, v, sizeof(v)); }
  { static const unsigned char v[] = {0x77,0x5f,0x73,0x74,0x6f,0x6e,0x64,0x32,0x00}; memcpy(s_w_stond2_004709c8, v, sizeof(v)); }
  { static const unsigned char v[] = {0x77,0x5f,0x73,0x74,0x6f,0x6e,0x64,0x33,0x00}; memcpy(s_w_stond3_004709d4, v, sizeof(v)); }
  { static const unsigned char v[] = {0x77,0x5f,0x73,0x74,0x6f,0x6e,0x64,0x00}; memcpy(s_w_stond_004709c0, v, sizeof(v)); }
  { static const unsigned char v[] = {0x77,0x5f,0x73,0x74,0x72,0x6f,0x6c,0x31,0x00}; memcpy(s_w_strol1_00470854, v, sizeof(v)); }
  { static const unsigned char v[] = {0x77,0x5f,0x73,0x74,0x72,0x6f,0x6c,0x32,0x00}; memcpy(s_w_strol2_00470860, v, sizeof(v)); }
  { static const unsigned char v[] = {0x77,0x5f,0x73,0x74,0x72,0x6f,0x6c,0x00}; memcpy(s_w_strol_0047084c, v, sizeof(v)); }
  DAT_00000186 = 0x0u;
  DAT_00427140 = 0x5u;
  DAT_0043c4bc = 0xa4943d83u;
  DAT_0043c66c = 0xa460a166u;
  DAT_0043c8a4 = 0x408dc3u;
  DAT_0043c8a8 = 0xd405c766u;
  DAT_0043c8b4 = 0x408dc3u;
  DAT_0043d49c = 0x9e003d83u;
  DAT_0043d4c0 = 0x29b8b8c3u;
  DAT_0045db20 = 0x52665500u;
  DAT_0045dbb9 = 0xbb5500u;
  DAT_004634e6 = 0x6575653u;
  DAT_0046391a = 0xac5220b8u;
  DAT_00463924 = 0xac5220b8u;
  DAT_0046392e = 0xc10fe083u;
  DAT_0046393b = 0xc10fe083u;
  DAT_0046396c = 0xac5360b8u;
  DAT_00463973 = 0xac5360b8u;
  DAT_0046397d = 0xac5250b8u;
  DAT_00463984 = 0xac5250b8u;
  DAT_0046398e = 0xac5240b8u;
  DAT_00463995 = 0xac5240b8u;
  DAT_0046399c = 0xac5370b8u;
  DAT_004639fe = 0xac5370b8u;
  DAT_0047007c = 0x6272u;
  DAT_00470088 = 0x5cu;
  DAT_0047048c = 0x0u;
  DAT_00470558 = 0x79646f42u;
  DAT_0047055c = 0x0u;
  DAT_00470568 = 0x64616548u;
  DAT_0047056c = 0x0u;
  DAT_004705e0 = 0x6f685f68u;
  DAT_004705e4 = 0x646cu;
  DAT_004705e6 = 0x654c0000u;
  DAT_004706fc = 0x656f4au;
  DAT_00470708 = 0x425553u;
  DAT_0047070c = 0x4a424fu;
  DAT_00470724 = 0x7a7a754du;
  DAT_00470728 = 0x3146656cu;
  DAT_0047072c = 0x0u;
  DAT_00470730 = 0x656b616au;
  DAT_00470740 = 0x6f675f77u;
  DAT_00470748 = 0x6f675f77u;
  DAT_00470750 = 0x6f675f77u;
  DAT_00470758 = 0x6f675f77u;
  DAT_00470760 = 0x6f675f77u;
  DAT_00470768 = 0x6f675f77u;
  DAT_00470770 = 0x6f675f77u;
  DAT_00470778 = 0x68625f77u;
  DAT_00470780 = 0x68625f77u;
  DAT_0047078c = 0x68625f77u;
  DAT_00470798 = 0x70735f77u;
  DAT_004707a4 = 0x70735f77u;
  DAT_004707b0 = 0x70735f77u;
  DAT_004707bc = 0x70735f77u;
  DAT_004707c8 = 0x70735f77u;
  DAT_004707d4 = 0x70735f77u;
  DAT_004707e0 = 0x70735f77u;
  DAT_004707ec = 0x70735f77u;
  DAT_004707f8 = 0x70735f77u;
  DAT_00470804 = 0x70735f77u;
  DAT_0047081c = 0x70735f77u;
  DAT_00470828 = 0x78625f77u;
  DAT_00470834 = 0x78625f77u;
  DAT_00470840 = 0x78625f77u;
  DAT_0047086c = 0x61625f77u;
  DAT_00470874 = 0x61625f77u;
  DAT_0047087c = 0x61625f77u;
  DAT_00470884 = 0x61625f77u;
  DAT_0047088c = 0x61625f77u;
  DAT_00470894 = 0x61625f77u;
  DAT_0047089c = 0x61625f77u;
  DAT_004708a4 = 0x61625f77u;
  DAT_004708ac = 0x61625f77u;
  DAT_004708b4 = 0x61625f77u;
  DAT_004708bc = 0x61625f77u;
  DAT_004708c4 = 0x61625f77u;
  DAT_004708cc = 0x61625f77u;
  DAT_004708d4 = 0x61625f77u;
  DAT_004708dc = 0x61625f77u;
  DAT_004708e4 = 0x6c625f77u;
  DAT_004708ec = 0x6c625f77u;
  DAT_004708f4 = 0x6c625f77u;
  DAT_004708fc = 0x6c735f77u;
  DAT_00470904 = 0x6c735f77u;
  DAT_0047090c = 0x6c735f77u;
  DAT_00470914 = 0x79635f77u;
  DAT_0047091c = 0x79635f77u;
  DAT_00470928 = 0x79635f77u;
  DAT_00470934 = 0x6f7a5f77u;
  DAT_0047093c = 0x6f7a5f77u;
  DAT_00470944 = 0x6f7a5f77u;
  DAT_00470958 = 0x69765f77u;
  DAT_00470960 = 0x69765f77u;
  DAT_00470968 = 0x69765f77u;
  DAT_00470970 = 0x6f6d5f77u;
  DAT_00470978 = 0x6f6d5f77u;
  DAT_00470980 = 0x6f6d5f77u;
  DAT_004709a8 = 0x72745f77u;
  DAT_004709b0 = 0x72745f77u;
  DAT_004709b8 = 0x72745f77u;
  DAT_004709e0 = 0x6f645f77u;
  DAT_004709f0 = 0x6f645f77u;
  DAT_004709f8 = 0x65625f77u;
  DAT_00470a00 = 0x65625f77u;
  DAT_00470a08 = 0x65625f77u;
  DAT_00470a30 = 0x61675f77u;
  DAT_00470a38 = 0x61675f77u;
  DAT_00470a44 = 0x61675f77u;
  DAT_00470a50 = 0x6f775f77u;
  DAT_00470a58 = 0x6f775f77u;
  DAT_00470a60 = 0x6f775f77u;
  DAT_00470a74 = 0x75685f77u;
  DAT_00470a7c = 0x75685f77u;
  DAT_00470a84 = 0x6b735f77u;
  DAT_00470a8c = 0x6b735f77u;
  DAT_00470a94 = 0x6b735f77u;
  DAT_00470a9c = 0x6e625f77u;
  DAT_00470aa4 = 0x6e625f77u;
  DAT_00470ab0 = 0x6e625f77u;
  DAT_00470af0 = 0x72635f77u;
  DAT_00470b04 = 0x61665f77u;
  DAT_00470b10 = 0x61665f77u;
  DAT_00470b1c = 0x61665f77u;
  DAT_00470b28 = 0x61665f77u;
  DAT_00470b34 = 0x61665f77u;
  DAT_00470b40 = 0x69665f77u;
  DAT_00470b48 = 0x69665f77u;
  DAT_00470b50 = 0x69665f77u;
  DAT_00470b58 = 0x6d615f77u;
  DAT_00470b60 = 0x6d615f77u;
  DAT_00470b68 = 0x6d615f77u;
  DAT_00470b70 = 0x6d615f77u;
  DAT_00470b78 = 0x6d615f77u;
  DAT_00470b80 = 0x6d615f77u;
  DAT_00470b88 = 0x6d615f77u;
  DAT_00470b90 = 0x6d615f77u;
  DAT_00470b98 = 0x67625f77u;
  DAT_00470ba0 = 0x67625f77u;
  DAT_00470ba8 = 0x67625f77u;
  DAT_00470bb0 = 0x756d5f77u;
  DAT_00470bb8 = 0x756d5f77u;
  DAT_00470bc4 = 0x756d5f77u;
  DAT_00470bd0 = 0x756d5f77u;
  DAT_00470bd8 = 0x756d5f77u;
  DAT_00470be0 = 0x756d5f77u;
  DAT_00470be8 = 0x67735f77u;
  DAT_00470bf0 = 0x67735f77u;
  DAT_00470bf8 = 0x67735f77u;
  DAT_00470c34 = 0x6f746b62u;
  DAT_00470c38 = 0x6e7572u;
  DAT_00470ca4 = 0x53646e45u;
  DAT_00470ca8 = 0x46316e63u;
  DAT_00470cac = 0x0u;
  DAT_00470cb0 = 0x53646e45u;
  DAT_00470cb4 = 0x46326e63u;
  DAT_00470cb8 = 0x0u;
  DAT_00470cd0 = 0x6f726568u;
  DAT_00470cd4 = 0x64736b71u;
  DAT_00470cd8 = 0x0u;
  DAT_00470db0 = 0x5f79654bu;
  DAT_00470db4 = 0x345f3146u;
  DAT_00470db8 = 0x0u;
  DAT_00470dbc = 0x5f79654bu;
  DAT_00470dc0 = 0x385f3546u;
  DAT_00470dc4 = 0x0u;
  DAT_00470dc8 = 0x5f79654bu;
  DAT_00470dcc = 0x315f3946u;
  DAT_00470dd0 = 0x32u;
  DAT_00470dd4 = 0x3179654bu;
  DAT_00470dd8 = 0x0u;
  DAT_00470ddc = 0x3279654bu;
  DAT_00470de0 = 0x0u;
  DAT_00470de4 = 0x3379654bu;
  DAT_00470de8 = 0x0u;
  DAT_00470dec = 0x3479654bu;
  DAT_00470df0 = 0x0u;
  DAT_00470df4 = 0x3579654bu;
  DAT_00470df8 = 0x0u;
  DAT_00470dfc = 0x3679654bu;
  DAT_00470e00 = 0x0u;
  DAT_00470e04 = 0x3779654bu;
  DAT_00470e08 = 0x0u;
  DAT_00470e0c = 0x3879654bu;
  DAT_00470e10 = 0x0u;
  DAT_00470e14 = 0x3979654bu;
  DAT_00470e18 = 0x0u;
  DAT_00470e7c = 0x75725f66u;
  DAT_00470e80 = 0x705f6eu;
  DAT_00470e84 = 0x31747966u;
  DAT_00470e88 = 0x0u;
  DAT_00470e8c = 0x32747966u;
  DAT_00470e90 = 0x0u;
  DAT_00470e94 = 0x72747966u;
  DAT_00470e98 = 0x6e75u;
  DAT_00470e9a = 0x6f670000u;
  DAT_00470e9c = 0x66626f67u;
  DAT_00470ea0 = 0x317479u;
  DAT_00470ee8 = 0x6a616d6au;
  DAT_00470eec = 0x646e6177u;
  DAT_00470ef0 = 0x0u;
  DAT_00470ef4 = 0x776a6d6au;
  DAT_00470ef8 = 0x646e61u;
  DAT_00470f28 = 0x544f4f46u;
  DAT_00470f2c = 0x0u;
  DAT_00470f30 = 0x45444157u;
  DAT_00470f34 = 0x32u;
  DAT_00470f38 = 0x3244554du;
  DAT_00470f3c = 0x0u;
  DAT_00470f4c = 0x4f484345u;
  DAT_00470f50 = 0x413230u;
  DAT_00470f54 = 0x53415247u;
  DAT_00470f58 = 0x3153u;
  DAT_00470f5a = 0x454c0000u;
  DAT_00470f5c = 0x5641454cu;
  DAT_00470f60 = 0x315345u;
  DAT_00470f64 = 0x44554854u;
  DAT_00470f68 = 0x314d53u;
  DAT_00470f6c = 0x3144554du;
  DAT_00470f70 = 0x0u;
  DAT_00470f7c = 0x4c494f53u;
  DAT_00470f80 = 0x32u;
  DAT_00470f84 = 0x4f484345u;
  DAT_00470f88 = 0x413130u;
  DAT_00470f8c = 0x4b43494bu;
  DAT_00470f90 = 0x31u;
  DAT_00470f94 = 0x44554854u;
  DAT_00470f98 = 0x0u;
  DAT_0047108c = 0x6973756du;
  DAT_00471094 = 0x6363732eu;
  DAT_0047109c = 0x6c62732eu;
  DAT_004710a4 = 0x6577612eu;
  DAT_004710ac = 0x7375672eu;
  DAT_004710b4 = 0x70616c2eu;
  DAT_00471be8 = 0x3f3f3fu;
  DAT_00471c4c = 0x706d6574u;
  DAT_00471f6c = 0x54u;
  DAT_00471f70 = 0x52u;
  DAT_00471f74 = 0x50u;
  DAT_00471fb8 = 0x42u;
  DAT_00471fbc = 0x43u;
  DAT_00471fc0 = 0x48u;
  DAT_00471fc4 = 0x554cu;
  DAT_00471fc8 = 0x464cu;
  DAT_00471fcc = 0x484cu;
  DAT_00471fd0 = 0x544cu;
  DAT_00471fd4 = 0x534cu;
  DAT_00471fd8 = 0x54464cu;
  DAT_00471fdc = 0x5552u;
  DAT_00471fe0 = 0x4652u;
  DAT_00471fe4 = 0x4852u;
  DAT_00471fe8 = 0x5452u;
  DAT_00471fec = 0x5352u;
  DAT_00471ff0 = 0x544652u;
  DAT_004721dc = 0x504f5453u;
  DAT_0047223c = 0x45454c53u;
  DAT_00472544 = 0x5cu;
  DAT_00472548 = 0x726964u;
  DAT_0047266c = 0x5f5f5fu;
  DAT_0047271c = 0x20u;
  DAT_00472754 = 0x6272u;
  DAT_004727c4 = 0x0u;
  DAT_00472fec = 0x6277u;
  DAT_00473028 = 0x5cu;
  DAT_004731c8 = 0x7325u;
  DAT_00473224 = 0x73257325u;
  DAT_00473298 = 0x4b4fu;
  DAT_004732a4 = 0x736559u;
  DAT_004732a8 = 0x6f4eu;
  DAT_004732ac = 0x74736554u;
  DAT_004732b4 = 0x68746150u;
  DAT_004732bc = 0x656c6946u;
  DAT_004732c4 = 0x6e776f44u;
  DAT_004732cc = 0x7055u;
  DAT_004732ec = 0x79736145u;
  DAT_004732fc = 0x64726148u;
  DAT_00473304 = 0x74697551u;
  DAT_0047414c = 0x58585858u;
  DAT_00474150 = 0x462e5858u;
  DAT_00474154 = 0x4e41u;
  DAT_00474156 = 0x6e550000u;
  DAT_00474388 = 0x6272u;
  DAT_004743b0 = 0x77u;
  DAT_004749c0 = 0x5c3a70u;
  DAT_004749c4 = 0x5c3a71u;
  DAT_00474a74 = 0x7761722eu;
  DAT_00474a94 = 0x6277u;
  DAT_00474afc = 0x4d736956u;
  DAT_00475c10 = 0x6277u;
  DAT_00475ca0 = 0x6272u;
  DAT_00475e30 = 0x6566696cu;
  DAT_00475e68 = 0x5741522eu;
  DAT_004766b4 = 0x0u;
  DAT_004766c0 = 0x7325u;
  DAT_004767dc = 0x31u;
  DAT_004767e0 = 0x30u;
  DAT_00476884 = 0x4cu;
  DAT_00476888 = 0x52u;
  DAT_004768b8 = 0x2eu;
  DAT_004768c8 = 0x766177u;
  DAT_0047699c = 0x6e6f63u;
  DAT_004769a0 = 0x6e6f63u;
  DAT_00476e70 = 0x666e69u;
  DAT_00476e74 = 0x6e616eu;
  DAT_00476e8c = 0x1010100u;
  DAT_00476f90 = 0x8040201u;
  DAT_00476f96 = 0x8040u;
  DAT_00476f98 = 0x1f0000u;
  DAT_00476f9a = 0x3b001fu;
  DAT_00476fb0 = 0x16du;
  DAT_00476fb2 = 0x1f0000u;
  DAT_00476fcc = 0x0u;
  DAT_00476fd0 = 0x7ff00000u;
  DAT_00477010 = 0xf9c600d8u;
  DAT_00477012 = 0x40c6f9c6u;
  DAT_00477016 = 0x6cc734e9u;
  DAT_00477060 = 0x280u;
  DAT_00477064 = 0x1e0u;
  DAT_00477068 = 0x0u;
  DAT_0047706e = 0x0u;
  DAT_00477078 = 0x0u;
  DAT_0047707a = 0x0u;
  DAT_0047707c = 0x0u;
  DAT_0047707e = 0x0u;
  DAT_004770aa = 0x0u;
  DAT_004770c0 = 0x0u;
  DAT_004770ec = 0x0u;
  DAT_00477118 = 0x1e0000u;
  DAT_0047712c = 0x0u;
  DAT_0047712e = 0x40000u;
  DAT_00477142 = 0xa00000u;
  DAT_0047719c = 0x110011u;
  DAT_004771de = 0x0u;
  DAT_004772fc = 0x40002000u;
  DAT_00477312 = 0x400080u;
  DAT_004773ac = 0x200060u;
  DAT_004773ee = 0x80004000u;
  DAT_00477404 = 0x200040u;
  DAT_00477446 = 0x1c001u;
  DAT_0047745c = 0x100070u;
  DAT_0047757a = 0x0u;
  DAT_00477590 = 0x0u;
  DAT_004777b6 = 0x0u;
  DAT_0047930a = 0x1c0000u;
  DAT_004799a8 = 0x40000u;
  DAT_004799be = 0x0u;
  DAT_004799d4 = 0x0u;
  DAT_004799ea = 0x0u;
  DAT_00479a00 = 0x0u;
  DAT_00479a16 = 0x0u;
  DAT_00479a2c = 0x0u;
  DAT_00479a42 = 0x0u;
  DAT_00479a58 = 0x0u;
  DAT_00479a6e = 0x0u;
  DAT_00479a84 = 0x0u;
  DAT_00479a9a = 0x0u;
  DAT_00479ab0 = 0x0u;
  DAT_00479ac6 = 0x40004u;
  DAT_00479adc = 0x0u;
  DAT_00479af2 = 0x0u;
  DAT_00479b08 = 0x40004u;
  DAT_00479b1e = 0x40004u;
  DAT_00479b34 = 0x40004u;
  DAT_00479b4a = 0x0u;
  DAT_00479b60 = 0x40004u;
  DAT_00479b76 = 0x40004u;
  DAT_00479b8c = 0x40004u;
  DAT_00479ba2 = 0x0u;
  DAT_00479bb8 = 0xc000cu;
  DAT_00479bce = 0x0u;
  DAT_00479be4 = 0x0u;
  DAT_00479bfa = 0xc000cu;
  DAT_00479c10 = 0xc000cu;
  DAT_00479c26 = 0xc000cu;
  DAT_00479c3c = 0x0u;
  DAT_00479c52 = 0xc000cu;
  DAT_00479c68 = 0xc000cu;
  DAT_00479c7e = 0xc000cu;
  DAT_00479c94 = 0xc000cu;
  DAT_00479d6c = 0xc000cu;
  DAT_00479d74 = 0x0u;
  DAT_00479d88 = 0x0u;
  DAT_00479d94 = 0x0u;
  DAT_00479d9c = 0x0u;
  DAT_00479dac = 0xffffffffu;
  DAT_00479db4 = 0x0u;
  DAT_00479db9 = 0x0u;
  DAT_00479dba = 0x0u;
  DAT_00479dbc = 0x0u;
  DAT_00479dd0 = 0x1u;
  DAT_00479dd4 = 0x0u;
  DAT_00479dd8 = 0x0u;
  DAT_00479ddc = 0x0u;
  DAT_00479de0 = 0x0u;
  DAT_00479de4 = 0x0u;
  DAT_00479de8 = 0x0u;
  DAT_00479df0 = 0x0u;
  DAT_00479df4 = 0x1u;
  DAT_00479df8 = 0x0u;
  DAT_00479dfc = 0x0u;
  DAT_00479e00 = 0x0u;
  DAT_00479e04 = 0x0u;
  DAT_00479e08 = 0x0u;
  DAT_00479e14 = 0x0u;
  DAT_00479e18 = 0x2u;
  DAT_00479e1c = 0x0u;
  DAT_00479e20 = 0x0u;
  DAT_00479e24 = 0x0u;
  DAT_00479e39 = 0x0u;
  DAT_00479e3c = 0x0u;
  DAT_00479e44 = 0x0u;
  DAT_00479e48 = 0x0u;
  DAT_00479e4c = 0xffffffffu;
  DAT_00479e50 = 0xffffffffu;
  DAT_00479e74 = 0x0u;
  DAT_00479e8a = 0xffff0000u;
  DAT_00479e8e = 0xffffffffu;
  DAT_00479e92 = 0x23232323u;
  DAT_0047a270 = 0x0u;
  DAT_0047a279 = 0x0u;
  DAT_0047a298 = 0x0u;
  DAT_0047a29c = 0x0u;
  DAT_0047a2a4 = 0x400000u;
  DAT_0047a2a8 = 0x0u;
  DAT_0047a2ac = 0x0u;
  DAT_0047a2b0 = 0x0u;
  DAT_0047a2b4 = 0x1u;
  DAT_0047a2b8 = 0x0u;
  DAT_0047a2e4 = 0x1u;
  DAT_0047a2e8 = 0x2u;
  DAT_0047a314 = 0x3u;
  DAT_0047a318 = 0x1u;
  DAT_0047a348 = 0x4u;
  DAT_0047a34a = 0x10000u;
  DAT_0047a34c = 0x10001u;
  DAT_0047a35c = 0x0u;
  DAT_0047a366 = 0x0u;
  DAT_0047a368 = 0x31300000u;
  DAT_0047a37c = 0x500000u;
  DAT_0047a394 = 0x0u;
  DAT_0047a398 = 0x1u;
  DAT_0047a3ac = 0x0u;
  DAT_0047a3b4 = 0x0u;
  DAT_0047a3b8 = 0x0u;
  DAT_0047a3e0 = 0x0u;
  DAT_0047a408 = 0xcu;
  DAT_0047a40c = 0xcu;
  DAT_0047a410 = 0x2u;
  DAT_0047a414 = 0x0u;
  DAT_0047a428 = 0x0u;
  DAT_0047a42c = 0x0u;
  DAT_0047a434 = 0x0u;
  DAT_0047a438 = 0x0u;
  DAT_0047a43c = 0x1u;
  DAT_0047a440 = 0x1u;
  DAT_0047a448 = 0x0u;
  DAT_0047a44c = 0x0u;
  DAT_0047a450 = 0x0u;
  DAT_0047a458 = 0x0u;
  DAT_0047a45e = 0x0u;
  DAT_0047a470 = 0x0u;
  DAT_0047a498 = 0x0u;
  DAT_0047a49c = 0x1u;
  DAT_0047a4a0 = 0x1u;
  DAT_0047a4a4 = 0x1u;
  DAT_0047a4bd = 0x0u;
  DAT_0047a4dc = 0x0u;
  DAT_0047a4e0 = 0x0u;
  DAT_0047a4f8 = 0x0u;
  DAT_0047a518 = 0xffffffffu;
  DAT_0047a534 = 0xffffffffu;
  DAT_0047a588 = 0xffffffffu;
  DAT_0047a5a4 = 0xffffffffu;
  DAT_0047a5c0 = 0xffffffffu;
  DAT_0047a614 = 0xffffffffu;
  DAT_0047a630 = 0xffffffffu;
  DAT_0047a64c = 0xffffffffu;
  DAT_0047a668 = 0xffffffffu;
  DAT_0047a670 = 0x0u;
  DAT_0047a684 = 0xffffffffu;
  DAT_0047a6a0 = 0xffffffffu;
  DAT_0047a6f4 = 0xffffffffu;
  DAT_0047a710 = 0x0u;
  DAT_0047a714 = 0x0u;
  DAT_0047a724 = 0x0u;
  DAT_0047a728 = 0x0u;
  DAT_0047a72c = 0x0u;
  DAT_0047a730 = 0x0u;
  DAT_0047a738 = 0x7u;
  DAT_0047a740 = 0x0u;
  DAT_0047a760 = 0x0u;
  DAT_0047a76c = 0x0u;
  DAT_0047a778 = 0xffffffffu;
  DAT_0047a77c = 0x0u;
  DAT_0047a786 = 0x0u;
  DAT_0047a788 = 0x0u;
  DAT_0047a7e0 = 0x0u;
  DAT_0047a7ec = 0x0u;
  DAT_0047aa38 = 0x0u;
  DAT_0047aa86 = 0x0u;
  DAT_0047aaae = 0x0u;
  DAT_0047aad8 = 0x0u;
  DAT_0047ab00 = 0x0u;
  DAT_0047ab04 = 0x0u;
  DAT_0047ab08 = 0x0u;
  DAT_0047ab0c = 0x0u;
  DAT_0047ab10 = 0x0u;
  DAT_0047ab14 = 0x0u;
  DAT_0047ab18 = 0x0u;
  DAT_0047ab1c = 0x0u;
  DAT_0047ab20 = 0x0u;
  DAT_0047ab24 = 0x0u;
  DAT_0047ab28 = 0x64u;
  DAT_0047ab2c = 0x0u;
  DAT_0047ab30 = 0x0u;
  DAT_0047ab34 = 0x0u;
  DAT_0047ab38 = 0x0u;
  DAT_0047ab3c = 0xffffffffu;
  DAT_0047ab40 = 0x0u;
  DAT_0047b7f0 = 0x0u;
  DAT_0047b7f4 = 0x0u;
  DAT_0047b7f8 = 0x20202020u;
  DAT_0047d0bc = 0x1u;
  DAT_0047d0c4 = 0x1u;
  DAT_0047d0c8 = 0x0u;
  DAT_0047d0cc = 0x0u;
  DAT_0047d0d0 = 0x0u;
  DAT_0047d0d4 = 0x0u;
  DAT_0047d150 = 0x0u;
  DAT_0047d154 = 0x0u;
  DAT_0047d158 = 0x71657246u;
  DAT_0047d15d = 0x6e6150u;
  DAT_0047d16f = 0x79616c50u;
  DAT_0047d1a0 = 0x74736f4cu;
  DAT_0047d1a5 = 0x2d5748u;
  DAT_0047d1a9 = 0x2d5753u;
  DAT_0047d1f0 = 0x0u;
  DAT_0047d1f4 = 0x0u;
  DAT_0047d1f8 = 0x0u;
  DAT_0047d260 = 0x0u;
  DAT_0047d264 = 0x0u;
  DAT_0047d268 = 0x0u;
  DAT_0047d304 = 0x0u;
  DAT_0047d34c = 0x0u;
  DAT_0047d350 = 0x80000000u;
  DAT_0047d354 = 0x0u;
  DAT_0047d358 = 0x0u;
  DAT_0047d35c = 0x0u;
  DAT_0047d360 = 0x0u;
  DAT_0047d37c = 0x0u;
  DAT_0047d380 = 0x0u;
  DAT_0047d388 = 0x0u;
  DAT_0047d390 = 0x0u;
  DAT_0047d394 = 0x0u;
  DAT_0047d398 = 0xffffffffu;
  DAT_0047d3e0 = (uintptr_t)&FUN_004634c7;
  DAT_0047d3e4 = 0x0u;
  DAT_0047d3fc = 0x0u;
  DAT_0047d604 = 0x10061u;
  DAT_0047d605 = 0x100u;
  DAT_0047d610 = 0x14u;
  DAT_0047d67c = 0x0u;
  DAT_0047d6a0 = 0x0u;
  DAT_0047d6a4 = 0x0u;
  DAT_0047d6a8 = 0x1u;
  DAT_0047d6c4 = 0x4650u;
  DAT_0047d6c8 = 0xe10u;
  DAT_0047d6d0 = 0x545345u;
  DAT_0047d6ef = 0x544445u;
  DAT_0047d716 = 0x1u;
  DAT_0047d71c = 0x0u;
  DAT_0047d728 = 0x0u;
  DAT_0047d744 = 0x0u;
  DAT_0047d74c = 0x0u;
  DAT_0047d763 = 0x0u;
  DAT_0047d764 = 0x6c000000u;
  DAT_0047d765 = 0x306c0000u;
  DAT_0047d76c = 0x0u;
  DAT_0047d770 = 0xffffffffu;
  DAT_0047d774 = 0xffffffffu;
  DAT_0047d778 = 0x1u;
  DAT_0047d77c = 0xffffffffu;
  DAT_0047d7f4 = 0x1u;
  DAT_0047d7f8 = 0x10u;
  DAT_0047d808 = 0xe2u;
  DAT_0047d810 = 0x0u;
  DAT_0047d884 = 0x20d02000u;
  DAT_0047d8b4 = 0xfc050100u;
  DAT_0047d8c6 = 0x0u;
  DAT_0047da60 = 0x100u;
  DAT_00480010 = 0xb8u;
  DAT_00480090 = 0x7e800u;
  DAT_00480092 = 0x54000007u;
  DAT_00480094 = 0x645400u;
  DAT_004c3890 = 0xd0c381d8u;
  DAT_004c3990 = 0x8000u;
  DAT_004c39a7 = 0xaba2fcbau;
  DAT_004c39ac = 0xd989c201u;
  DAT_004c39af = 0x31d789d9u;
  DAT_004c3a16 = 0xc0310093u;
  DAT_004c3a90 = 0xba1274ceu;
  DAT_004c3ac8 = 0x475b3cu;
  DAT_004c3ad5 = 0x5e5fd089u;
  DAT_004c3add = 0x5300408du;
  DAT_004c3b90 = 0xdb758000u;
  DAT_004c3bba = 0x89520040u;
  DAT_004c3c90 = 0xd285ebebu;
  DAT_00507490 = 0xff202230u;
  DAT_00507590 = 0xff5c1327u;
  DAT_0050b510 = 0xffe74a29u;
  DAT_0060b388 = 0x0u;
  DAT_0060ccb8 = 0x0u;
  DAT_0061ac28 = 0x0u;
  DAT_0061c730 = 0x0u;
  DAT_0061cd30 = 0x0u;
  DAT_00621330 = 0x0u;
  DAT_0062ba20 = 0x0u;
  DAT_00630b60 = 0x0u;
  DAT_00635980 = 0x0u;
  DAT_00636150 = 0x0u;
  DAT_00636624 = 0x0u;
  DAT_00636668 = 0x0u;
  DAT_006366c0 = 0x0u;
  DAT_006366dc = 0x0u;
  DAT_00636700 = 0x0u;
  DAT_0063679e = 0x0u;
  DAT_00636844 = 0x0u;
  DAT_00636845 = 0x0u;
  DAT_00636846 = 0x0u;
  DAT_00636847 = 0x0u;
  DAT_00636848 = 0x0u;
  DAT_00636849 = 0x0u;
  DAT_0063684a = 0x0u;
  DAT_0063684b = 0x0u;
  DAT_0063684c = 0x0u;
  DAT_0063684d = 0x0u;
  DAT_0063684e = 0x0u;
  DAT_0063684f = 0x0u;
  DAT_00636850 = 0x0u;
  DAT_00636851 = 0x0u;
  DAT_00636852 = 0x0u;
  DAT_00636853 = 0x0u;
  DAT_00636854 = 0x0u;
  DAT_00636855 = 0x0u;
  DAT_00636856 = 0x0u;
  DAT_00636857 = 0x0u;
  DAT_00636858 = 0x0u;
  DAT_00636859 = 0x0u;
  DAT_0063685a = 0x0u;
  DAT_0063685b = 0x0u;
  DAT_0063685c = 0x0u;
  DAT_00636864 = 0x0u;
  DAT_006368d8 = 0x0u;
  DAT_00637286 = 0x0u;
  DAT_006372aa = 0x0u;
  DAT_006372bc = 0x0u;
  DAT_006372c2 = 0x0u;
  DAT_006372da = 0x0u;
  DAT_006372e6 = 0x0u;
  DAT_00640148 = 0x0u;
  DAT_006401d4 = 0x0u;
  DAT_006401ec = 0x0u;
  DAT_006430ee = 0x0u;
  DAT_00643434 = 0x0u;
  DAT_00643540 = 0x0u;
  DAT_00643690 = 0x0u;
  DAT_006436f0 = 0x0u;
  DAT_006439a8 = 0x0u;
  DAT_00643a08 = 0x0u;
  DAT_00643a48 = 0x0u;
  DAT_00643ae0 = 0x0u;
  DAT_00643ae1 = 0x0u;
  DAT_00643b21 = 0x0u;
  DAT_00643e14 = 0x0u;
  DAT_00643e15 = 0x0u;
  DAT_006443de = 0x0u;
  DAT_0064452e = 0x0u;
  DAT_0064a178 = 0x0u;
  DAT_0064a1f8 = 0x0u;
  DAT_0064c888 = 0x0u;
  DAT_0064ec78 = 0x0u;
  DAT_006536b0 = 0x0u;
  DAT_006625c0 = 0x0u;
  DAT_00670c42 = 0x0u;
  DAT_00670c44 = 0x0u;
  DAT_00670c48 = 0x0u;
  DAT_0067101a = 0x0u;
  DAT_00675670 = 0x0u;
  DAT_00676610 = 0x0u;
  DAT_006769f8 = 0x0u;
  DAT_00677998 = 0x0u;
  DAT_0067a0a8 = 0x0u;
  DAT_0067a490 = 0x0u;
  DAT_0067b83c = 0x0u;
  DAT_0067bc94 = 0x0u;
  DAT_0067bc9e = 0x0u;
  DAT_0067c728 = 0x0u;
  DAT_0067c72a = 0x0u;
  DAT_0067c72c = 0x0u;
  DAT_0067c72e = 0x0u;
  DAT_0067c730 = 0x0u;
  DAT_0067c732 = 0x0u;
  DAT_0067c734 = 0x0u;
  DAT_00684be8 = 0x0u;
  DAT_00684d68 = 0x0u;
  DAT_0068cd68 = 0x0u;
  DAT_0068cd69 = 0x0u;
  DAT_0068cd6a = 0x0u;
  DAT_0068cd6f = 0x0u;
  DAT_0068cd70 = 0x0u;
  DAT_0068cd72 = 0x0u;
  DAT_0073cc4c = 0x0u;
  DAT_0073cc4d = 0x0u;
  DAT_007c872a = 0x0u;
  DAT_007c8739 = 0x0u;
  DAT_00838c28 = 0x0u;
  DAT_0084b392 = 0x0u;
  DAT_0086918e = 0x0u;
  DAT_009373dc = 0x0u;
  DAT_009373e6 = 0x0u;
  DAT_009377e0 = 0x0u;
  DAT_009377fd = 0x0u;
  DAT_0093bf16 = 0x0u;
  DAT_00950e9e = 0x0u;
  DAT_00aa6a4f = 0x0u;
  DAT_00aba43a = 0x0u;
  DAT_00ac265e = 0x0u;
  DAT_00ac49b4 = 0x0u;
  DAT_00ac49b6 = 0x0u;
  DAT_00ac49b8 = 0x0u;
  DAT_00ac49ba = 0x0u;
  DAT_00ac4a6c = 0x0u;
  DAT_00ac4b94 = 0x0u;
  DAT_00ac4b96 = 0x0u;
  DAT_00ac4bc6 = 0x0u;
  DAT_00ac4bc8 = 0x0u;
  DAT_00ac4cad = 0x0u;
  DAT_00ac4db0 = 0x0u;
  DAT_00ac4dd8 = 0x0u;
  DAT_00ac4e20 = 0x0u;
  DAT_00ac520c = 0x0u;
  DAT_00ac5210 = 0x0u;
  DAT_00ac5211 = 0x0u;
  DAT_00ac5380 = 0x0u;
  DAT_5af34e72 = 0x0u;
  LAB_00410779 = 0x412ee8u;
  LAB_00414656 = 0x47a724a1u;
  LAB_004147d4 = 0x408d5au;
  LAB_00415bc5 = 0xbee8d089u;
  LAB_00415cc2 = 0xc1e8d089u;
  LAB_00415ea5 = 0x244f2e8u;
  LAB_00416112 = 0x68473d80u;
  LAB_00417234 = 0xff25u;
  LAB_00417446 = 0xf08e0c1u;
  LAB_00418ade = 0x636874a1u;
  LAB_0041a82c = 0x8c24948bu;
  LAB_0041ced0 = 0xb3e8d089u;
  LAB_0041e8ea = 0xfa83d089u;
  LAB_0041e92e = 0x55e8e889u;
  LAB_0041e9fa = 0xfc249c8du;
  LAB_0041ea90 = 0xf3e8e889u;
  LAB_0041eae3 = 0xa0e8e889u;
  LAB_0041f9cd = 0x2d8bff31u;
  LAB_004205ad = 0x6850e089u;
  LAB_004218fe = 0x47a279a1u;
  LAB_00422061 = 0xe482c7u;
  LAB_00424144 = 0xfff70fe8u;
  LAB_00424e2c = 0x2041d8bu;
  LAB_00425799 = 0x2ce8e889u;
  LAB_00426b40 = 0x850a788bu;
  LAB_004271ea = 0x7ec08566u;
  LAB_0042738e = 0x8bd8f798u;
  LAB_004273ba = 0x6624148bu;
  LAB_00427d14 = 0x85264d8bu;
  LAB_00427ed2 = 0x7eff8566u;
  LAB_00427fe6 = 0x13e45c7u;
  LAB_00428217 = 0x8b2a4d8bu;
  LAB_004284a9 = 0x662a458bu;
  LAB_004285ae = 0x6e7d8166u;
  LAB_0042869a = 0x312a458bu;
  LAB_00428771 = 0x6e7d8166u;
  LAB_004287a9 = 0x8280c766u;
  LAB_00428c0d = 0x8b32558bu;
  LAB_00428c35 = 0x145ee8u;
  LAB_00428ec5 = 0x1beu;
  LAB_00428f82 = 0x2beu;
  LAB_00429b24 = 0x8b32558bu;
  LAB_00429b2f = 0xff68566u;
  LAB_00429f13 = 0x8a2a458bu;
  LAB_0042ac85 = 0x82a58du;
  LAB_0042ae53 = 0x40d41f6u;
  LAB_0042afdb = 0x56e8c889u;
  LAB_0042b9db = 0xda5840fu;
  LAB_0042b9e1 = 0x2478b66u;
  LAB_0042c113 = 0x42034e80u;
  LAB_0042c8d3 = 0x58f840fu;
  LAB_0042c8d9 = 0x2468b66u;
  LAB_0042cb9f = 0x20347f6u;
  LAB_0042cc38 = 0x20347f6u;
  LAB_0042cf46 = 0xb8158966u;
  LAB_0042d2d6 = 0x74f68566u;
  LAB_0042e793 = 0xc085c031u;
  LAB_0042e922 = 0xc085c031u;
  LAB_0042eeaf = 0xc085c031u;
  LAB_0042f2fc = 0x180818bu;
  LAB_0042f5ed = 0x448de289u;
  LAB_0042f68b = 0x8366c031u;
  LAB_0042f852 = 0x5d28c483u;
  LAB_0042fbd4 = 0xfff403e8u;
  LAB_0043a5f8 = 0xc75f685u;
  LAB_0043a8f0 = 0x5a5e5f5du;
  LAB_0043a93a = 0x851e518bu;
  LAB_0043bf3e = 0xe889da89u;
  LAB_0043c295 = 0xeee8d889u;
  LAB_0043c2db = 0xa8e8d889u;
  LAB_0043c369 = 0x1ae8d889u;
  LAB_0043c40f = 0x74e8d889u;
  LAB_0043c464 = 0x5d44c483u;
  LAB_0043c46e = 0x774db85u;
  LAB_0043c4b0 = 0x472758b8u;
  LAB_0043c4e8 = 0xa1665253u;
  LAB_0043c594 = 0x66525153u;
  LAB_0043c8b8 = 0x83525153u;
  LAB_0043cb1c = 0x4727b0b8u;
  LAB_0043d0bd = 0xc6e8d889u;
  LAB_0043d101 = 0x82e8d889u;
  LAB_0043d13a = 0x774db85u;
  LAB_0043d13e = 0x27e8d889u;
  LAB_0043d445 = 0x9e182d8bu;
  LAB_0043d458 = 0x89d23152u;
  LAB_0043d464 = 0x365005c7u;
  LAB_0043d470 = 0x365005c7u;
  LAB_0043d47c = 0xa76c3d83u;
  LAB_0043d490 = 0x365005c7u;
  LAB_0043d6c4 = 0x6443d0a1u;
  LAB_0043d6d4 = 0x6443d0a1u;
  LAB_0043d6e4 = 0x83525153u;
  LAB_0043d728 = 0x56525153u;
  LAB_0043d7a0 = 0x83525153u;
  LAB_0043d7f0 = 0x8b525153u;
  LAB_0043d83c = 0xd0c43d83u;
  LAB_0043dc2e = 0x7824bc83u;
  LAB_0043f91c = 0x57525153u;
  LAB_0043f9fc = 0x66525153u;
  LAB_0043fadc = 0x31525153u;
  LAB_0043fb58 = 0x56525153u;
  LAB_0043fc2c = 0x56525153u;
  LAB_0044194c = 0x5f04c483u;
  LAB_004419a8 = 0x5f04c483u;
  LAB_00441a60 = 0x5f04c483u;
  LAB_00441abc = 0x5f04c483u;
  LAB_00441b18 = 0x5f04c483u;
  LAB_00441ef4 = 0x5f04c483u;
  LAB_00441f50 = 0x5f04c483u;
  LAB_004437e7 = 0xc483d089u;
  LAB_00444418 = 0x8ff8366u;
  LAB_004444a9 = 0xeff8366u;
  LAB_004446b0 = 0xbf98366u;
  LAB_00444743 = 0xbf98366u;
  LAB_004448f9 = 0xfce8f089u;
  LAB_00444928 = 0x35f98366u;
  LAB_004449f5 = 0x35f98366u;
  LAB_00444cd9 = 0x7d046e3bu;
  LAB_00444d4f = 0xfda3942u;
  LAB_00444d5d = 0xfe1b42e8u;
  LAB_00444eca = 0x243c83u;
  LAB_00444f23 = 0xc085c189u;
  LAB_00444f53 = 0x30e8f089u;
  LAB_00444fe3 = 0x14244c8bu;
  LAB_00445024 = 0x5fe8f089u;
  LAB_004451d0 = 0xb3e8c889u;
  LAB_00445534 = 0x4fe8f089u;
  LAB_00445603 = 0xf0bfc931u;
  LAB_00445628 = 0x5be8f089u;
  LAB_00445723 = 0x60e8f089u;
  LAB_00445819 = 0x6ae8f089u;
  LAB_00445920 = 0x63e8f089u;
  LAB_004459fb = 0xf0bfc931u;
  LAB_00445a20 = 0x63e8f089u;
  LAB_00445af6 = 0x923d8366u;
  LAB_00445b25 = 0x5ee8f089u;
  LAB_00445c2f = 0x54e8f089u;
  LAB_00445cfc = 0xa3c1bf0fu;
  LAB_00445d04 = 0x923d8366u;
  LAB_00445d33 = 0x50e8f089u;
  LAB_00445f3a = 0x49e8f089u;
  LAB_00446012 = 0x923d8366u;
  LAB_004460f9 = 0x19f98366u;
  LAB_00446189 = 0x19f98366u;
  LAB_004466b6 = 0x8324048bu;
  LAB_0044678f = 0x8324048bu;
  LAB_00446867 = 0x8324048bu;
  LAB_0044693f = 0x8324048bu;
  LAB_00446a17 = 0x8324048bu;
  LAB_00446aef = 0x8324048bu;
  LAB_00446bc7 = 0x8324048bu;
  LAB_00446c9e = 0x8324048bu;
  LAB_00446d77 = 0x8324048bu;
  LAB_00446e5f = 0x8324048bu;
  LAB_00446f47 = 0x8324048bu;
  LAB_00447718 = 0x6be8d089u;
  LAB_00447754 = 0x2fe8d089u;
  LAB_0044779a = 0xe9e8d089u;
  LAB_00447816 = 0x6de8d089u;
  LAB_00447850 = 0x33e8d089u;
  LAB_004478ab = 0x16e8d089u;
  LAB_0044796b = 0x18e8d089u;
  LAB_004494d0 = 0x9de8f889u;
  LAB_004494d7 = 0xb8249c8bu;
  LAB_0044976c = 0x84818bu;
  LAB_0044a91a = 0x40d43f6u;
  LAB_0044adc7 = 0xff1cf4e8u;
  LAB_0044af7e = 0x47a724a1u;
  LAB_0044afd1 = 0x47a724a1u;
  LAB_0044b026 = 0x47a724a1u;
  LAB_0044b276 = 0x1bbu;
  LAB_0044b361 = 0x47a724a1u;
  LAB_0044b3e1 = 0x47a724a1u;
  LAB_0044b460 = 0x47a724a1u;
  LAB_0044b521 = 0x1bbu;
  LAB_0044bfdd = 0x1d40d8bu;
  LAB_0044c35b = 0xc068u;
  LAB_0044dfe1 = 0x3bau;
  LAB_0044e947 = 0x243c83u;
  LAB_0044ea1e = 0x8b66068bu;
  LAB_0044eb16 = 0x685c3d80u;
  LAB_0044ee0b = 0x108b068bu;
  LAB_0044f7a9 = 0x48244483u;
  LAB_00452fda = 0x65880d89u;
  LAB_004532ac = 0xfb9f80f6u;
  LAB_004532ca = 0x420ec083u;
  LAB_004532d5 = 0x4875f685u;
  LAB_0045337e = 0x1375d285u;
  LAB_004533ee = 0x1375d285u;
  LAB_004534dd = 0x1375f685u;
  LAB_00453558 = 0x1375d285u;
  LAB_004535d0 = 0x1375d285u;
  LAB_00453648 = 0x1375d285u;
  LAB_004536ba = 0x1375d285u;
  LAB_00453726 = 0x1375d285u;
  LAB_00453796 = 0x1375d285u;
  LAB_0045381e = 0x1375d285u;
  LAB_00453892 = 0x1375d285u;
  LAB_00453903 = 0xa75d285u;
  LAB_0045453b = 0x48e8f089u;
  LAB_004545cb = 0xb8e8f089u;
  LAB_004549cb = 0xb8e8f089u;
  LAB_00454ca0 = 0xe3e8f089u;
  LAB_00454f95 = 0x14cc481u;
  LAB_004555a2 = 0xa4c481u;
  LAB_00455729 = 0xac4cadbbu;
  LAB_004566d9 = 0x18db9u;
  LAB_00456b5d = 0x6424448bu;
  LAB_00456d86 = 0xc931f631u;
  LAB_00456d8a = 0x30246c8bu;
  LAB_00457dca = 0x8506688bu;
  LAB_00458110 = 0x55575653u;
  LAB_00458b84 = 0x424448bu;
  LAB_00458d08 = 0xfe3ec3e8u;
  LAB_00458f54 = 0x2fe8f089u;
  LAB_00458f9c = 0xe7e8f089u;
  LAB_00459b1b = 0x51575655u;
  LAB_00459f94 = 0xc483f089u;
  LAB_0045b123 = 0x755c7b3bu;
  LAB_0045b14e = 0x1b8u;
  LAB_0045b15d = 0x850fc085u;
  LAB_0045b890 = 0x5ebc031u;
  LAB_0045b8a0 = 0x424548bu;
  LAB_0045c03d = 0xff853b8bu;
  LAB_0045c05f = 0x2424448bu;
  LAB_0045c141 = 0x5c245c8bu;
  LAB_0045c645 = 0x2c244c8bu;
  LAB_0045e69e = 0x5b8u;
  LAB_0045e6b1 = 0x3b8u;
  LAB_0045e75a = 0xd889c289u;
  LAB_0045e765 = 0x5d0cc483u;
  LAB_0045e818 = 0xff24048bu;
  LAB_0045e8d3 = 0xff24048bu;
  LAB_0045e9a2 = 0xf2893e75u;
  LAB_0045e9a4 = 0x3aebf289u;
  LAB_0045e9e0 = 0xc031c289u;
  LAB_0045ea00 = 0x5e04c483u;
  LAB_0045ee3f = 0xffec458bu;
  LAB_0045ef6c = 0xcb8u;
  LAB_0045f08e = 0xd3885153u;
  LAB_0045f10a = 0xff83f889u;
  LAB_0045f1a1 = 0x2d88ed30u;
  LAB_0045f1b1 = 0x5d04c483u;
  LAB_0045f2c7 = 0x9b8u;
  LAB_0045f2f0 = 0x15b9e8u;
  LAB_0045f2fe = 0xff10418bu;
  LAB_0045f37b = 0xff10418bu;
  LAB_0045f5fa = 0xff10428bu;
  LAB_0045f6f3 = 0x5a5e5f5du;
  LAB_0045f98a = 0x140c481u;
  LAB_0045fb59 = 0x1d75c838u;
  LAB_0045fb81 = 0xc2895253u;
  LAB_0045fb9d = 0xe908528bu;
  LAB_0045fce6 = 0x8910408du;
  LAB_0045fde1 = 0xff10428bu;
  LAB_0045fe83 = 0x6d4e8u;
  LAB_0045ffb9 = 0x1a74ff85u;
  LAB_0046008c = 0x8941e689u;
  LAB_0046020d = 0x5e18c483u;
  LAB_004603a2 = 0x21ebc031u;
  LAB_0046094f = 0x5e5ff089u;
  LAB_004609da = 0x1abbu;
  LAB_00460a05 = 0x5b8u;
  LAB_00460a17 = 0x595a5e5fu;
  LAB_00461015 = 0x5f147388u;
  LAB_0046129c = 0x8014568au;
  LAB_004612df = 0xff087e83u;
  LAB_004612e9 = 0xbb15568au;
  LAB_004613a4 = 0x8014568au;
  LAB_004613d6 = 0xc289f389u;
  LAB_0046140a = 0x87e83u;
  LAB_00461426 = 0xfffc79e8u;
  LAB_00461430 = 0x8014568au;
  LAB_00461481 = 0x8014568au;
  LAB_0046154a = 0x2414468au;
  LAB_0046156d = 0xe889fa89u;
  LAB_00461590 = 0x47e83u;
  LAB_00461653 = 0x446c7u;
  LAB_0046167c = 0x243c83u;
  LAB_004616ba = 0x1846c6u;
  LAB_004616d1 = 0x568ad231u;
  LAB_004618ac = 0x8b04578bu;
  LAB_004619e9 = 0x5f04c483u;
  LAB_00461a4a = 0x31c3595au;
  LAB_00461c02 = 0x5a5e5f5du;
  LAB_00461e5a = 0x2500458au;
  LAB_00462415 = 0x21046f6u;
  LAB_004624ec = 0xf089fa89u;
  LAB_004624f0 = 0x895e8u;
  LAB_00462529 = 0xf089fa89u;
  LAB_00462555 = 0xdb85c389u;
  LAB_0046258c = 0x21046f6u;
  LAB_004625cc = 0x4247c83u;
  LAB_004628ad = 0x11043f6u;
  LAB_00462a5a = 0x11041f6u;
  LAB_00462cbb = 0xc889f289u;
  LAB_00462cc4 = 0x8e0fff85u;
  LAB_00462eae = 0xf883c389u;
  LAB_00462eda = 0xe841f089u;
  LAB_00462ef9 = 0xd889f289u;
  LAB_00462f02 = 0x8247c83u;
  LAB_00462fc4 = 0x53c35b5au;
  LAB_0046306d = 0x89c38953u;
  LAB_0046394b = 0xffca81e9u;
  LAB_00463950 = 0x83c28952u;
  LAB_00463a28 = 0x158b5251u;
  LAB_00463adf = 0x595ac031u;
  LAB_00463b6d = 0x1b8u;
  LAB_00464464 = 0x10247c89u;
  LAB_00464510 = 0x1bfu;
  LAB_00464573 = 0x1beu;
  LAB_00464593 = 0x7989f889u;
  LAB_00464ee7 = 0xe889ed31u;
  LAB_00465044 = 0xd3cc15ffu;
  LAB_00465423 = 0x2abau;
  LAB_00465615 = 0xe680ce88u;
  LAB_00465763 = 0x85c4558bu;
  LAB_00466197 = 0xbedb31u;
  LAB_004667f1 = 0x91f7f791u;
  PTR_DAT_0047d664 = 0x47d614u;
  PTR_DAT_0047d712 = (uintptr_t)&DAT_0047d6ef;
  PTR_FUN_0047d26c = (uintptr_t)&FUN_0045f517;
  PTR_FUN_0047d270 = (uintptr_t)&FUN_0045f517;
  PTR_FUN_0047d274 = (uintptr_t)&FUN_0045f517;
  PTR_FUN_0047d39c = (uintptr_t)&FUN_00460623;
  PTR_FUN_0047d3a0 = (uintptr_t)&FUN_00460628;
  PTR_FUN_0047d3a4 = (uintptr_t)&FUN_00460628;
  PTR_FUN_0047d3b0 = (uintptr_t)&FUN_00460628;
  PTR_FUN_0047d3b4 = (uintptr_t)&FUN_00460628;
  PTR_FUN_0047d3b8 = (uintptr_t)&FUN_00460628;
  PTR_FUN_0047d3bc = (uintptr_t)&FUN_00460628;
  PTR_FUN_0047d3c0 = (uintptr_t)&FUN_00460628;
  PTR_FUN_0047d3c4 = (uintptr_t)&FUN_00460628;
  PTR_FUN_0047d3c8 = (uintptr_t)&FUN_00460628;
  PTR_FUN_0047d3cc = (uintptr_t)&FUN_00460628;
  PTR_FUN_0047d3d0 = (uintptr_t)&FUN_00460628;
  PTR_FUN_0047d3d4 = (uintptr_t)&FUN_00460628;
  PTR_FUN_0047d3d8 = (uintptr_t)&FUN_00460628;
  PTR_FUN_0047d3dc = (uintptr_t)&FUN_0046349a;
  PTR_FUN_0047d7ec = (uintptr_t)&FUN_0046400e;
  PTR_FUN_0047d7f0 = (uintptr_t)&FUN_0046400e;
  PTR_FUN_0047d878 = (uintptr_t)&FUN_0046667d;
  PTR_FUN_0047d87c = (uintptr_t)&FUN_00465e98;
  PTR_LAB_0047d7e0 = 0x4638edu;
  PTR_LAB_0047d7e4 = 0x4638edu;
  PTR_LAB_0047d7e8 = 0x4638edu;
  PTR_LAB_0047d8d8 = 0x464c60u;
  PTR_LAB_0047da7c = 0x46589du;
  PTR_s_8_000_kHz__8_Bit__Mono_0047d1b0 = 0x47638cu;
  PTR_s_Error_0_0047d30c = 0x4769a4u;
  PTR_thunk_FUN_004603d1_0047d3a8 = (uintptr_t)&thunk_FUN_004603d1;
  PTR_thunk_FUN_004604e6_0047d3ac = (uintptr_t)&thunk_FUN_004604e6;
  PTR_thunk_FUN_00466957_0047d880 = (uintptr_t)&thunk_FUN_00466957;
  _DAT_00470558 = 0x79646f42u;
  _DAT_00470568 = 0x64616548u;
  _DAT_004705e0 = 0x6f685f68u;
  _DAT_00470724 = 0x7a7a754du;
  _DAT_00470c34 = 0x6f746b62u;
  _DAT_00470ca4 = 0x53646e45u;
  _DAT_00470cb0 = 0x53646e45u;
  _DAT_00470cd0 = 0x6f726568u;
  _DAT_00470db0 = 0x5f79654bu;
  _DAT_00470dbc = 0x5f79654bu;
  _DAT_00470dc8 = 0x5f79654bu;
  _DAT_00470dd4 = 0x3179654bu;
  _DAT_00470ddc = 0x3279654bu;
  _DAT_00470de4 = 0x3379654bu;
  _DAT_00470dec = 0x3479654bu;
  _DAT_00470df4 = 0x3579654bu;
  _DAT_00470dfc = 0x3679654bu;
  _DAT_00470e04 = 0x3779654bu;
  _DAT_00470e0c = 0x3879654bu;
  _DAT_00470e14 = 0x3979654bu;
  _DAT_00470e7c = 0x75725f66u;
  _DAT_00470e84 = 0x31747966u;
  _DAT_00470e8c = 0x32747966u;
  _DAT_00470e94 = 0x72747966u;
  _DAT_00470e9c = 0x66626f67u;
  _DAT_00470ee8 = 0x6a616d6au;
  _DAT_00470ef4 = 0x776a6d6au;
  _DAT_00470f28 = 0x544f4f46u;
  _DAT_00470f30 = 0x45444157u;
  _DAT_00470f38 = 0x3244554du;
  _DAT_00470f4c = 0x4f484345u;
  _DAT_00470f54 = 0x53415247u;
  _DAT_00470f5c = 0x5641454cu;
  _DAT_00470f64 = 0x44554854u;
  _DAT_00470f6c = 0x3144554du;
  _DAT_00470f7c = 0x4c494f53u;
  _DAT_00470f84 = 0x4f484345u;
  _DAT_00470f8c = 0x4b43494bu;
  _DAT_00470f94 = 0x44554854u;
  _DAT_00471339 = 0x0u;
  _DAT_00471359 = 0x0u;
  _DAT_00471361 = 0x0u;
  _DAT_00471371 = 0xf01b866eu;
  _DAT_004725c4 = 0x44200000u;
  _DAT_004725c8 = 0x43f00000u;
  _DAT_004725cc = 0x0u;
  _DAT_004725d4 = 0x0u;
  _DAT_00479da8 = 0x0u;
  _DAT_00479db0 = 0x0u;
  _DAT_00479de0 = 0x0u;
  _DAT_00479df0 = 0x0u;
  _DAT_00479e4c = 0xffffffffu;
  _DAT_00479e50 = 0xffffffffu;
  _DAT_00479e54 = 0xffffffffu;
  _DAT_00479e78 = 0x3e8u;
  _DAT_00479e7a = 0x0u;
  _DAT_00479e8e = 0xffffffffu;
  _DAT_00479e90 = 0x2323ffffu;
  _DAT_0047a390 = 0x0u;
  _DAT_0047a3be = 0x0u;
  _DAT_0047a3c4 = 0x0u;
  _DAT_0047a408 = 0xcu;
  _DAT_0047a478 = 0x0u;
  _DAT_0047a47c = 0x0u;
  _DAT_0047a480 = 0x0u;
  _DAT_0047a484 = 0x0u;
  _DAT_0047a488 = 0x0u;
  _DAT_0047a490 = 0x0u;
  _DAT_0047a4dc = 0x0u;
  _DAT_0047a51c = 0x320096u;
  _DAT_0047a520 = 0x0u;
  _DAT_0047a538 = 0x320096u;
  _DAT_0047a53c = 0x0u;
  _DAT_0047a5b0 = 0x6432f8u;
  _DAT_0047a5c4 = 0x460096u;
  _DAT_0047a5c8 = 0x0u;
  _DAT_0047a61c = 0x0u;
  _DAT_0047a636 = 0xb4u;
  _DAT_0047a654 = 0x0u;
  _DAT_0047a68c = 0x0u;
  _DAT_0047a6fc = 0x0u;
  _DAT_0047a738 = 0x7u;
  _DAT_0047a778 = 0xffffffffu;
  _DAT_0047aa24 = 0x0u;
  _DAT_0047aa28 = 0x0u;
  _DAT_0047aa2c = 0x1u;
  _DAT_0047d6cc = 0x1u;
  _DAT_0047d72c = 0x0u;
  _DAT_0047d730 = 0x0u;
  _DAT_0047d734 = 0x0u;
  _DAT_0047d748 = 0x0u;
  _DAT_0047d75d = 0x0u;
  _DAT_0047da78 = 0x5f000000u;
  _DAT_004c3ada = 0x8dc35b59u;
  _DAT_0060adfc = 0x0u;
  _DAT_0060ae00 = 0x0u;
  _DAT_0060ae04 = 0x0u;
  _DAT_0060ae08 = 0x0u;
  _DAT_0060ae10 = 0x0u;
  _DAT_0060ae14 = 0x0u;
  _DAT_0060ae18 = 0x0u;
  _DAT_0060ae1c = 0x0u;
  _DAT_0060ae20 = 0x0u;
  _DAT_0060ae24 = 0x0u;
  _DAT_0060ae28 = 0x0u;
  _DAT_0060ae2c = 0x0u;
  _DAT_0060ae30 = 0x0u;
  _DAT_0060ae44 = 0x0u;
  _DAT_0060ae48 = 0x0u;
  _DAT_0060ae4c = 0x0u;
  _DAT_0060ae50 = 0x0u;
  _DAT_0060ae5c = 0x0u;
  _DAT_0060ae60 = 0x0u;
  _DAT_0060ae70 = 0x0u;
  _DAT_0060ae74 = 0x0u;
  _DAT_0060ae78 = 0x0u;
  _DAT_0060ae7c = 0x0u;
  _DAT_0060ae80 = 0x0u;
  _DAT_0060ae84 = 0x0u;
  _DAT_0060ae88 = 0x0u;
  _DAT_0060ae8c = 0x0u;
  _DAT_0060ae90 = 0x0u;
  _DAT_0060ae94 = 0x0u;
  _DAT_0060aeb8 = 0x0u;
  _DAT_0060aebc = 0x0u;
  _DAT_0060aec0 = 0x0u;
  _DAT_0060aec4 = 0x0u;
  _DAT_0060aec8 = 0x0u;
  _DAT_0060aedc = 0x0u;
  _DAT_0060aee0 = 0x0u;
  _DAT_0060aef4 = 0x0u;
  _DAT_0060aef8 = 0x0u;
  _DAT_0060aefc = 0x0u;
  _DAT_0060af00 = 0x0u;
  _DAT_0060af04 = 0x0u;
  _DAT_0060af08 = 0x0u;
  _DAT_0060af0c = 0x0u;
  _DAT_0060af14 = 0x0u;
  _DAT_0060af18 = 0x0u;
  _DAT_0060af1c = 0x0u;
  _DAT_006297e0 = 0x0u;
  _DAT_006297e4 = 0x0u;
  _DAT_006297e8 = 0x0u;
  _DAT_006297ec = 0x0u;
  _DAT_006297f0 = 0x0u;
  _DAT_006297f4 = 0x0u;
  _DAT_006297f8 = 0x0u;
  _DAT_006297fc = 0x0u;
  _DAT_00629800 = 0x0u;
  _DAT_0062ba20 = 0x0u;
  _DAT_0062ba24 = 0x0u;
  _DAT_0062ba2c = 0x0u;
  _DAT_0062ba30 = 0x0u;
  _DAT_00630b60 = 0x0u;
  _DAT_00630b70 = 0x0u;
  _DAT_00630b74 = 0x0u;
  _DAT_00630c60 = 0x0u;
  _DAT_00636150 = 0x0u;
  _DAT_00636154 = 0x0u;
  _DAT_00636158 = 0x0u;
  _DAT_0063615c = 0x0u;
  _DAT_00636160 = 0x0u;
  _DAT_00636164 = 0x0u;
  _DAT_00636568 = 0x0u;
  _DAT_0063656c = 0x0u;
  _DAT_00636570 = 0x0u;
  _DAT_00636574 = 0x0u;
  _DAT_00636578 = 0x0u;
  _DAT_0063657c = 0x0u;
  _DAT_00636588 = 0x0u;
  _DAT_0063658c = 0x0u;
  _DAT_00636598 = 0x0u;
  _DAT_0063659c = 0x0u;
  _DAT_006365a4 = 0x0u;
  _DAT_006365a8 = 0x0u;
  _DAT_006365b4 = 0x0u;
  _DAT_006365c4 = 0x0u;
  _DAT_006365c8 = 0x0u;
  _DAT_006365cc = 0x0u;
  _DAT_006365d0 = 0x0u;
  _DAT_006365d4 = 0x0u;
  _DAT_006365dc = 0x0u;
  _DAT_006365e0 = 0x0u;
  _DAT_006365e4 = 0x0u;
  _DAT_006365e8 = 0x0u;
  _DAT_006365ec = 0x0u;
  _DAT_006365f0 = 0x0u;
  _DAT_006365f4 = 0x0u;
  _DAT_006365f8 = 0x0u;
  _DAT_006365fc = 0x0u;
  _DAT_00636624 = 0x0u;
  _DAT_00636626 = 0x0u;
  _DAT_00636628 = 0x0u;
  _DAT_0063662a = 0x0u;
  _DAT_0063662c = 0x0u;
  _DAT_0063662e = 0x0u;
  _DAT_00636630 = 0x0u;
  _DAT_00636632 = 0x0u;
  _DAT_00636634 = 0x0u;
  _DAT_00636636 = 0x0u;
  _DAT_00636638 = 0x0u;
  _DAT_0063663a = 0x0u;
  _DAT_0063663c = 0x0u;
  _DAT_0063663e = 0x0u;
  _DAT_00636640 = 0x0u;
  _DAT_00636642 = 0x0u;
  _DAT_00636644 = 0x0u;
  _DAT_00636646 = 0x0u;
  _DAT_00636648 = 0x0u;
  _DAT_0063664a = 0x0u;
  _DAT_0063664c = 0x0u;
  _DAT_0063664e = 0x0u;
  _DAT_00636650 = 0x0u;
  _DAT_00636652 = 0x0u;
  _DAT_00636654 = 0x0u;
  _DAT_00636656 = 0x0u;
  _DAT_00636658 = 0x0u;
  _DAT_0063665a = 0x0u;
  _DAT_0063665c = 0x0u;
  _DAT_0063665e = 0x0u;
  _DAT_00636668 = 0x0u;
  _DAT_0063666c = 0x0u;
  _DAT_00636670 = 0x0u;
  _DAT_00636674 = 0x0u;
  _DAT_00636678 = 0x0u;
  _DAT_0063667c = 0x0u;
  _DAT_00636680 = 0x0u;
  _DAT_00636684 = 0x0u;
  _DAT_0063668c = 0x0u;
  _DAT_00636690 = 0x0u;
  _DAT_00636694 = 0x0u;
  _DAT_00636698 = 0x0u;
  _DAT_0063669c = 0x0u;
  _DAT_006366a0 = 0x0u;
  _DAT_006366a4 = 0x0u;
  _DAT_006366ac = 0x0u;
  _DAT_006366ae = 0x0u;
  _DAT_006366b4 = 0x0u;
  _DAT_006366b8 = 0x0u;
  _DAT_006366bc = 0x0u;
  _DAT_006366c0 = 0x0u;
  _DAT_006366dc = 0x0u;
  _DAT_006366de = 0x0u;
  _DAT_006366e0 = 0x0u;
  _DAT_006366e2 = 0x0u;
  _DAT_006366ec = 0x0u;
  _DAT_006366f4 = 0x0u;
  _DAT_00636700 = 0x0u;
  _DAT_00636702 = 0x0u;
  _DAT_00636704 = 0x0u;
  _DAT_00636706 = 0x0u;
  _DAT_00636708 = 0x0u;
  _DAT_0063670a = 0x0u;
  _DAT_0063670c = 0x0u;
  _DAT_0063670e = 0x0u;
  _DAT_00636710 = 0x0u;
  _DAT_00636712 = 0x0u;
  _DAT_00636714 = 0x0u;
  _DAT_00636716 = 0x0u;
  _DAT_00636718 = 0x0u;
  _DAT_0063671a = 0x0u;
  _DAT_0063671c = 0x0u;
  _DAT_0063671e = 0x0u;
  _DAT_00636720 = 0x0u;
  _DAT_00636722 = 0x0u;
  _DAT_00636724 = 0x0u;
  _DAT_00636726 = 0x0u;
  _DAT_00636728 = 0x0u;
  _DAT_0063672a = 0x0u;
  _DAT_0063672c = 0x0u;
  _DAT_0063672e = 0x0u;
  _DAT_00636730 = 0x0u;
  _DAT_00636732 = 0x0u;
  _DAT_00636734 = 0x0u;
  _DAT_00636736 = 0x0u;
  _DAT_00636738 = 0x0u;
  _DAT_0063673a = 0x0u;
  _DAT_0063673c = 0x0u;
  _DAT_0063673e = 0x0u;
  _DAT_00636740 = 0x0u;
  _DAT_00636742 = 0x0u;
  _DAT_00636744 = 0x0u;
  _DAT_00636746 = 0x0u;
  _DAT_00636748 = 0x0u;
  _DAT_0063674e = 0x0u;
  _DAT_00636750 = 0x0u;
  _DAT_00636752 = 0x0u;
  _DAT_00636754 = 0x0u;
  _DAT_00636756 = 0x0u;
  _DAT_00636758 = 0x0u;
  _DAT_0063675a = 0x0u;
  _DAT_0063675c = 0x0u;
  _DAT_0063675e = 0x0u;
  _DAT_00636760 = 0x0u;
  _DAT_00636762 = 0x0u;
  _DAT_00636764 = 0x0u;
  _DAT_00636766 = 0x0u;
  _DAT_0063676a = 0x0u;
  _DAT_0063676c = 0x0u;
  _DAT_0063676e = 0x0u;
  _DAT_00636770 = 0x0u;
  _DAT_00636772 = 0x0u;
  _DAT_00636774 = 0x0u;
  _DAT_00636776 = 0x0u;
  _DAT_00636778 = 0x0u;
  _DAT_0063677a = 0x0u;
  _DAT_0063677c = 0x0u;
  _DAT_0063677e = 0x0u;
  _DAT_00636780 = 0x0u;
  _DAT_00636782 = 0x0u;
  _DAT_00636784 = 0x0u;
  _DAT_00636786 = 0x0u;
  _DAT_00636788 = 0x0u;
  _DAT_0063678a = 0x0u;
  _DAT_0063678c = 0x0u;
  _DAT_0063678e = 0x0u;
  _DAT_00636790 = 0x0u;
  _DAT_00636792 = 0x0u;
  _DAT_00636794 = 0x0u;
  _DAT_00636796 = 0x0u;
  _DAT_00636798 = 0x0u;
  _DAT_0063679a = 0x0u;
  _DAT_0063679c = 0x0u;
  _DAT_0063679e = 0x0u;
  _DAT_006367a0 = 0x0u;
  _DAT_006367a2 = 0x0u;
  _DAT_006367a4 = 0x0u;
  _DAT_006367a6 = 0x0u;
  _DAT_006367a8 = 0x0u;
  _DAT_006367aa = 0x0u;
  _DAT_006367ac = 0x0u;
  _DAT_006367ae = 0x0u;
  _DAT_006367b0 = 0x0u;
  _DAT_006367b2 = 0x0u;
  _DAT_006367b4 = 0x0u;
  _DAT_006367b6 = 0x0u;
  _DAT_006367b8 = 0x0u;
  _DAT_006367ba = 0x0u;
  _DAT_006367bc = 0x0u;
  _DAT_006367be = 0x0u;
  _DAT_006367c0 = 0x0u;
  _DAT_006367c2 = 0x0u;
  _DAT_006367c4 = 0x0u;
  _DAT_006367c6 = 0x0u;
  _DAT_006367c8 = 0x0u;
  _DAT_006367ca = 0x0u;
  _DAT_006367cc = 0x0u;
  _DAT_006367ce = 0x0u;
  _DAT_006367d0 = 0x0u;
  _DAT_006367d2 = 0x0u;
  _DAT_006367d4 = 0x0u;
  _DAT_006367d6 = 0x0u;
  _DAT_006367d8 = 0x0u;
  _DAT_006367da = 0x0u;
  _DAT_006367dc = 0x0u;
  _DAT_006367de = 0x0u;
  _DAT_006367e0 = 0x0u;
  _DAT_006367e2 = 0x0u;
  _DAT_006367e4 = 0x0u;
  _DAT_006367e6 = 0x0u;
  _DAT_006367ec = 0x0u;
  _DAT_006367ee = 0x0u;
  _DAT_006367f0 = 0x0u;
  _DAT_006367f2 = 0x0u;
  _DAT_006367f4 = 0x0u;
  _DAT_006367f6 = 0x0u;
  _DAT_006367f8 = 0x0u;
  _DAT_006367fa = 0x0u;
  _DAT_006367fc = 0x0u;
  _DAT_006367fe = 0x0u;
  _DAT_00636800 = 0x0u;
  _DAT_00636802 = 0x0u;
  _DAT_00636804 = 0x0u;
  _DAT_00636808 = 0x0u;
  _DAT_0063680a = 0x0u;
  _DAT_0063680c = 0x0u;
  _DAT_0063680e = 0x0u;
  _DAT_00636810 = 0x0u;
  _DAT_00636812 = 0x0u;
  _DAT_00636814 = 0x0u;
  _DAT_00636816 = 0x0u;
  _DAT_00636818 = 0x0u;
  _DAT_0063681a = 0x0u;
  _DAT_0063681c = 0x0u;
  _DAT_0063681e = 0x0u;
  _DAT_00636820 = 0x0u;
  _DAT_00636822 = 0x0u;
  _DAT_00636824 = 0x0u;
  _DAT_00636826 = 0x0u;
  _DAT_00636828 = 0x0u;
  _DAT_0063682a = 0x0u;
  _DAT_0063682c = 0x0u;
  _DAT_0063682e = 0x0u;
  _DAT_00636830 = 0x0u;
  _DAT_00636832 = 0x0u;
  _DAT_00636834 = 0x0u;
  _DAT_00636836 = 0x0u;
  _DAT_00636838 = 0x0u;
  _DAT_0063683a = 0x0u;
  _DAT_0063683c = 0x0u;
  _DAT_0063683e = 0x0u;
  _DAT_0063684d = 0x0u;
  _DAT_00636852 = 0x0u;
  _DAT_00636853 = 0x0u;
  _DAT_00636859 = 0x0u;
  _DAT_00636860 = 0x0u;
  _DAT_00636864 = 0x0u;
  _DAT_00636874 = 0x0u;
  _DAT_00636888 = 0x0u;
  _DAT_006368d8 = 0x0u;
  _DAT_00637240 = 0x0u;
  _DAT_00637244 = 0x0u;
  _DAT_00637248 = 0x0u;
  _DAT_0063724c = 0x0u;
  _DAT_00637250 = 0x0u;
  _DAT_00637254 = 0x0u;
  _DAT_00637258 = 0x0u;
  _DAT_0063725c = 0x0u;
  _DAT_00637260 = 0x0u;
  _DAT_00637264 = 0x0u;
  _DAT_00637268 = 0x0u;
  _DAT_0063726c = 0x0u;
  _DAT_00637270 = 0x0u;
  _DAT_006372bc = 0x0u;
  _DAT_006372be = 0x0u;
  _DAT_006372c0 = 0x0u;
  _DAT_006372c2 = 0x0u;
  _DAT_006372c4 = 0x0u;
  _DAT_006372c6 = 0x0u;
  _DAT_006372c8 = 0x0u;
  _DAT_006372ca = 0x0u;
  _DAT_006372cc = 0x0u;
  _DAT_006372ce = 0x0u;
  _DAT_006372d0 = 0x0u;
  _DAT_006372d2 = 0x0u;
  _DAT_006372d4 = 0x0u;
  _DAT_006372d6 = 0x0u;
  _DAT_006372d8 = 0x0u;
  _DAT_006372da = 0x0u;
  _DAT_006372dc = 0x0u;
  _DAT_006372de = 0x0u;
  _DAT_006372e0 = 0x0u;
  _DAT_006372e2 = 0x0u;
  _DAT_006372e4 = 0x0u;
  _DAT_006372e6 = 0x0u;
  _DAT_006372e8 = 0x0u;
  _DAT_006372ea = 0x0u;
  _DAT_00637374 = 0x0u;
  _DAT_00637378 = 0x0u;
  _DAT_0063737c = 0x0u;
  _DAT_00640114 = 0x0u;
  _DAT_00640118 = 0x0u;
  _DAT_00640120 = 0x0u;
  _DAT_00640124 = 0x0u;
  _DAT_0064012c = 0x0u;
  _DAT_00640144 = 0x0u;
  _DAT_0064014c = 0x0u;
  _DAT_00640150 = 0x0u;
  _DAT_00640154 = 0x0u;
  _DAT_00640158 = 0x0u;
  _DAT_0064015c = 0x0u;
  _DAT_00640160 = 0x0u;
  _DAT_00640164 = 0x0u;
  _DAT_00640168 = 0x0u;
  _DAT_0064016c = 0x0u;
  _DAT_00640170 = 0x0u;
  _DAT_00640174 = 0x0u;
  _DAT_00640178 = 0x0u;
  _DAT_0064017c = 0x0u;
  _DAT_00640180 = 0x0u;
  _DAT_00640184 = 0x0u;
  _DAT_00640188 = 0x0u;
  _DAT_0064018c = 0x0u;
  _DAT_00640190 = 0x0u;
  _DAT_00640194 = 0x0u;
  _DAT_00640198 = 0x0u;
  _DAT_0064019c = 0x0u;
  _DAT_006401a0 = 0x0u;
  _DAT_006401a4 = 0x0u;
  _DAT_006401a8 = 0x0u;
  _DAT_006401ac = 0x0u;
  _DAT_006401b0 = 0x0u;
  _DAT_006401b4 = 0x0u;
  _DAT_006401b8 = 0x0u;
  _DAT_006401bc = 0x0u;
  _DAT_006401c0 = 0x0u;
  _DAT_006401c4 = 0x0u;
  _DAT_006401c8 = 0x0u;
  _DAT_006401cc = 0x0u;
  _DAT_006401d0 = 0x0u;
  _DAT_006401d4 = 0x0u;
  _DAT_006401d8 = 0x0u;
  _DAT_006401dc = 0x0u;
  _DAT_006401e0 = 0x0u;
  _DAT_006401e4 = 0x0u;
  _DAT_006401e8 = 0x0u;
  _DAT_006401ec = 0x0u;
  _DAT_006401f0 = 0x0u;
  _DAT_006401f4 = 0x0u;
  _DAT_006401f8 = 0x0u;
  _DAT_006401fc = 0x0u;
  _DAT_00640204 = 0x0u;
  _DAT_00640208 = 0x0u;
  _DAT_0064020c = 0x0u;
  _DAT_006432ec = 0x0u;
  _DAT_00643428 = 0x0u;
  _DAT_0064342c = 0x0u;
  _DAT_00643430 = 0x0u;
  _DAT_00643538 = 0x0u;
  _DAT_0064353c = 0x0u;
  _DAT_00643644 = 0x0u;
  _DAT_00643650 = 0x0u;
  _DAT_00643660 = 0x0u;
  _DAT_00643690 = 0x0u;
  _DAT_00643698 = 0x0u;
  _DAT_006436e8 = 0x0u;
  _DAT_00643768 = 0x0u;
  _DAT_00643880 = 0x0u;
  _DAT_0064389a = 0x0u;
  _DAT_006438a0 = 0x0u;
  _DAT_006438c0 = 0x0u;
  _DAT_00643940 = 0x0u;
  _DAT_00643960 = 0x0u;
  _DAT_006439a0 = 0x0u;
  _DAT_00643a00 = 0x0u;
  _DAT_00643a20 = 0x0u;
  _DAT_00643a5e = 0x0u;
  _DAT_00643a7c = 0x0u;
  _DAT_00643a9a = 0x0u;
  _DAT_00643ab8 = 0x0u;
  _DAT_00643b20 = 0x0u;
  _DAT_00643cb6 = 0x0u;
  _DAT_00643e14 = 0x0u;
  _DAT_006443d0 = 0x0u;
  _DAT_006443d2 = 0x0u;
  _DAT_006443d4 = 0x0u;
  _DAT_0067b818 = 0x0u;
  _DAT_0067b81c = 0x0u;
  _DAT_0067b820 = 0x0u;
  _DAT_0067b824 = 0x0u;
  _DAT_0067b82c = 0x0u;
  _DAT_0067b830 = 0x0u;
  _DAT_0067b838 = 0x0u;
  _DAT_0067bc92 = 0x0u;
  _DAT_0067bc94 = 0x0u;
  _DAT_0067bc98 = 0x0u;
  _DAT_0067bc9c = 0x0u;
  _DAT_0067bcdc = 0x0u;
  _DAT_0067bcde = 0x0u;
  _DAT_0067bce0 = 0x0u;
  _DAT_0067bce2 = 0x0u;
  _DAT_0067bce4 = 0x0u;
  _DAT_0067bce6 = 0x0u;
  _DAT_0067bce8 = 0x0u;
  _DAT_0067bcea = 0x0u;
  _DAT_0067c100 = 0x0u;
  _DAT_0067c104 = 0x0u;
  _DAT_0067c108 = 0x0u;
  _DAT_0067c10c = 0x0u;
  _DAT_0067c110 = 0x0u;
  _DAT_0067c114 = 0x0u;
  _DAT_0067c118 = 0x0u;
  _DAT_0067c11c = 0x0u;
  _DAT_0067c120 = 0x0u;
  _DAT_0067c124 = 0x0u;
  _DAT_0067c128 = 0x0u;
  _DAT_0067c12c = 0x0u;
  _DAT_0067c134 = 0x0u;
  _DAT_0067c138 = 0x0u;
  _DAT_0067c13c = 0x0u;
  _DAT_0067c140 = 0x0u;
  _DAT_0067c144 = 0x0u;
  _DAT_0067c148 = 0x0u;
  _DAT_0067c14c = 0x0u;
  _DAT_0067c150 = 0x0u;
  _DAT_0067c154 = 0x0u;
  _DAT_0067c158 = 0x0u;
  _DAT_0067c15c = 0x0u;
  _DAT_0067c160 = 0x0u;
  _DAT_0067c164 = 0x0u;
  _DAT_0067c168 = 0x0u;
  _DAT_0067c16c = 0x0u;
  _DAT_0067c170 = 0x0u;
  _DAT_0067c174 = 0x0u;
  _DAT_0067c178 = 0x0u;
  _DAT_0067c17c = 0x0u;
  _DAT_0067c180 = 0x0u;
  _DAT_0067c184 = 0x0u;
  _DAT_0067c188 = 0x0u;
  _DAT_0067c18c = 0x0u;
  _DAT_0067c190 = 0x0u;
  _DAT_0067c194 = 0x0u;
  _DAT_0067c198 = 0x0u;
  _DAT_0067c19c = 0x0u;
  _DAT_0067c1a0 = 0x0u;
  _DAT_0067c1a4 = 0x0u;
  _DAT_0067c1a8 = 0x0u;
  _DAT_0067c1ac = 0x0u;
  _DAT_0067c2b0 = 0x0u;
  _DAT_0067c2b4 = 0x0u;
  _DAT_0067c2b8 = 0x0u;
  _DAT_0067c2bc = 0x0u;
  _DAT_0067c2c0 = 0x0u;
  _DAT_0067c2c4 = 0x0u;
  _DAT_0067c2c8 = 0x0u;
  _DAT_0067c2cc = 0x0u;
  _DAT_0067c2d0 = 0x0u;
  _DAT_0067c2d4 = 0x0u;
  _DAT_0067c2d8 = 0x0u;
  _DAT_0067c2dc = 0x0u;
  _DAT_0067c2e0 = 0x0u;
  _DAT_0067c2e4 = 0x0u;
  _DAT_0067c2e8 = 0x0u;
  _DAT_0067c2ec = 0x0u;
  _DAT_0067c2f0 = 0x0u;
  _DAT_0067c2f4 = 0x0u;
  _DAT_0067c2f8 = 0x0u;
  _DAT_0067c2fc = 0x0u;
  _DAT_0067c300 = 0x0u;
  _DAT_0067c304 = 0x0u;
  _DAT_0067c308 = 0x0u;
  _DAT_0067c30c = 0x0u;
  _DAT_0067c310 = 0x0u;
  _DAT_0067c314 = 0x0u;
  _DAT_0067c318 = 0x0u;
  _DAT_0067c31c = 0x0u;
  _DAT_0067c320 = 0x0u;
  _DAT_0067c324 = 0x0u;
  _DAT_0067c728 = 0x0u;
  _DAT_0067c72a = 0x0u;
  _DAT_0067c72c = 0x0u;
  _DAT_0067c72e = 0x0u;
  _DAT_0067c730 = 0x0u;
  _DAT_0067c732 = 0x0u;
  _DAT_0067c734 = 0x0u;
  _DAT_0073cc30 = 0x0u;
  _DAT_0073cc3c = 0x0u;
  _DAT_0073ccb6 = 0x0u;
  _DAT_0073ccb8 = 0x0u;
  _DAT_0073ccba = 0x0u;
  _DAT_0073ccc2 = 0x0u;
  _DAT_00838bfe = 0x0u;
  _DAT_0084b34e = 0x0u;
  _DAT_0086917a = 0x0u;
  _DAT_009373dc = 0x0u;
  _DAT_0093bd66 = 0x0u;
  _DAT_00950d40 = 0x0u;
  _DAT_00aba392 = 0x0u;
  _DAT_00ac2648 = 0x0u;
  _DAT_00ac4a54 = 0x0u;
  _DAT_00ac4a58 = 0x0u;
  _DAT_00ac4a64 = 0x0u;
  _DAT_00ac4ae4 = 0x0u;
  _DAT_00ac4ae8 = 0x0u;
  _DAT_00ac4af0 = 0x0u;
  _DAT_00ac4d90 = 0x0u;
  _DAT_00ac4da8 = 0x0u;
  _DAT_00ac4dac = 0x0u;
  _DAT_00ac4db0 = 0x0u;
  _DAT_00ac4e20 = 0x0u;
  _DAT_00ac4e28 = 0x0u;
  _DAT_00ac4e48 = 0x0u;
  _DAT_00ac4e4c = 0x0u;
  _DAT_00ac4eb8 = 0x0u;
  _DAT_00ac4fc4 = 0x0u;
  _DAT_00ac4fd8 = 0x0u;
  _DAT_00ac51dc = 0x0u;
  _DAT_00ac51e8 = 0x0u;
  _DAT_00ac51ec = 0x0u;
  _DAT_00ac51f0 = 0x0u;
  _DAT_00ac51f4 = 0x0u;
  _DAT_00ac51f8 = 0x0u;
  _DAT_00ac51fc = 0x0u;
  _DAT_00ac5200 = 0x0u;
  _DAT_00ac5204 = 0x0u;
  _DAT_00ac5208 = 0x0u;
  _DAT_00ac520c = 0x0u;
  _DAT_00ac5214 = 0x0u;
  _DAT_00ac5218 = 0x0u;
  _DAT_00ac5230 = 0x0u;
  _DAT_00ac5234 = 0x0u;
  _DAT_00ac5380 = 0x0u;
  iRam0045cf58 = 0x0u;
  iRam0045cf65 = 0x0u;
  iRam0045cf73 = 0x0u;
  iRam0045cf9c = 0x0u;
  iRam0045d12d = 0x0u;
  iRam0045d170 = 0x0u;
  iRam0045d2eb = 0x0u;
  iRam0045d31e = 0x0u;
  iRam0045d32c = 0x0u;
  iRam0045d346 = 0x0u;
  iRam0045d4a1 = 0x0u;
  iRam0045d4d4 = 0x0u;
  iRam0045d4ee = 0x0u;
  iRam0045d617 = 0x0u;
  iRam0045d633 = 0x0u;
  iRam0045d64d = 0x0u;
  iRam0045d758 = 0x0u;
  iRam0045d785 = 0x0u;
  iRam0045d797 = 0x0u;
  iRam0045d7b2 = 0x0u;
  iRam0045d7e3 = 0x0u;
  iRam0045d810 = 0x0u;
  iRam0045d82b = 0x0u;
  iRam0045d858 = 0x0u;
  iRam0045d873 = 0x0u;
  iRam0045d88e = 0x0u;
  iRam0045dabb = 0x0u;
  iRam0045dac0 = 0x0u;
  iRam0045db00 = 0x0u;
  iRam0045db06 = 0x0u;
  iRam0045db0c = 0x0u;
  iRam0045db2c = 0x0u;
  iRam0045db31 = 0x0u;
  iRam0045db99 = 0x0u;
  iRam0045db9f = 0x0u;
  iRam0045dba5 = 0x0u;
  iRam0045dbbc = 0x0u;
  iRam0045dbc1 = 0x0u;
  iRam0045dc04 = 0x0u;
  iRam0045dc0a = 0x0u;
  iRam0045dc10 = 0x0u;
  puRam0045cf81 = 0x0u;
  puRam0045d156 = 0x0u;
  sRam0047a380 = 0x10032u;
  uRam0045cf87 = 0x0u;
  uRam0045cf96 = 0x0u;
  uRam0045d13a = 0x0u;
  uRam0045d148 = 0x0u;
  uRam0045d15e = 0x0u;
  uRam0045d16a = 0x0u;
  uRam0045d2f9 = 0x0u;
  uRam0045d30f = 0x0u;
  uRam0045d334 = 0x0u;
  uRam0045d340 = 0x0u;
  uRam0045d4af = 0x0u;
  uRam0045d4c5 = 0x0u;
  uRam0045d4dc = 0x0u;
  uRam0045d4e8 = 0x0u;
  uRam0045d624 = 0x0u;
  uRam0045d63b = 0x0u;
  uRam0045d647 = 0x0u;
  uRam0045d77f = 0x0u;
  uRam0045d791 = 0x0u;
  uRam0045d79d = 0x0u;
  uRam0045d7ac = 0x0u;
  uRam0045d80a = 0x0u;
  uRam0045d816 = 0x0u;
  uRam0045d825 = 0x0u;
  uRam0045d86d = 0x0u;
  uRam0045d879 = 0x0u;
  uRam0045d888 = 0x0u;
  uRam0045d93f = 0x0u;
  uRam0045daed = 0x0u;
  uRam0045db5e = 0x0u;
  uRam0045dbee = 0x0u;
  uRam0045dbf8 = 0x0u;
  uRam004c3ad9 = 0xc35b595au;
  uRam004c3adc = 0x408dc3u;
  uRam005fe990 = 0x0u;
}
